model,eps,seed,N,n_clusters,n_eff,largest_frac,steps
Hegselmann-Krause,0.01,0,400,35,26.854649211144675,0.0725,10
Deffuant,0.01,0,400,54,40.4040404040404,0.0475,4000
Hegselmann-Krause,0.01,1,400,36,29.101491451436882,0.0625,10
Deffuant,0.01,1,400,53,40.69175991861648,0.05,4300
Hegselmann-Krause,0.01,2,400,38,31.96164602477027,0.0575,11
Deffuant,0.01,2,400,51,40.753948038716246,0.04,4000
Hegselmann-Krause,0.01,3,400,35,27.5671950379049,0.075,11
Deffuant,0.01,3,400,51,39.50617283950616,0.05,5300
Hegselmann-Krause,0.01,4,400,35,28.278543655001762,0.0625,10
Deffuant,0.01,4,400,53,38.36930455635491,0.0475,4100
Hegselmann-Krause,0.01,5,400,38,30.09781790820166,0.06,9
Deffuant,0.01,5,400,54,40.12036108324974,0.0425,5100
Hegselmann-Krause,0.01,6,400,40,30.98373353989156,0.0625,9
Deffuant,0.01,6,400,51,38.48003848003848,0.0525,3800
Hegselmann-Krause,0.01,7,400,37,32.48071457572066,0.045,7
Deffuant,0.01,7,400,50,40.0,0.045,3800
Hegselmann-Krause,0.01,8,400,36,26.908846283215617,0.0725,9
Deffuant,0.01,8,400,54,37.98670465337131,0.0525,3800
Hegselmann-Krause,0.01,9,400,37,29.18642831083546,0.06,11
Deffuant,0.01,9,400,52,39.74167908594137,0.0475,4400
Hegselmann-Krause,0.01,10,400,38,29.261155815654714,0.06,8
Deffuant,0.01,10,400,49,38.87269193391642,0.0425,4900
Hegselmann-Krause,0.01,11,400,37,30.745580322828587,0.05,9
Deffuant,0.01,11,400,53,39.761431411530815,0.045,4100
Hegselmann-Krause,0.01,12,400,36,29.080334423845873,0.0625,10
Deffuant,0.01,12,400,52,37.78932451582427,0.05,4300
Hegselmann-Krause,0.01,13,400,36,29.197080291970796,0.0725,8
Deffuant,0.01,13,400,49,36.546368204659665,0.055,5800
Hegselmann-Krause,0.01,14,400,36,28.725314183123874,0.0675,8
Deffuant,0.01,14,400,52,38.04089396100808,0.0575,4200
Hegselmann-Krause,0.01,15,400,37,30.876109610189115,0.055,11
Deffuant,0.01,15,400,49,40.20100502512562,0.04,3900
Hegselmann-Krause,0.01,16,400,42,35.57136505113383,0.045,10
Deffuant,0.01,16,400,55,43.859649122807014,0.0375,4200
Hegselmann-Krause,0.01,17,400,37,31.683168316831676,0.055,9
Deffuant,0.01,17,400,54,41.067761806981515,0.0475,4500
Hegselmann-Krause,0.01,18,400,41,30.840400925212027,0.07,10
Deffuant,0.01,18,400,53,41.237113402061844,0.045,4200
Hegselmann-Krause,0.01,19,400,40,33.04419661296985,0.045,12
Deffuant,0.01,19,400,55,44.22332780541734,0.0425,3500
Hegselmann-Krause,0.01,20,400,39,30.28009084027252,0.06,10
Deffuant,0.01,20,400,52,39.42828979793001,0.0475,4300
Hegselmann-Krause,0.01,21,400,38,32.37555645487657,0.05,7
Deffuant,0.01,21,400,52,42.23864836325237,0.0375,3800
Hegselmann-Krause,0.01,22,400,37,30.131826741996232,0.0525,9
Deffuant,0.01,22,400,49,35.746201966041106,0.0575,3600
Hegselmann-Krause,0.01,23,400,38,30.828516377649326,0.055,10
Deffuant,0.01,23,400,52,39.25417075564278,0.0425,4200
Hegselmann-Krause,0.01,24,400,35,27.46309646412633,0.06,12
Deffuant,0.01,24,400,52,39.54522985664854,0.045,3800
Hegselmann-Krause,0.01,25,400,36,31.5955766192733,0.05,10
Deffuant,0.01,25,400,53,40.26170105686965,0.04,4200
Hegselmann-Krause,0.01,26,400,39,29.186428310835453,0.07,11
Deffuant,0.01,26,400,51,39.2349190779794,0.0475,4800
Hegselmann-Krause,0.01,27,400,34,29.314767314034448,0.0675,9
Deffuant,0.01,27,400,55,41.710114702815424,0.0425,4400
Hegselmann-Krause,0.01,28,400,42,32.69309358398038,0.055,10
Deffuant,0.01,28,400,52,40.4040404040404,0.045,4100
Hegselmann-Krause,0.01,29,400,41,35.587188612099645,0.05,11
Deffuant,0.01,29,400,52,41.42931123770067,0.045,4100
Hegselmann-Krause,0.02,0,400,19,15.757337010045301,0.1,9
Deffuant,0.02,0,400,27,20.78461938165757,0.09,3200
Hegselmann-Krause,0.02,1,400,17,15.38757453356415,0.095,10
Deffuant,0.02,1,400,27,18.621973929236496,0.0825,3800
Hegselmann-Krause,0.02,2,400,21,17.26370306430729,0.085,10
Deffuant,0.02,2,400,25,19.90049751243781,0.085,2300
Hegselmann-Krause,0.02,3,400,18,15.628052353975384,0.105,13
Deffuant,0.02,3,400,25,20.53388090349076,0.0875,3100
Hegselmann-Krause,0.02,4,400,17,15.414258188824663,0.095,10
Deffuant,0.02,4,400,25,21.459227467811157,0.0675,3700
Hegselmann-Krause,0.02,5,400,20,17.597888253409593,0.0775,14
Deffuant,0.02,5,400,26,21.30492676431425,0.0775,2400
Hegselmann-Krause,0.02,6,400,20,15.876165905933716,0.1025,9
Deffuant,0.02,6,400,27,18.424689083371717,0.1175,3900
Hegselmann-Krause,0.02,7,400,18,15.240998285387692,0.1075,11
Deffuant,0.02,7,400,25,19.598236158745713,0.0925,2600
Hegselmann-Krause,0.02,8,400,18,15.360983102918585,0.115,9
Deffuant,0.02,8,400,25,19.445794846864366,0.0775,3000
Hegselmann-Krause,0.02,9,400,19,16.25685836212152,0.095,9
Deffuant,0.02,9,400,27,21.265284423179157,0.0725,2900
Hegselmann-Krause,0.02,10,400,20,17.141632740518535,0.0875,11
Deffuant,0.02,10,400,26,20.24291497975708,0.0775,3200
Hegselmann-Krause,0.02,11,400,18,15.625,0.085,8
Deffuant,0.02,11,400,28,20.931449502878074,0.0725,3400
Hegselmann-Krause,0.02,12,400,18,14.78469783773794,0.1075,11
Deffuant,0.02,12,400,26,20.920502092050206,0.0825,3600
Hegselmann-Krause,0.02,13,400,20,16.97792869269949,0.0925,11
Deffuant,0.02,13,400,25,20.090406830738324,0.075,3000
Hegselmann-Krause,0.02,14,400,18,17.222820236813778,0.08,9
Deffuant,0.02,14,400,26,19.32367149758454,0.0725,2900
Hegselmann-Krause,0.02,15,400,21,19.502681618722573,0.0725,9
Deffuant,0.02,15,400,25,21.282255919127426,0.0775,2600
Hegselmann-Krause,0.02,16,400,17,15.18602885345482,0.105,10
Deffuant,0.02,16,400,26,20.560267283474683,0.085,2700
Hegselmann-Krause,0.02,17,400,18,15.197568389057752,0.1,11
Deffuant,0.02,17,400,24,20.449897750511248,0.075,2700
Hegselmann-Krause,0.02,18,400,20,17.532325224632917,0.0925,11
Deffuant,0.02,18,400,27,22.093344380005526,0.07,2800
Hegselmann-Krause,0.02,19,400,19,16.306563391765184,0.1125,11
Deffuant,0.02,19,400,24,20.790020790020787,0.065,3200
Hegselmann-Krause,0.02,20,400,22,18.306636155606405,0.08,7
Deffuant,0.02,20,400,24,20.050125313283207,0.08,3600
Hegselmann-Krause,0.02,21,400,17,14.689680499449135,0.095,8
Deffuant,0.02,21,400,23,18.69158878504673,0.0825,2800
Hegselmann-Krause,0.02,22,400,19,15.49186676994578,0.11,10
Deffuant,0.02,22,400,23,17.877094972067038,0.0975,4200
Hegselmann-Krause,0.02,23,400,21,16.556291390728475,0.1125,11
Deffuant,0.02,23,400,24,17.734426956328974,0.1,2800
Hegselmann-Krause,0.02,24,400,19,14.803849000740193,0.1075,8
Deffuant,0.02,24,400,26,19.641541861036096,0.1025,3500
Hegselmann-Krause,0.02,25,400,19,17.167381974248926,0.0975,11
Deffuant,0.02,25,400,25,20.253164556962023,0.0725,2400
Hegselmann-Krause,0.02,26,400,18,13.328890369876707,0.1175,13
Deffuant,0.02,26,400,27,20.356234096692113,0.075,3100
Hegselmann-Krause,0.02,27,400,20,18.022077044379365,0.0925,7
Deffuant,0.02,27,400,29,21.768707482993193,0.075,2800
Hegselmann-Krause,0.02,28,400,18,15.174506828528072,0.1225,11
Deffuant,0.02,28,400,28,19.71414489896501,0.09,4300
Hegselmann-Krause,0.02,29,400,21,18.12415043044857,0.085,12
Deffuant,0.02,29,400,28,21.333333333333332,0.0725,2800
Hegselmann-Krause,0.03,0,400,12,11.054304269725025,0.14,17
Deffuant,0.03,0,400,16,12.529365700861392,0.1075,2000
Hegselmann-Krause,0.03,1,400,12,11.350737797956866,0.11,8
Deffuant,0.03,1,400,20,14.217167229429533,0.1,3400
Hegselmann-Krause,0.03,2,400,12,11.456394099957038,0.1175,13
Deffuant,0.03,2,400,18,15.316867700555237,0.0925,1800
Hegselmann-Krause,0.03,3,400,13,10.527701013291225,0.12,10
Deffuant,0.03,3,400,16,13.010245568385104,0.12,3600
Hegselmann-Krause,0.03,4,400,12,10.998075336816056,0.1175,10
Deffuant,0.03,4,400,17,12.926159314913557,0.11,2000
Hegselmann-Krause,0.03,5,400,12,10.055304172951232,0.13,8
Deffuant,0.03,5,400,17,13.506668917778155,0.105,2500
Hegselmann-Krause,0.03,6,400,14,11.318619128466327,0.1325,11
Deffuant,0.03,6,400,17,12.917810431131924,0.1225,4000
Hegselmann-Krause,0.03,7,400,12,9.912030727295253,0.16,13
Deffuant,0.03,7,400,16,13.529511246406223,0.11,2000
Hegselmann-Krause,0.03,8,400,15,10.301313417460726,0.16,8
Deffuant,0.03,8,400,18,13.78359751895245,0.1125,3200
Hegselmann-Krause,0.03,9,400,13,9.926789924308228,0.1775,7
Deffuant,0.03,9,400,16,11.352348517099475,0.1525,3400
Hegselmann-Krause,0.03,10,400,14,10.887316276537835,0.1325,8
Deffuant,0.03,10,400,18,13.708019191226867,0.095,2000
Hegselmann-Krause,0.03,11,400,14,11.673719538888077,0.1475,9
Deffuant,0.03,11,400,17,14.463930573133249,0.1,2100
Hegselmann-Krause,0.03,12,400,13,10.509721492380452,0.1525,9
Deffuant,0.03,12,400,17,14.62522851919561,0.1025,2300
Hegselmann-Krause,0.03,13,400,14,11.660107855997667,0.12,7
Deffuant,0.03,13,400,19,15.278838808250574,0.1,3500
Hegselmann-Krause,0.03,14,400,13,11.32663174288546,0.115,8
Deffuant,0.03,14,400,16,13.70097619455386,0.095,2600
Hegselmann-Krause,0.03,15,400,11,10.209290454313424,0.1275,13
Deffuant,0.03,15,400,17,15.473887814313345,0.0875,2300
Hegselmann-Krause,0.03,16,400,12,9.91448754492502,0.15,11
Deffuant,0.03,16,400,17,13.733905579399142,0.1075,2400
Hegselmann-Krause,0.03,17,400,14,12.472715933894607,0.1025,10
Deffuant,0.03,17,400,17,13.247226361980461,0.11,2100
Hegselmann-Krause,0.03,18,400,11,9.46857616285951,0.15,22
Deffuant,0.03,18,400,16,15.154385300246258,0.0975,2000
Hegselmann-Krause,0.03,19,400,13,10.829836198727493,0.155,9
Deffuant,0.03,19,400,16,12.507817385866167,0.1375,2100
Hegselmann-Krause,0.03,20,400,13,11.103400416377516,0.1325,8
Deffuant,0.03,20,400,18,14.099400775467043,0.105,3300
Hegselmann-Krause,0.03,21,400,12,10.924484500887614,0.1375,8
Deffuant,0.03,21,400,18,13.92515230635335,0.1,1700
Hegselmann-Krause,0.03,22,400,14,11.140509678317784,0.1625,8
Deffuant,0.03,22,400,17,14.27551748750892,0.115,2400
Hegselmann-Krause,0.03,23,400,14,11.250175783996626,0.1225,8
Deffuant,0.03,23,400,18,14.089468122578374,0.11,2400
Hegselmann-Krause,0.03,24,400,14,10.458883514184858,0.145,10
Deffuant,0.03,24,400,18,12.480499219968799,0.1275,2500
Hegselmann-Krause,0.03,25,400,12,11.505824823817058,0.11,8
Deffuant,0.03,25,400,18,13.949433304272011,0.1125,2100
Hegselmann-Krause,0.03,26,400,11,9.672349171805102,0.1375,11
Deffuant,0.03,26,400,19,15.649452269170576,0.09,2400
Hegselmann-Krause,0.03,27,400,12,10.809350087825969,0.135,10
Deffuant,0.03,27,400,19,15.273004963726612,0.1,2600
Hegselmann-Krause,0.03,28,400,14,11.497556769186547,0.125,12
Deffuant,0.03,28,400,18,15.744932099980316,0.0975,3200
Hegselmann-Krause,0.03,29,400,13,10.937927262783703,0.1475,11
Deffuant,0.03,29,400,16,14.08450704225352,0.1,1900
Hegselmann-Krause,0.04,0,400,9,8.404244143292363,0.1575,7
Deffuant,0.04,0,400,12,9.640877319836106,0.1475,3200
Hegselmann-Krause,0.04,1,400,11,9.493295360151892,0.1875,9
Deffuant,0.04,1,400,13,11.762976032936333,0.13,3200
Hegselmann-Krause,0.04,2,400,9,7.457121551081281,0.18,10
Deffuant,0.04,2,400,13,11.13895850737956,0.12,1600
Hegselmann-Krause,0.04,3,400,10,9.177469312836983,0.16,7
Deffuant,0.04,3,400,13,9.515879624122755,0.15,1600
Hegselmann-Krause,0.04,4,400,10,8.995839424266277,0.1625,8
Deffuant,0.04,4,400,12,11.0803324099723,0.1225,1800
Hegselmann-Krause,0.04,5,400,9,8.576329331046312,0.145,7
Deffuant,0.04,5,400,12,9.95891945723889,0.14,1900
Hegselmann-Krause,0.04,6,400,10,6.99912510936133,0.2375,10
Deffuant,0.04,6,400,14,10.505581089954036,0.1325,3600
Hegselmann-Krause,0.04,7,400,10,9.58428177788427,0.1475,10
Deffuant,0.04,7,400,14,9.660669001328344,0.16,1300
Hegselmann-Krause,0.04,8,400,9,7.677543186180424,0.1775,8
Deffuant,0.04,8,400,13,10.690899371909662,0.1275,1400
Hegselmann-Krause,0.04,9,400,10,7.619773311743975,0.18,22
Deffuant,0.04,9,400,15,9.487666034155597,0.1675,1600
Hegselmann-Krause,0.04,10,400,11,9.567089213106911,0.135,17
Deffuant,0.04,10,400,13,11.269192844062545,0.12,2100
Hegselmann-Krause,0.04,11,400,10,8.323795650816772,0.185,8
Deffuant,0.04,11,400,13,10.526315789473683,0.1625,3300
Hegselmann-Krause,0.04,12,400,9,8.205969843060826,0.1525,9
Deffuant,0.04,12,400,13,9.3622001170275,0.145,1500
Hegselmann-Krause,0.04,13,400,11,9.455147145727455,0.175,8
Deffuant,0.04,13,400,13,10.68090787716956,0.14,2200
Hegselmann-Krause,0.04,14,400,10,8.48356309650053,0.17,9
Deffuant,0.04,14,400,12,10.111223458038422,0.1425,1800
Hegselmann-Krause,0.04,15,400,10,9.308820107051432,0.1425,10
Deffuant,0.04,15,400,13,11.060417530761788,0.1325,3400
Hegselmann-Krause,0.04,16,400,9,8.223684210526315,0.175,8
Deffuant,0.04,16,400,11,10.239344681940356,0.135,1300
Hegselmann-Krause,0.04,17,400,12,8.985735145456587,0.185,13
Deffuant,0.04,17,400,13,10.859237138591014,0.125,1900
Hegselmann-Krause,0.04,18,400,10,8.274720728175424,0.1525,9
Deffuant,0.04,18,400,13,11.235955056179774,0.1225,1700
Hegselmann-Krause,0.04,19,400,10,7.268762493185535,0.195,20
Deffuant,0.04,19,400,13,10.303967027305513,0.1275,1900
Hegselmann-Krause,0.04,20,400,11,7.562151432082427,0.1875,9
Deffuant,0.04,20,400,14,10.226255912054198,0.125,1400
Hegselmann-Krause,0.04,21,400,9,8.046670690002012,0.165,8
Deffuant,0.04,21,400,12,9.745401388719698,0.1625,1800
Hegselmann-Krause,0.04,22,400,9,7.367839381101493,0.22,15
Deffuant,0.04,22,400,12,10.389610389610391,0.1375,2700
Hegselmann-Krause,0.04,23,400,12,9.47193937958797,0.1275,8
Deffuant,0.04,23,400,14,10.648209769732464,0.125,1900
Hegselmann-Krause,0.04,24,400,11,7.858546168958743,0.205,8
Deffuant,0.04,24,400,15,9.410657569697682,0.17,3400
Hegselmann-Krause,0.04,25,400,9,7.8354554358472095,0.185,9
Deffuant,0.04,25,400,13,11.048197762739953,0.1425,1300
Hegselmann-Krause,0.04,26,400,10,9.590026372572524,0.1375,8
Deffuant,0.04,26,400,12,9.576250897773521,0.155,2900
Hegselmann-Krause,0.04,27,400,10,9.009009009009008,0.16,7
Deffuant,0.04,27,400,12,11.103400416377514,0.1125,1500
Hegselmann-Krause,0.04,28,400,10,9.211283822682786,0.145,9
Deffuant,0.04,28,400,11,10.052777079668257,0.1625,1400
Hegselmann-Krause,0.04,29,400,11,10.227563283047814,0.145,9
Deffuant,0.04,29,400,14,10.91405184174625,0.13,1900
Hegselmann-Krause,0.05,0,400,8,7.626310772163966,0.16,7
Deffuant,0.05,0,400,12,7.760209525657193,0.1675,1100
Hegselmann-Krause,0.05,1,400,9,6.304176516942474,0.2425,14
Deffuant,0.05,1,400,10,8.542445274959956,0.195,1400
Hegselmann-Krause,0.05,2,400,8,5.964807634953773,0.1875,16
Deffuant,0.05,2,400,11,8.918617614269786,0.1475,2200
Hegselmann-Krause,0.05,3,400,9,7.582219694815658,0.2,20
Deffuant,0.05,3,400,10,8.774816277284193,0.1525,2700
Hegselmann-Krause,0.05,4,400,9,7.502579011535215,0.2025,8
Deffuant,0.05,4,400,11,9.43284989977597,0.1475,1100
Hegselmann-Krause,0.05,5,400,7,6.166178510867891,0.2625,9
Deffuant,0.05,5,400,10,8.08244089715094,0.18,1500
Hegselmann-Krause,0.05,6,400,8,6.374501992031873,0.235,8
Deffuant,0.05,6,400,11,8.578168561012225,0.165,2200
Hegselmann-Krause,0.05,7,400,7,6.129328838492185,0.2325,10
Deffuant,0.05,7,400,9,8.195881569511322,0.1875,1000
Hegselmann-Krause,0.05,8,400,8,7.320644216691069,0.1875,7
Deffuant,0.05,8,400,13,8.042625917362017,0.1625,3200
Hegselmann-Krause,0.05,9,400,9,7.479431563201196,0.1875,7
Deffuant,0.05,9,400,10,8.558895902428588,0.1825,1100
Hegselmann-Krause,0.05,10,400,8,7.53012048192771,0.1875,8
Deffuant,0.05,10,400,10,8.627197239296883,0.15,3100
Hegselmann-Krause,0.05,11,400,8,7.074637424831977,0.1925,8
Deffuant,0.05,11,400,11,8.742213965686812,0.16,2500
Hegselmann-Krause,0.05,12,400,8,6.45421540943929,0.2025,10
Deffuant,0.05,12,400,10,7.35361706039158,0.19,1200
Hegselmann-Krause,0.05,13,400,9,7.637231503579952,0.1725,8
Deffuant,0.05,13,400,12,9.23894214112484,0.1475,1500
Hegselmann-Krause,0.05,14,400,7,5.951052592427286,0.26,12
Deffuant,0.05,14,400,11,9.718172983479105,0.1275,1400
Hegselmann-Krause,0.05,15,400,7,6.596306068601582,0.2025,8
Deffuant,0.05,15,400,9,7.666506947771922,0.18,1900
Hegselmann-Krause,0.05,16,400,9,7.733204446592557,0.1625,8
Deffuant,0.05,16,400,9,7.679754247864068,0.1925,900
Hegselmann-Krause,0.05,17,400,7,6.642863073984888,0.18,9
Deffuant,0.05,17,400,11,7.97686708545219,0.1625,3200
Hegselmann-Krause,0.05,18,400,8,7.114273010226766,0.17,10
Deffuant,0.05,18,400,10,8.711749972775781,0.1575,1700
Hegselmann-Krause,0.05,19,400,7,6.31911532385466,0.2175,9
Deffuant,0.05,19,400,10,8.03939302582655,0.1775,3200
Hegselmann-Krause,0.05,20,400,8,7.393032067276591,0.195,7
Deffuant,0.05,20,400,10,7.500468779298706,0.1825,900
Hegselmann-Krause,0.05,21,400,8,7.599506032107912,0.1625,7
Deffuant,0.05,21,400,10,8.429926238145416,0.1475,1900
Hegselmann-Krause,0.05,22,400,5,4.760204688801618,0.27,10
Deffuant,0.05,22,400,11,7.820136852394918,0.1675,2000
Hegselmann-Krause,0.05,23,400,8,7.039155301363836,0.2175,10
Deffuant,0.05,23,400,11,9.398496240601503,0.135,1600
Hegselmann-Krause,0.05,24,400,9,6.658897952388879,0.225,7
Deffuant,0.05,24,400,11,7.677543186180422,0.18,2300
Hegselmann-Krause,0.05,25,400,7,6.335128286347799,0.2325,9
Deffuant,0.05,25,400,10,8.593833924159416,0.1475,1200
Hegselmann-Krause,0.05,26,400,8,7.340796476417692,0.18,11
Deffuant,0.05,26,400,12,8.689984792526614,0.165,1100
Hegselmann-Krause,0.05,27,400,7,6.234413965087281,0.2025,10
Deffuant,0.05,27,400,11,9.513616363420144,0.15,2900
Hegselmann-Krause,0.05,28,400,8,7.22608617107759,0.1925,9
Deffuant,0.05,28,400,9,8.267024904412525,0.1825,1100
Hegselmann-Krause,0.05,29,400,8,7.078393204742524,0.2125,10
Deffuant,0.05,29,400,9,7.49063670411985,0.18,1400
Hegselmann-Krause,0.06,0,400,7,6.505651784988207,0.22,8
Deffuant,0.06,0,400,8,7.00096263236195,0.195,2500
Hegselmann-Krause,0.06,1,400,7,4.982871379632513,0.2925,9
Deffuant,0.06,1,400,8,6.799252082270949,0.2,1000
Hegselmann-Krause,0.06,2,400,6,5.911038865080538,0.1875,9
Deffuant,0.06,2,400,10,6.30070095298102,0.1875,2900
Hegselmann-Krause,0.06,3,400,5,4.9115913555992154,0.2425,12
Deffuant,0.06,3,400,10,7.2727272727272725,0.1725,4300
Hegselmann-Krause,0.06,4,400,8,5.919348871624121,0.22,10
Deffuant,0.06,4,400,8,7.002801120448178,0.1925,1300
Hegselmann-Krause,0.06,5,400,6,4.986598516486942,0.2875,10
Deffuant,0.06,5,400,9,6.863417982155112,0.2325,1800
Hegselmann-Krause,0.06,6,400,8,6.479831524380367,0.225,8
Deffuant,0.06,6,400,10,6.8935803532959925,0.19,800
Hegselmann-Krause,0.06,7,400,6,4.8712171953967,0.3175,10
Deffuant,0.06,7,400,9,7.732456988208003,0.16,900
Hegselmann-Krause,0.06,8,400,8,6.1552665999846115,0.24,8
Deffuant,0.06,8,400,8,7.405350365639174,0.165,1000
Hegselmann-Krause,0.06,9,400,7,6.51943606878005,0.205,7
Deffuant,0.06,9,400,9,6.813729665275531,0.1825,900
Hegselmann-Krause,0.06,10,400,6,5.25520593838271,0.2975,9
Deffuant,0.06,10,400,10,7.547169811320754,0.1875,1100
Hegselmann-Krause,0.06,11,400,7,5.504713410858047,0.2575,12
Deffuant,0.06,11,400,10,7.874790825868688,0.18,2200
Hegselmann-Krause,0.06,12,400,7,4.742708086317287,0.3225,11
Deffuant,0.06,12,400,8,6.469874646178729,0.1775,1600
Hegselmann-Krause,0.06,13,400,6,4.45632798573975,0.285,13
Deffuant,0.06,13,400,10,6.919816624859441,0.2025,2300
Hegselmann-Krause,0.06,14,400,6,5.437368313736152,0.27,10
Deffuant,0.06,14,400,9,7.052807899144848,0.1825,1600
Hegselmann-Krause,0.06,15,400,8,6.878170406671825,0.1675,8
Deffuant,0.06,15,400,9,6.820119352088662,0.195,2100
Hegselmann-Krause,0.06,16,400,6,5.6124596604461905,0.2425,8
Deffuant,0.06,16,400,8,7.7249903437620695,0.17,900
Hegselmann-Krause,0.06,17,400,6,5.827081360623499,0.215,11
Deffuant,0.06,17,400,9,6.912641493130561,0.1825,900
Hegselmann-Krause,0.06,18,400,8,6.699606398124109,0.17,8
Deffuant,0.06,18,400,9,7.23065798987708,0.185,1700
Hegselmann-Krause,0.06,19,400,7,6.188118811881188,0.21,8
Deffuant,0.06,19,400,8,7.00218818380744,0.19,1500
Hegselmann-Krause,0.06,20,400,7,6.533278889342589,0.205,9
Deffuant,0.06,20,400,8,7.36377025036819,0.1825,900
Hegselmann-Krause,0.06,21,400,7,6.392840019178521,0.235,9
Deffuant,0.06,21,400,9,7.93178663493952,0.1825,2900
Hegselmann-Krause,0.06,22,400,6,4.82363581549593,0.27,8
Deffuant,0.06,22,400,11,6.065660777920994,0.1925,4000
Hegselmann-Krause,0.06,23,400,6,5.4094259246737435,0.2775,11
Deffuant,0.06,23,400,9,7.443245254931152,0.185,2600
Hegselmann-Krause,0.06,24,400,7,5.197167543688688,0.25,8
Deffuant,0.06,24,400,8,5.530973451327434,0.2525,2100
Hegselmann-Krause,0.06,25,400,8,6.515719172503665,0.2225,7
Deffuant,0.06,25,400,12,6.969855375500959,0.175,800
Hegselmann-Krause,0.06,26,400,6,5.154639175257731,0.2725,20
Deffuant,0.06,26,400,8,7.007094683366909,0.1775,2300
Hegselmann-Krause,0.06,27,400,6,5.123278898495037,0.2325,8
Deffuant,0.06,27,400,9,7.0890562693841375,0.1825,3400
Hegselmann-Krause,0.06,28,400,7,5.689900426742532,0.2175,12
Deffuant,0.06,28,400,10,7.825491538687272,0.17,2300
Hegselmann-Krause,0.06,29,400,6,5.936479667557138,0.2,10
Deffuant,0.06,29,400,8,6.552006552006551,0.175,2800
Hegselmann-Krause,0.07,0,400,7,6.507768648824533,0.215,8
Deffuant,0.07,0,400,8,6.498781478472787,0.1875,1600
Hegselmann-Krause,0.07,1,400,5,4.43213296398892,0.2925,8
Deffuant,0.07,1,400,6,5.012845416379472,0.29,900
Hegselmann-Krause,0.07,2,400,6,5.936920222634509,0.1875,9
Deffuant,0.07,2,400,8,6.048234671505255,0.1825,700
Hegselmann-Krause,0.07,3,400,6,4.94193229552755,0.2525,8
Deffuant,0.07,3,400,9,5.103668261562998,0.2475,1100
Hegselmann-Krause,0.07,4,400,7,5.189076992929883,0.2425,9
Deffuant,0.07,4,400,8,5.829204313611193,0.235,2900
Hegselmann-Krause,0.07,5,400,5,4.51009132934942,0.2875,8
Deffuant,0.07,5,400,7,5.2555511759295745,0.2325,1200
Hegselmann-Krause,0.07,6,400,8,5.416384563303994,0.25,8
Deffuant,0.07,6,400,8,6.514657980456026,0.215,1000
Hegselmann-Krause,0.07,7,400,5,3.909113119960909,0.325,9
Deffuant,0.07,7,400,8,6.381620931716656,0.245,2600
Hegselmann-Krause,0.07,8,400,5,4.791279870635444,0.24,8
Deffuant,0.07,8,400,7,6.180469715698394,0.2375,1100
Hegselmann-Krause,0.07,9,400,7,6.601749463607856,0.195,7
Deffuant,0.07,9,400,8,6.688403979600368,0.185,900
Hegselmann-Krause,0.07,10,400,6,5.305039787798409,0.275,8
Deffuant,0.07,10,400,8,4.869141813755326,0.2825,2100
Hegselmann-Krause,0.07,11,400,6,5.581914596706671,0.2375,8
Deffuant,0.07,11,400,8,6.379585326953749,0.185,3100
Hegselmann-Krause,0.07,12,400,6,4.5392646391284615,0.3225,7
Deffuant,0.07,12,400,8,6.12323000382702,0.21,2400
Hegselmann-Krause,0.07,13,400,6,4.305936810377307,0.285,9
Deffuant,0.07,13,400,8,6.177606177606177,0.2225,1100
Hegselmann-Krause,0.07,14,400,7,4.874779111571506,0.2625,11
Deffuant,0.07,14,400,8,6.624710168930109,0.185,2200
Hegselmann-Krause,0.07,15,400,6,4.5202847779410105,0.2925,9
Deffuant,0.07,15,400,8,5.565991790162109,0.2325,1000
Hegselmann-Krause,0.07,16,400,6,5.7446502944133275,0.24,8
Deffuant,0.07,16,400,7,5.671345526726215,0.24,800
Hegselmann-Krause,0.07,17,400,5,4.918536735321242,0.2475,9
Deffuant,0.07,17,400,9,5.524861878453039,0.2575,900
Hegselmann-Krause,0.07,18,400,6,4.868549172346641,0.3025,8
Deffuant,0.07,18,400,8,6.832351182850799,0.1875,800
Hegselmann-Krause,0.07,19,400,5,4.913401302051345,0.2325,8
Deffuant,0.07,19,400,7,5.8169126735984875,0.2075,800
Hegselmann-Krause,0.07,20,400,7,5.684240443370754,0.2125,9
Deffuant,0.07,20,400,7,6.6302005635670485,0.185,900
Hegselmann-Krause,0.07,21,400,5,4.624544771374068,0.2675,11
Deffuant,0.07,21,400,9,6.849901532665468,0.205,1500
Hegselmann-Krause,0.07,22,400,6,4.790132327405545,0.275,8
Deffuant,0.07,22,400,9,5.052737952377944,0.27,2600
Hegselmann-Krause,0.07,23,400,5,4.731767906784173,0.2675,13
Deffuant,0.07,23,400,6,5.763688760806917,0.2175,700
Hegselmann-Krause,0.07,24,400,6,4.898658992100913,0.245,8
Deffuant,0.07,24,400,9,5.68585643212509,0.2125,2400
Hegselmann-Krause,0.07,25,400,7,6.6373516966730275,0.21,7
Deffuant,0.07,25,400,7,6.828269033799933,0.175,800
Hegselmann-Krause,0.07,26,400,5,4.6865846514352665,0.2725,10
Deffuant,0.07,26,400,7,6.296237997796317,0.235,1000
Hegselmann-Krause,0.07,27,400,6,4.930966469428007,0.25,8
Deffuant,0.07,27,400,8,6.144865197019741,0.195,3900
Hegselmann-Krause,0.07,28,400,6,5.752085130859936,0.2125,8
Deffuant,0.07,28,400,9,6.044122091266244,0.19,900
Hegselmann-Krause,0.07,29,400,6,4.650892389977327,0.31,9
Deffuant,0.07,29,400,7,6.584904107333936,0.165,1300
Hegselmann-Krause,0.08,0,400,4,3.7742970371768254,0.315,13
Deffuant,0.08,0,400,5,4.543389368468878,0.3075,700
Hegselmann-Krause,0.08,1,400,4,3.9574573336631222,0.2925,9
Deffuant,0.08,1,400,7,4.990331233235606,0.245,1400
Hegselmann-Krause,0.08,2,400,5,4.716703024585815,0.2925,27
Deffuant,0.08,2,400,6,5.912349419850713,0.205,600
Hegselmann-Krause,0.08,3,400,5,4.934311971874423,0.235,8
Deffuant,0.08,3,400,6,4.9621635032874325,0.2275,600
Hegselmann-Krause,0.08,4,400,5,3.845414343395501,0.335,8
Deffuant,0.08,4,400,8,5.126233499935922,0.25,2200
Hegselmann-Krause,0.08,5,400,5,3.9854530961988743,0.285,11
Deffuant,0.08,5,400,6,5.130178273695011,0.2475,1400
Hegselmann-Krause,0.08,6,400,4,3.6416605972323377,0.38,9
Deffuant,0.08,6,400,7,5.661712668082094,0.22,800
Hegselmann-Krause,0.08,7,400,5,4.061326022946493,0.28,8
Deffuant,0.08,7,400,6,4.750593824228028,0.27,700
Hegselmann-Krause,0.08,8,400,4,3.922337713277113,0.31,9
Deffuant,0.08,8,400,8,5.936479667557139,0.245,1600
Hegselmann-Krause,0.08,9,400,5,4.0020010005002495,0.3775,11
Deffuant,0.08,9,400,8,5.740116237353806,0.215,900
Hegselmann-Krause,0.08,10,400,5,4.254187716032971,0.3225,9
Deffuant,0.08,10,400,6,4.582688892707796,0.305,700
Hegselmann-Krause,0.08,11,400,6,4.720320981826765,0.2625,10
Deffuant,0.08,11,400,7,5.782017924255565,0.2125,2700
Hegselmann-Krause,0.08,12,400,4,3.7124692561139727,0.3175,9
Deffuant,0.08,12,400,7,4.710592945887064,0.3125,1700
Hegselmann-Krause,0.08,13,400,6,4.258717061485227,0.3,8
Deffuant,0.08,13,400,7,4.704775346977182,0.2925,2100
Hegselmann-Krause,0.08,14,400,6,4.735689338779376,0.265,8
Deffuant,0.08,14,400,7,5.510400881664142,0.24,1200
Hegselmann-Krause,0.08,15,400,5,3.8735292693555423,0.295,9
Deffuant,0.08,15,400,6,5.263504177906441,0.25,1200
Hegselmann-Krause,0.08,16,400,5,4.5259108395564605,0.315,9
Deffuant,0.08,16,400,6,5.509262447489842,0.245,800
Hegselmann-Krause,0.08,17,400,5,4.939491232403062,0.235,9
Deffuant,0.08,17,400,5,4.74580293053331,0.29,700
Hegselmann-Krause,0.08,18,400,5,4.606702752504894,0.3025,8
Deffuant,0.08,18,400,6,4.626149308968947,0.29,700
Hegselmann-Krause,0.08,19,400,5,4.893864317611794,0.245,8
Deffuant,0.08,19,400,6,4.9714143673875215,0.24,700
Hegselmann-Krause,0.08,20,400,5,4.877751356624596,0.2275,9
Deffuant,0.08,20,400,7,5.34544968595483,0.2025,2300
Hegselmann-Krause,0.08,21,400,5,4.793576607346155,0.255,10
Deffuant,0.08,21,400,9,5.031130117602666,0.24,600
Hegselmann-Krause,0.08,22,400,5,4.766160262138814,0.27,7
Deffuant,0.08,22,400,7,4.854663511135383,0.275,1000
Hegselmann-Krause,0.08,23,400,5,3.4770514603616136,0.41,11
Deffuant,0.08,23,400,6,5.747952291995975,0.1975,900
Hegselmann-Krause,0.08,24,400,5,4.892667115161152,0.245,6
Deffuant,0.08,24,400,7,4.9615480029769286,0.2375,600
Hegselmann-Krause,0.08,25,400,4,3.581341212284,0.3375,14
Deffuant,0.08,25,400,7,6.263701847792046,0.21,1100
Hegselmann-Krause,0.08,26,400,4,3.8374826114069167,0.31,9
Deffuant,0.08,26,400,6,4.439511653718091,0.2975,1000
Hegselmann-Krause,0.08,27,400,6,4.913099551679665,0.2525,7
Deffuant,0.08,27,400,8,4.97605274615911,0.2475,600
Hegselmann-Krause,0.08,28,400,5,4.829751267809708,0.2675,11
Deffuant,0.08,28,400,7,6.021375884389582,0.1975,2600
Hegselmann-Krause,0.08,29,400,5,4.569600731136116,0.32,9
Deffuant,0.08,29,400,7,5.98220294623495,0.195,600
Hegselmann-Krause,0.09,0,400,4,3.87728396258421,0.315,9
Deffuant,0.09,0,400,6,3.8626816667471386,0.315,600
Hegselmann-Krause,0.09,1,400,4,3.9641246717209264,0.2875,8
Deffuant,0.09,1,400,5,4.002601691099214,0.28,600
Hegselmann-Krause,0.09,2,400,4,3.680022080132481,0.3575,9
Deffuant,0.09,2,400,6,4.909180166912126,0.2425,600
Hegselmann-Krause,0.09,3,400,5,4.926715112698608,0.2375,7
Deffuant,0.09,3,400,5,4.899258987078205,0.25,600
Hegselmann-Krause,0.09,4,400,4,3.820986769833309,0.335,7
Deffuant,0.09,4,400,5,3.956870115738451,0.3225,700
Hegselmann-Krause,0.09,5,400,5,4.145722132974037,0.285,8
Deffuant,0.09,5,400,6,4.877453969028167,0.275,2700
Hegselmann-Krause,0.09,6,400,4,3.6888458523539445,0.3725,8
Deffuant,0.09,6,400,7,4.619204342052082,0.2925,2400
Hegselmann-Krause,0.09,7,400,4,3.976538423302515,0.2725,9
Deffuant,0.09,7,400,7,4.87685930260912,0.235,1300
Hegselmann-Krause,0.09,8,400,4,3.903391070992925,0.3175,7
Deffuant,0.09,8,400,6,5.1252482542123134,0.22,2700
Hegselmann-Krause,0.09,9,400,4,3.646474315146543,0.3675,10
Deffuant,0.09,9,400,8,5.067460568822449,0.23,600
Hegselmann-Krause,0.09,10,400,4,3.2301045746356043,0.42,13
Deffuant,0.09,10,400,6,5.57452442338513,0.225,900
Hegselmann-Krause,0.09,11,400,4,3.851152938911086,0.3225,9
Deffuant,0.09,11,400,6,5.865532663685022,0.205,700
Hegselmann-Krause,0.09,12,400,4,3.7238746916166274,0.315,7
Deffuant,0.09,12,400,6,4.666355576294914,0.31,700
Hegselmann-Krause,0.09,13,400,5,2.9735355337496285,0.385,39
Deffuant,0.09,13,400,7,4.7738393603055265,0.2575,3200
Hegselmann-Krause,0.09,14,400,3,2.891322418591203,0.4075,11
Deffuant,0.09,14,400,7,4.960932655339204,0.2625,3400
Hegselmann-Krause,0.09,15,400,4,3.934490729356218,0.28,8
Deffuant,0.09,15,400,6,4.631237698274864,0.2975,1100
Hegselmann-Krause,0.09,16,400,4,3.7256089042052802,0.315,8
Deffuant,0.09,16,400,6,4.549073126350506,0.3175,700
Hegselmann-Krause,0.09,17,400,5,4.916723004117755,0.235,8
Deffuant,0.09,17,400,6,4.894762604013705,0.2725,800
Hegselmann-Krause,0.09,18,400,5,4.58373918524036,0.3025,8
Deffuant,0.09,18,400,6,4.807114529503664,0.2725,600
Hegselmann-Krause,0.09,19,400,5,4.90376363859262,0.2475,8
Deffuant,0.09,19,400,6,4.841735762270774,0.27,600
Hegselmann-Krause,0.09,20,400,5,4.912496162112373,0.245,10
Deffuant,0.09,20,400,6,5.01378791677112,0.23,700
Hegselmann-Krause,0.09,21,400,3,2.6892564205997043,0.46,19
Deffuant,0.09,21,400,5,4.775549188156638,0.2625,700
Hegselmann-Krause,0.09,22,400,4,3.81952733349248,0.33,8
Deffuant,0.09,22,400,7,4.731208232302324,0.275,700
Hegselmann-Krause,0.09,23,400,3,2.91417747340813,0.405,20
Deffuant,0.09,23,400,5,4.607498704140989,0.27,700
Hegselmann-Krause,0.09,24,400,5,4.926411724859904,0.23,7
Deffuant,0.09,24,400,7,5.111821086261981,0.22,2000
Hegselmann-Krause,0.09,25,400,4,3.535286579168324,0.35,13
Deffuant,0.09,25,400,6,5.590496156533893,0.2275,900
Hegselmann-Krause,0.09,26,400,4,2.9765226773821483,0.3925,10
Deffuant,0.09,26,400,8,4.1266893634581665,0.305,2400
Hegselmann-Krause,0.09,27,400,5,4.901960784313725,0.255,7
Deffuant,0.09,27,400,6,5.0163029847002765,0.21,600
Hegselmann-Krause,0.09,28,400,4,3.6066904107118702,0.375,9
Deffuant,0.09,28,400,7,4.22698932685195,0.3275,3200
Hegselmann-Krause,0.09,29,400,5,3.723528042820572,0.34,8
Deffuant,0.09,29,400,5,3.7425149700598803,0.3325,2500
Hegselmann-Krause,0.1,0,400,4,3.874654913546762,0.315,9
Deffuant,0.1,0,400,5,3.8567227498433208,0.305,700
Hegselmann-Krause,0.1,1,400,4,3.949057162602429,0.2875,7
Deffuant,0.1,1,400,6,3.964714044999504,0.285,600
Hegselmann-Krause,0.1,2,400,4,3.831601130322333,0.33,8
Deffuant,0.1,2,400,6,4.8741850971790655,0.25,600
Hegselmann-Krause,0.1,3,400,4,3.7245681828762978,0.3625,9
Deffuant,0.1,3,400,5,4.895661220243559,0.2425,600
Hegselmann-Krause,0.1,4,400,3,2.7521673317737716,0.455,11
Deffuant,0.1,4,400,5,4.21896424427803,0.3025,1600
Hegselmann-Krause,0.1,5,400,3,2.8466711738960253,0.4425,10
Deffuant,0.1,5,400,5,2.948221853694491,0.4125,500
Hegselmann-Krause,0.1,6,400,4,3.6934441366574333,0.37,7
Deffuant,0.1,6,400,8,3.775187579632863,0.37,600
Hegselmann-Krause,0.1,7,400,4,3.9049153121491673,0.3025,9
Deffuant,0.1,7,400,5,2.938907461151317,0.4425,900
Hegselmann-Krause,0.1,8,400,4,3.8889699090953282,0.3225,6
Deffuant,0.1,8,400,5,3.925224473774594,0.315,500
Hegselmann-Krause,0.1,9,400,4,3.7751875796328624,0.34,8
Deffuant,0.1,9,400,5,4.833836858006043,0.2425,700
Hegselmann-Krause,0.1,10,400,3,2.8041641838129623,0.42,10
Deffuant,0.1,10,400,6,4.703115814226925,0.2625,700
Hegselmann-Krause,0.1,11,400,4,3.916768665850673,0.3125,8
Deffuant,0.1,11,400,4,3.9037720197140486,0.3025,500
Hegselmann-Krause,0.1,12,400,4,3.7677200583996617,0.3125,7
Deffuant,0.1,12,400,4,3.894649724940363,0.295,600
Hegselmann-Krause,0.1,13,400,4,2.9610985675685684,0.39,8
Deffuant,0.1,13,400,7,4.51009132934942,0.2775,1200
Hegselmann-Krause,0.1,14,400,4,2.904338355418406,0.405,7
Deffuant,0.1,14,400,6,4.78211489031024,0.265,1000
Hegselmann-Krause,0.1,15,400,4,3.9094951864340524,0.295,8
Deffuant,0.1,15,400,6,4.615207107418945,0.2975,700
Hegselmann-Krause,0.1,16,400,4,3.7435657463734207,0.3275,9
Deffuant,0.1,16,400,6,4.964627032394192,0.2225,600
Hegselmann-Krause,0.1,17,400,5,4.887286944834749,0.235,7
Deffuant,0.1,17,400,5,4.787838889221377,0.265,700
Hegselmann-Krause,0.1,18,400,4,3.8872691933916426,0.305,9
Deffuant,0.1,18,400,5,4.440250874174391,0.31,900
Hegselmann-Krause,0.1,19,400,3,2.7766208524226017,0.43,26
Deffuant,0.1,19,400,6,4.707820867415995,0.2675,700
Hegselmann-Krause,0.1,20,400,4,3.387390439090485,0.395,10
Deffuant,0.1,20,400,5,4.020504573323952,0.3275,2400
Hegselmann-Krause,0.1,21,400,4,2.7347622466071857,0.44,8
Deffuant,0.1,21,400,5,4.710592945887064,0.2725,700
Hegselmann-Krause,0.1,22,400,4,3.81952733349248,0.33,8
Deffuant,0.1,22,400,5,4.6929078430222315,0.275,700
Hegselmann-Krause,0.1,23,400,4,2.937612455476811,0.4125,8
Deffuant,0.1,23,400,5,3.5588771742515237,0.395,600
Hegselmann-Krause,0.1,24,400,4,3.424217780250824,0.4225,13
Deffuant,0.1,24,400,5,4.880727228357026,0.24,600
Hegselmann-Krause,0.1,25,400,4,3.575738613507353,0.3525,10
Deffuant,0.1,25,400,6,4.737933076695292,0.2675,700
Hegselmann-Krause,0.1,26,400,4,2.9829598419031282,0.3875,8
Deffuant,0.1,26,400,7,3.7444418441376084,0.3275,1400
Hegselmann-Krause,0.1,27,400,4,3.6441488634810733,0.3775,11
Deffuant,0.1,27,400,5,4.927322000492732,0.2425,600
Hegselmann-Krause,0.1,28,400,3,2.785127419579446,0.42,10
Deffuant,0.1,28,400,6,3.7546346271178486,0.36,2800
Hegselmann-Krause,0.1,29,400,3,2.9922202274087373,0.35,9
Deffuant,0.1,29,400,7,3.895597974289053,0.3225,2000
Hegselmann-Krause,0.11,0,400,4,3.892754610481241,0.315,8
Deffuant,0.11,0,400,4,3.920992010978777,0.3025,500
Hegselmann-Krause,0.11,1,400,4,3.9420518379816687,0.2925,8
Deffuant,0.11,1,400,5,3.890672113607625,0.3125,500
Hegselmann-Krause,0.11,2,400,4,3.846708659902871,0.33,8
Deffuant,0.11,2,400,4,3.8878359333236134,0.3175,500
Hegselmann-Krause,0.11,3,400,3,2.6892564205997043,0.46,14
Deffuant,0.11,3,400,4,3.7055908101347907,0.3675,600
Hegselmann-Krause,0.11,4,400,4,2.78774784820713,0.4475,8
Deffuant,0.11,4,400,6,2.9472443265546713,0.4275,600
Hegselmann-Krause,0.11,5,400,3,2.8117531280753547,0.455,9
Deffuant,0.11,5,400,5,3.1053489635897833,0.3775,3500
Hegselmann-Krause,0.11,6,400,4,3.7045612410280158,0.365,7
Deffuant,0.11,6,400,4,3.775722106852936,0.345,600
Hegselmann-Krause,0.11,7,400,3,2.7007866040984436,0.49,9
Deffuant,0.11,7,400,5,2.9921083143209786,0.4475,2200
Hegselmann-Krause,0.11,8,400,4,3.8443056222969725,0.3175,7
Deffuant,0.11,8,400,5,3.96235760277365,0.2925,500
Hegselmann-Krause,0.11,9,400,4,3.8443056222969725,0.3175,8
Deffuant,0.11,9,400,4,3.5598273483736036,0.4,600
Hegselmann-Krause,0.11,10,400,4,2.816306414137858,0.4225,7
Deffuant,0.11,10,400,5,3.3079722130334104,0.4225,800
Hegselmann-Krause,0.11,11,400,4,3.930431364842291,0.3075,8
Deffuant,0.11,11,400,5,3.9471087428458658,0.2925,500
Hegselmann-Krause,0.11,12,400,3,2.764626602619484,0.4675,10
Deffuant,0.11,12,400,5,3.7393661774329248,0.3275,700
Hegselmann-Krause,0.11,13,400,4,2.9017047515415304,0.3975,7
Deffuant,0.11,13,400,5,3.2594524119947845,0.3875,1500
Hegselmann-Krause,0.11,14,400,3,2.8850661762054166,0.4,7
Deffuant,0.11,14,400,3,2.8765596346769264,0.3975,500
Hegselmann-Krause,0.11,15,400,4,3.8652944871237374,0.31,8
Deffuant,0.11,15,400,5,3.9914184503317873,0.275,500
Hegselmann-Krause,0.11,16,400,3,2.957376806772393,0.385,12
Deffuant,0.11,16,400,5,4.770423375074538,0.2725,700
Hegselmann-Krause,0.11,17,400,4,3.2210009260377666,0.46,8
Deffuant,0.11,17,400,5,4.889079019739656,0.23,600
Hegselmann-Krause,0.11,18,400,3,2.6603704565860795,0.4875,12
Deffuant,0.11,18,400,6,3.8997757628936336,0.3075,500
Hegselmann-Krause,0.11,19,400,4,2.8040658955485456,0.4225,9
Deffuant,0.11,19,400,4,3.6154923848691647,0.3575,700
Hegselmann-Krause,0.11,20,400,4,2.908773588335818,0.3975,10
Deffuant,0.11,20,400,5,3.141566856469664,0.3625,3600
Hegselmann-Krause,0.11,21,400,4,2.8235626301485905,0.4275,9
Deffuant,0.11,21,400,5,3.878787878787879,0.3075,500
Hegselmann-Krause,0.11,22,400,3,2.549963344276926,0.5275,13
Deffuant,0.11,22,400,6,3.884060785551293,0.32,600
Hegselmann-Krause,0.11,23,400,4,2.9558470349159434,0.4175,8
Deffuant,0.11,23,400,5,3.858582935416968,0.3375,500
Hegselmann-Krause,0.11,24,400,3,2.8547978446276274,0.4175,22
Deffuant,0.11,24,400,5,4.9428483163422925,0.2325,600
Hegselmann-Krause,0.11,25,400,4,3.564744675162642,0.3525,8
Deffuant,0.11,25,400,5,3.6434849933961835,0.375,600
Hegselmann-Krause,0.11,26,400,3,2.9590176061547564,0.385,8
Deffuant,0.11,26,400,5,3.5633156652264932,0.31,1400
Hegselmann-Krause,0.11,27,400,4,3.6635068919723404,0.3775,7
Deffuant,0.11,27,400,4,3.7602820211515855,0.3425,600
Hegselmann-Krause,0.11,28,400,3,2.7545363770960303,0.4475,11
Deffuant,0.11,28,400,6,3.4227527488983016,0.35,1100
Hegselmann-Krause,0.11,29,400,3,2.990318842746608,0.3525,8
Deffuant,0.11,29,400,4,2.991548874429736,0.3725,400
Hegselmann-Krause,0.12,0,400,3,2.716191898957662,0.4725,9
Deffuant,0.12,0,400,4,3.6840893391664746,0.32,700
Hegselmann-Krause,0.12,1,400,3,2.8416154583880937,0.4425,9
Deffuant,0.12,1,400,5,3.916385176482107,0.305,500
Hegselmann-Krause,0.12,2,400,2,1.9959581846760313,0.5225,15
Deffuant,0.12,2,400,5,3.981486089682974,0.285,500
Hegselmann-Krause,0.12,3,400,2,1.9950124688279303,0.525,18
Deffuant,0.12,3,400,4,2.618572223495139,0.5,500
Hegselmann-Krause,0.12,4,400,3,2.792418583545673,0.4425,7
Deffuant,0.12,4,400,5,3.08107067205854,0.3625,500
Hegselmann-Krause,0.12,5,400,3,2.8335635603726135,0.4475,9
Deffuant,0.12,5,400,5,3.1302578549908047,0.405,1700
Hegselmann-Krause,0.12,6,400,3,2.9184298847220194,0.38,9
Deffuant,0.12,6,400,5,2.960879381176209,0.37,400
Hegselmann-Krause,0.12,7,400,3,2.7428257962766143,0.4775,8
Deffuant,0.12,7,400,5,2.8538812785388132,0.4525,500
Hegselmann-Krause,0.12,8,400,2,1.976089319237229,0.555,43
Deffuant,0.12,8,400,4,3.895218619145,0.3025,500
Hegselmann-Krause,0.12,9,400,3,2.4339783375927952,0.56,17
Deffuant,0.12,9,400,5,3.8001140034201026,0.3475,600
Hegselmann-Krause,0.12,10,400,3,2.8646113080531386,0.4225,8
Deffuant,0.12,10,400,6,2.930510275101653,0.41,500
Hegselmann-Krause,0.12,11,400,4,3.971011615208975,0.2825,8
Deffuant,0.12,11,400,4,3.4496140744254236,0.41,700
Hegselmann-Krause,0.12,12,400,3,2.766538714251132,0.4675,8
Deffuant,0.12,12,400,4,3.6675377068720483,0.3375,700
Hegselmann-Krause,0.12,13,400,3,2.9047601757379904,0.3975,7
Deffuant,0.12,13,400,5,2.9790720190660616,0.3875,700
Hegselmann-Krause,0.12,14,400,4,2.9538825093231913,0.3875,9
Deffuant,0.12,14,400,5,3.0554176373983117,0.375,2900
Hegselmann-Krause,0.12,15,400,4,3.700791044085674,0.345,8
Deffuant,0.12,15,400,5,3.8902937171756466,0.3275,500
Hegselmann-Krause,0.12,16,400,3,2.9386915475884354,0.395,8
Deffuant,0.12,16,400,6,3.7500585946655414,0.3875,2000
Hegselmann-Krause,0.12,17,400,3,2.7125080527582814,0.4525,9
Deffuant,0.12,17,400,5,2.777102787516923,0.475,500
Hegselmann-Krause,0.12,18,400,3,2.694237699121005,0.4725,11
Deffuant,0.12,18,400,4,3.8492999085791264,0.3275,600
Hegselmann-Krause,0.12,19,400,4,2.8389935767770327,0.4125,8
Deffuant,0.12,19,400,4,2.988754810027272,0.405,2400
Hegselmann-Krause,0.12,20,400,3,2.980514883946202,0.3625,10
Deffuant,0.12,20,400,4,3.62154821186057,0.3425,700
Hegselmann-Krause,0.12,21,400,4,2.909514111143439,0.405,8
Deffuant,0.12,21,400,3,2.934272300469483,0.4,400
Hegselmann-Krause,0.12,22,400,2,1.9939682460556813,0.5275,15
Deffuant,0.12,22,400,6,3.7282132537981174,0.36,600
Hegselmann-Krause,0.12,23,400,4,2.938259815624197,0.42,7
Deffuant,0.12,23,400,4,2.8527618300467146,0.4225,500
Hegselmann-Krause,0.12,24,400,3,2.869337541695061,0.4125,10
Deffuant,0.12,24,400,4,3.5027803318884363,0.4075,600
Hegselmann-Krause,0.12,25,400,3,2.2609727835401183,0.5225,15
Deffuant,0.12,25,400,5,2.7651999585220004,0.4075,600
Hegselmann-Krause,0.12,26,400,3,2.96548912036179,0.3825,8
Deffuant,0.12,26,400,5,3.1005348422602896,0.3625,2300
Hegselmann-Krause,0.12,27,400,3,2.879665958748785,0.39,15
Deffuant,0.12,27,400,4,3.7757221068529354,0.325,600
Hegselmann-Krause,0.12,28,400,3,2.8830906732016723,0.395,10
Deffuant,0.12,28,400,6,3.2973374000494613,0.3625,1100
Hegselmann-Krause,0.12,29,400,3,2.9936758597462862,0.3525,8
Deffuant,0.12,29,400,5,3.073140749846343,0.355,700
Hegselmann-Krause,0.13,0,400,3,2.759381898454746,0.46,9
Deffuant,0.13,0,400,4,2.6955086087806195,0.4825,800
Hegselmann-Krause,0.13,1,400,3,2.8590829491440624,0.4375,8
Deffuant,0.13,1,400,3,2.8919495354806055,0.415,400
Hegselmann-Krause,0.13,2,400,2,1.998750780762024,0.5125,9
Deffuant,0.13,2,400,4,3.9682539682539684,0.28,500
Hegselmann-Krause,0.13,3,400,2,1.9975529975779673,0.5175,9
Deffuant,0.13,3,400,5,2.7744061036934284,0.47,600
Hegselmann-Krause,0.13,4,400,3,2.796909415096318,0.4425,7
Deffuant,0.13,4,400,5,3.230887282419935,0.355,1900
Hegselmann-Krause,0.13,5,400,4,2.9146021568055964,0.425,8
Deffuant,0.13,5,400,5,2.929008164610259,0.4375,600
Hegselmann-Krause,0.13,6,400,3,2.94258285209843,0.3675,7
Deffuant,0.13,6,400,4,3.0173876966016673,0.3575,400
Hegselmann-Krause,0.13,7,400,3,2.802396048621571,0.4575,8
Deffuant,0.13,7,400,4,2.9285792729801954,0.4175,500
Hegselmann-Krause,0.13,8,400,2,1.9716088328075707,0.56,9
Deffuant,0.13,8,400,4,3.935652088355389,0.2975,500
Hegselmann-Krause,0.13,9,400,3,2.4740227610094014,0.55,30
Deffuant,0.13,9,400,4,3.8272018370568808,0.34,500
Hegselmann-Krause,0.13,10,400,3,2.8842340555936117,0.42,7
Deffuant,0.13,10,400,5,2.941068343075622,0.4075,500
Hegselmann-Krause,0.13,11,400,3,2.870779057666774,0.4325,10
Deffuant,0.13,11,400,3,2.9252596167909903,0.385,400
Hegselmann-Krause,0.13,12,400,2,1.9856536523616868,0.5425,14
Deffuant,0.13,12,400,5,3.4687594848892163,0.3725,900
Hegselmann-Krause,0.13,13,400,3,2.8985507246376807,0.4,7
Deffuant,0.13,13,400,5,2.9666988059037305,0.3975,500
Hegselmann-Krause,0.13,14,400,4,2.9695619896065324,0.385,8
Deffuant,0.13,14,400,3,2.889442698739481,0.3925,400
Hegselmann-Krause,0.13,15,400,3,2.902336380786533,0.395,12
Deffuant,0.13,15,400,5,2.8548997216472776,0.4075,500
Hegselmann-Krause,0.13,16,400,3,2.9082448742184086,0.405,8
Deffuant,0.13,16,400,5,3.752697251149263,0.3575,600
Hegselmann-Krause,0.13,17,400,3,2.6681786345595837,0.4725,10
Deffuant,0.13,17,400,3,2.6685346409153077,0.4925,500
Hegselmann-Krause,0.13,18,400,3,2.761763385921911,0.4425,9
Deffuant,0.13,18,400,5,2.978517442942775,0.395,800
Hegselmann-Krause,0.13,19,400,3,2.837281883955171,0.415,10
Deffuant,0.13,19,400,4,3.4157380128944106,0.3425,900
Hegselmann-Krause,0.13,20,400,3,2.9683499684612817,0.3625,8
Deffuant,0.13,20,400,4,3.068779009551575,0.35,400
Hegselmann-Krause,0.13,21,400,4,2.9123739488150275,0.395,9
Deffuant,0.13,21,400,4,2.902441679062511,0.4025,500
Hegselmann-Krause,0.13,22,400,2,1.9915855510468272,0.5325,7
Deffuant,0.13,22,400,5,2.73972602739726,0.4925,1700
Hegselmann-Krause,0.13,23,400,4,2.926222612385237,0.425,7
Deffuant,0.13,23,400,4,2.994572337638031,0.4075,3900
Hegselmann-Krause,0.13,24,400,3,2.8985507246376807,0.4,7
Deffuant,0.13,24,400,4,2.9024416790625107,0.3825,400
Hegselmann-Krause,0.13,25,400,3,2.7044386599506445,0.4125,10
Deffuant,0.13,25,400,4,2.9534463026544095,0.405,600
Hegselmann-Krause,0.13,26,400,4,3.008876184744998,0.37,8
Deffuant,0.13,26,400,6,3.1218293920237254,0.3275,1500
Hegselmann-Krause,0.13,27,400,3,2.8881909094191123,0.395,8
Deffuant,0.13,27,400,3,2.9704440813901676,0.38,400
Hegselmann-Krause,0.13,28,400,3,2.8802880288028803,0.3875,8
Deffuant,0.13,28,400,5,3.3060583519299116,0.3675,1000
Hegselmann-Krause,0.13,29,400,3,2.9936758597462862,0.3525,8
Deffuant,0.13,29,400,5,3.104987385988744,0.35,3300
Hegselmann-Krause,0.14,0,400,2,1.7817371937639197,0.675,10
Deffuant,0.14,0,400,4,3.107399495047582,0.4075,1200
Hegselmann-Krause,0.14,1,400,2,1.9692307692307693,0.5625,12
Deffuant,0.14,1,400,4,3.0784623080771154,0.365,2300
Hegselmann-Krause,0.14,2,400,2,1.9992003198720512,0.51,8
Deffuant,0.14,2,400,4,3.9806936358660487,0.2725,500
Hegselmann-Krause,0.14,3,400,2,1.999950001249969,0.5025,8
Deffuant,0.14,3,400,4,2.769891281767191,0.4875,2100
Hegselmann-Krause,0.14,4,400,3,2.830155304772349,0.4325,7
Deffuant,0.14,4,400,5,2.999175226812626,0.3725,400
Hegselmann-Krause,0.14,5,400,3,2.8905911258852437,0.425,7
Deffuant,0.14,5,400,5,2.9566117229654827,0.4225,600
Hegselmann-Krause,0.14,6,400,3,2.9616466755516067,0.365,8
Deffuant,0.14,6,400,4,2.980848051270587,0.3625,400
Hegselmann-Krause,0.14,7,400,3,2.8583678719451195,0.435,8
Deffuant,0.14,7,400,4,2.8906955736224034,0.43,400
Hegselmann-Krause,0.14,8,400,2,1.9692307692307693,0.5625,8
Deffuant,0.14,8,400,4,2.97386714248541,0.4275,2300
Hegselmann-Krause,0.14,9,400,3,2.503207234268907,0.5425,9
Deffuant,0.14,9,400,4,3.9079673684724736,0.315,500
Hegselmann-Krause,0.14,10,400,3,2.886836027713626,0.42,7
Deffuant,0.14,10,400,5,2.873769667361161,0.4175,500
Hegselmann-Krause,0.14,11,400,3,2.8705730381427395,0.43,10
Deffuant,0.14,11,400,3,2.935456646974645,0.4025,400
Hegselmann-Krause,0.14,12,400,2,1.9856536523616868,0.5425,8
Deffuant,0.14,12,400,4,3.298017067238323,0.395,1100
Hegselmann-Krause,0.14,13,400,3,2.855816942134009,0.39,7
Deffuant,0.14,13,400,6,3.0188679245283025,0.365,400
Hegselmann-Krause,0.14,14,400,3,2.9550827423167845,0.38,7
Deffuant,0.14,14,400,3,2.911102216076562,0.3875,400
Hegselmann-Krause,0.14,15,400,3,2.9098315934965266,0.41,9
Deffuant,0.14,15,400,4,2.97785222408338,0.3775,400
Hegselmann-Krause,0.14,16,400,3,2.9170464904284406,0.4,8
Deffuant,0.14,16,400,4,2.9749730393068314,0.41,1700
Hegselmann-Krause,0.14,17,400,3,2.657895611149872,0.475,8
Deffuant,0.14,17,400,3,2.709201124318466,0.4675,500
Hegselmann-Krause,0.14,18,400,3,2.860105108862751,0.4125,8
Deffuant,0.14,18,400,4,2.9560654768503123,0.39,400
Hegselmann-Krause,0.14,19,400,2,1.8641066268990587,0.635,10
Deffuant,0.14,19,400,6,2.957376806772393,0.41,400
Hegselmann-Krause,0.14,20,400,3,2.9670288914438303,0.3675,8
Deffuant,0.14,20,400,3,2.9970404225826996,0.3475,400
Hegselmann-Krause,0.14,21,400,2,1.8593840790238232,0.6375,10
Deffuant,0.14,21,400,4,2.9194949273775634,0.4025,2600
Hegselmann-Krause,0.14,22,400,2,1.990247785849338,0.535,7
Deffuant,0.14,22,400,4,2.159768904727194,0.5,1600
Hegselmann-Krause,0.14,23,400,3,1.99735350660375,0.5675,9
Deffuant,0.14,23,400,4,2.8848581010421546,0.4225,500
Hegselmann-Krause,0.14,24,400,3,2.914708346996029,0.395,7
Deffuant,0.14,24,400,3,2.9192818566632606,0.375,400
Hegselmann-Krause,0.14,25,400,3,2.6333980710359133,0.425,8
Deffuant,0.14,25,400,4,3.0589224945512945,0.415,1700
Hegselmann-Krause,0.14,26,400,3,2.9989503673714197,0.34,7
Deffuant,0.14,26,400,4,3.056818616025371,0.3375,900
Hegselmann-Krause,0.14,27,400,3,2.9660388551090024,0.37,8
Deffuant,0.14,27,400,4,2.963292217653813,0.3875,400
Hegselmann-Krause,0.14,28,400,3,2.9192818566632606,0.375,8
Deffuant,0.14,28,400,4,3.085110485519262,0.3975,1600
Hegselmann-Krause,0.14,29,400,3,2.9983883662531383,0.34,8
Deffuant,0.14,29,400,4,3.005485010143512,0.3525,400
Hegselmann-Krause,0.15,0,400,2,1.7761594991230212,0.6775,9
Deffuant,0.15,0,400,4,3.0486643039518313,0.3775,2200
Hegselmann-Krause,0.15,1,400,2,1.8910741301059,0.62,10
Deffuant,0.15,1,400,4,2.9292226575372564,0.38,400
Hegselmann-Krause,0.15,2,400,3,2.0187746038154843,0.51,8
Deffuant,0.15,2,400,3,2.004459923329408,0.525,300
Hegselmann-Krause,0.15,3,400,2,1.9992003198720512,0.51,9
Deffuant,0.15,3,400,4,2.96000296000296,0.4,500
Hegselmann-Krause,0.15,4,400,3,2.8890253150843237,0.4125,8
Deffuant,0.15,4,400,5,2.962304673035621,0.39,400
Hegselmann-Krause,0.15,5,400,3,2.9305102751016516,0.405,7
Deffuant,0.15,5,400,4,2.9443156306356038,0.405,400
Hegselmann-Krause,0.15,6,400,3,2.972983016834516,0.37,7
Deffuant,0.15,6,400,4,3.010121533656921,0.3475,400
Hegselmann-Krause,0.15,7,400,2,1.6444325679870089,0.7325,12
Deffuant,0.15,7,400,3,2.8716034315661005,0.4325,400
Hegselmann-Krause,0.15,8,400,3,2.0413891653270047,0.55,9
Deffuant,0.15,8,400,3,2.045460356421467,0.5875,1600
Hegselmann-Krause,0.15,9,400,3,2.8400014200007098,0.4425,9
Deffuant,0.15,9,400,3,2.5677237129284887,0.525,500
Hegselmann-Krause,0.15,10,400,3,2.8686173264486516,0.43,7
Deffuant,0.15,10,400,3,2.893937201562726,0.405,400
Hegselmann-Krause,0.15,11,400,3,2.9941240315880084,0.345,8
Deffuant,0.15,11,400,3,2.9657089898053757,0.375,400
Hegselmann-Krause,0.15,12,400,3,2.0262911273777258,0.5475,8
Deffuant,0.15,12,400,3,2.103436489364499,0.54,2000
Hegselmann-Krause,0.15,13,400,3,2.8681031083067436,0.39,8
Deffuant,0.15,13,400,4,2.902652298537789,0.38,500
Hegselmann-Krause,0.15,14,400,3,2.9459419649432905,0.385,7
Deffuant,0.15,14,400,3,2.9281505069360567,0.3775,400
Hegselmann-Krause,0.15,15,400,3,2.913434575184821,0.4075,8
Deffuant,0.15,15,400,3,2.9616466755516067,0.385,400
Hegselmann-Krause,0.15,16,400,2,1.919339747126988,0.6025,11
Deffuant,0.15,16,400,3,2.1234240212342406,0.5375,1900
Hegselmann-Krause,0.15,17,400,3,2.532527145525341,0.4875,9
Deffuant,0.15,17,400,4,2.7543467033912887,0.4675,500
Hegselmann-Krause,0.15,18,400,2,1.8687659137097343,0.6325,10
Deffuant,0.15,18,400,3,2.990989643698359,0.3475,400
Hegselmann-Krause,0.15,19,400,3,1.910174064611638,0.6275,8
Deffuant,0.15,19,400,4,2.9062375122606894,0.41,500
Hegselmann-Krause,0.15,20,400,3,2.9508317657039576,0.3775,7
Deffuant,0.15,20,400,3,2.990989643698359,0.3475,400
Hegselmann-Krause,0.15,21,400,3,1.8926399962147198,0.63,8
Deffuant,0.15,21,400,3,2.865637425224773,0.3975,500
Hegselmann-Krause,0.15,22,400,2,1.9939682460556813,0.5275,8
Deffuant,0.15,22,400,6,2.6130128037627385,0.44,700
Hegselmann-Krause,0.15,23,400,2,1.9642024110584597,0.5675,8
Deffuant,0.15,23,400,4,2.879147772259411,0.4275,500
Hegselmann-Krause,0.15,24,400,3,2.9142836326545476,0.4025,7
Deffuant,0.15,24,400,3,2.865432142985064,0.4325,400
Hegselmann-Krause,0.15,25,400,3,2.5770705150919695,0.435,9
Deffuant,0.15,25,400,3,2.7896920877358165,0.4225,500
Hegselmann-Krause,0.15,26,400,2,1.8089315997738835,0.6625,14
Deffuant,0.15,26,400,3,2.9997375229667402,0.3375,400
Hegselmann-Krause,0.15,27,400,3,2.9467015359681756,0.3675,8
Deffuant,0.15,27,400,3,2.994348167833215,0.3525,400
Hegselmann-Krause,0.15,28,400,3,2.9365341555628963,0.3925,8
Deffuant,0.15,28,400,4,2.9117379435850776,0.4125,1800
Hegselmann-Krause,0.15,29,400,3,2.9926679634894513,0.345,7
Deffuant,0.15,29,400,3,2.993899928894877,0.3475,400
Hegselmann-Krause,0.16,0,400,2,1.8348623853211008,0.65,8
Deffuant,0.16,0,400,3,2.9238697416030117,0.3875,400
Hegselmann-Krause,0.16,1,400,2,1.8910741301059,0.62,8
Deffuant,0.16,1,400,4,2.9689007644919463,0.3775,400
Hegselmann-Krause,0.16,2,400,3,2.00717565295933,0.5175,9
Deffuant,0.16,2,400,3,2.0997375328083994,0.5,2300
Hegselmann-Krause,0.16,3,400,3,2.0787859889824345,0.505,9
Deffuant,0.16,3,400,4,1.9999000049997497,0.5475,300
Hegselmann-Krause,0.16,4,400,2,1.8035891423933625,0.665,18
Deffuant,0.16,4,400,4,2.9458334867621607,0.3875,400
Hegselmann-Krause,0.16,5,400,3,2.960441105724753,0.385,7
Deffuant,0.16,5,400,3,2.9708853238265003,0.38,400
Hegselmann-Krause,0.16,6,400,3,2.9714370612487464,0.3725,8
Deffuant,0.16,6,400,3,2.9977142428897965,0.345,400
Hegselmann-Krause,0.16,7,400,2,1.6940179989412387,0.7125,8
Deffuant,0.16,7,400,3,2.900968198136128,0.42,400
Hegselmann-Krause,0.16,8,400,3,2.1489778923899316,0.545,8
Deffuant,0.16,8,400,3,2.128055755060782,0.56,1500
Hegselmann-Krause,0.16,9,400,2,1.6569665085644454,0.7275,12
Deffuant,0.16,9,400,3,2.627430373095113,0.51,500
Hegselmann-Krause,0.16,10,400,3,2.886836027713626,0.42,6
Deffuant,0.16,10,400,3,2.8219690288899075,0.4375,500
Hegselmann-Krause,0.16,11,400,2,1.9116346866113882,0.6075,14
Deffuant,0.16,11,400,4,1.9780926241871277,0.57,300
Hegselmann-Krause,0.16,12,400,2,1.9588158957909942,0.5725,8
Deffuant,0.16,12,400,4,2.0108080935025763,0.545,400
Hegselmann-Krause,0.16,13,400,2,1.919339747126988,0.6025,10
Deffuant,0.16,13,400,3,2.9015995067280835,0.3875,500
Hegselmann-Krause,0.16,14,400,2,1.9076688286913392,0.61,15
Deffuant,0.16,14,400,3,2.9467015359681756,0.3675,400
Hegselmann-Krause,0.16,15,400,2,1.9469931125118645,0.5825,14
Deffuant,0.16,15,400,3,2.884650055890095,0.4275,400
Hegselmann-Krause,0.16,16,400,3,2.736071685078149,0.4175,9
Deffuant,0.16,16,400,3,2.945074363127669,0.375,400
Hegselmann-Krause,0.16,17,400,2,1.999550101227224,0.5075,9
Deffuant,0.16,17,400,3,2.7861944067147286,0.4525,500
Hegselmann-Krause,0.16,18,400,2,1.9076688286913392,0.61,8
Deffuant,0.16,18,400,3,2.9787392486130244,0.3725,400
Hegselmann-Krause,0.16,19,400,3,1.8798317550579222,0.63,8
Deffuant,0.16,19,400,4,2.921520651499105,0.395,400
Hegselmann-Krause,0.16,20,400,3,2.9494174900457164,0.38,8
Deffuant,0.16,20,400,3,2.9398794649419377,0.385,400
Hegselmann-Krause,0.16,21,400,2,1.8641066268990587,0.635,10
Deffuant,0.16,21,400,4,2.035778812632008,0.59,2900
Hegselmann-Krause,0.16,22,400,3,2.0033556206646135,0.5275,8
Deffuant,0.16,22,400,3,2.155578907660389,0.5075,1500
Hegselmann-Krause,0.16,23,400,2,1.9642024110584597,0.5675,7
Deffuant,0.16,23,400,4,2.8919495354806055,0.42,500
Hegselmann-Krause,0.16,24,400,2,1.7927572606669055,0.67,24
Deffuant,0.16,24,400,3,2.8177943714557427,0.4525,400
Hegselmann-Krause,0.16,25,400,2,1.9642024110584597,0.5675,9
Deffuant,0.16,25,400,3,2.6806956405187146,0.435,600
Hegselmann-Krause,0.16,26,400,2,1.8142235123367199,0.66,31
Deffuant,0.16,26,400,3,2.9965913773083117,0.3425,400
Hegselmann-Krause,0.16,27,400,2,1.8733608092918694,0.63,22
Deffuant,0.16,27,400,3,2.9820703023073767,0.3675,400
Hegselmann-Krause,0.16,28,400,2,1.923076923076923,0.6,21
Deffuant,0.16,28,400,4,2.8929953350450224,0.395,400
Hegselmann-Krause,0.16,29,400,3,2.97929390734396,0.36,7
Deffuant,0.16,29,400,3,2.988754810027272,0.3575,400
Hegselmann-Krause,0.17,0,400,2,1.8545994065281899,0.64,7
Deffuant,0.17,0,400,3,2.8477858465043426,0.415,500
Hegselmann-Krause,0.17,1,400,2,1.8778901903711183,0.6275,7
Deffuant,0.17,1,400,2,1.8593840790238232,0.6375,400
Hegselmann-Krause,0.17,2,400,3,2.066702833966261,0.5125,9
Deffuant,0.17,2,400,3,2.0585132388132674,0.5075,2400
Hegselmann-Krause,0.17,3,400,2,1.9998000199980002,0.505,9
Deffuant,0.17,3,400,4,2.0797587479852337,0.5025,3300
Hegselmann-Krause,0.17,4,400,2,1.8035891423933625,0.665,8
Deffuant,0.17,4,400,3,2.9283648742633326,0.395,400
Hegselmann-Krause,0.17,5,400,2,1.7705382436260622,0.68,39
Deffuant,0.17,5,400,3,2.911314094399359,0.405,400
Hegselmann-Krause,0.17,6,400,2,1.8142235123367199,0.66,17
Deffuant,0.17,6,400,2,1.8089315997738835,0.6625,400
Hegselmann-Krause,0.17,7,400,2,1.7061570944144682,0.7075,7
Deffuant,0.17,7,400,3,2.9317990251768236,0.405,400
Hegselmann-Krause,0.17,8,400,3,2.170786638808238,0.5525,9
Deffuant,0.17,8,400,3,1.9304553461547742,0.6,300
Hegselmann-Krause,0.17,9,400,2,1.7001020061203673,0.71,8
Deffuant,0.17,9,400,3,2.7834800459274205,0.45,500
Hegselmann-Krause,0.17,10,400,2,1.9559902200488999,0.575,62
Deffuant,0.17,10,400,2,1.9738952355103752,0.5575,300
Hegselmann-Krause,0.17,11,400,2,1.9405700424499694,0.5875,10
Deffuant,0.17,11,400,3,2.923656031867851,0.3775,400
Hegselmann-Krause,0.17,12,400,2,1.9588158957909942,0.5725,7
Deffuant,0.17,12,400,3,2.032726903140563,0.55,1200
Hegselmann-Krause,0.17,13,400,2,1.9338151756145907,0.5925,8
Deffuant,0.17,13,400,4,2.764435536818826,0.42,500
Hegselmann-Krause,0.17,14,400,2,1.9116346866113882,0.6075,9
Deffuant,0.17,14,400,3,2.94409892172377,0.3775,400
Hegselmann-Krause,0.17,15,400,2,1.9588158957909942,0.5725,9
Deffuant,0.17,15,400,3,2.907399331298154,0.415,400
Hegselmann-Krause,0.17,16,400,2,1.9559902200488999,0.575,11
Deffuant,0.17,16,400,3,1.9414177202902418,0.5925,300
Hegselmann-Krause,0.17,17,400,2,1.9998000199980002,0.505,10
Deffuant,0.17,17,400,3,2.660989888238425,0.47,600
Hegselmann-Krause,0.17,18,400,2,1.9116346866113882,0.6075,8
Deffuant,0.17,18,400,3,2.9598934438360223,0.38,400
Hegselmann-Krause,0.17,19,400,2,1.8867479540576872,0.6225,7
Deffuant,0.17,19,400,2,1.8823529411764706,0.625,300
Hegselmann-Krause,0.17,20,400,3,2.7213661257951496,0.41,9
Deffuant,0.17,20,400,3,2.9763012016816104,0.375,400
Hegselmann-Krause,0.17,21,400,2,1.8778901903711183,0.6275,7
Deffuant,0.17,21,400,5,1.9599196432946249,0.6,400
Hegselmann-Krause,0.17,22,400,3,2.022091347976645,0.5275,8
Deffuant,0.17,22,400,4,2.3003709348132384,0.465,1200
Hegselmann-Krause,0.17,23,400,2,1.9642024110584597,0.5675,7
Deffuant,0.17,23,400,2,1.943823500826125,0.585,300
Hegselmann-Krause,0.17,24,400,2,1.7927572606669055,0.67,20
Deffuant,0.17,24,400,3,2.86625344846118,0.435,400
Hegselmann-Krause,0.17,25,400,2,1.9692307692307693,0.5625,9
Deffuant,0.17,25,400,3,2.365394281659324,0.4725,1000
Hegselmann-Krause,0.17,26,400,2,1.8194637130705726,0.6575,9
Deffuant,0.17,26,400,3,2.994348167833215,0.3525,400
Hegselmann-Krause,0.17,27,400,2,1.8778901903711183,0.6275,40
Deffuant,0.17,27,400,3,2.8732536005459184,0.3925,500
Hegselmann-Krause,0.17,28,400,2,1.9267358685966134,0.5975,8
Deffuant,0.17,28,400,5,2.907822041291073,0.4075,500
Hegselmann-Krause,0.17,29,400,3,2.9274004683840746,0.38,8
Deffuant,0.17,29,400,3,2.9274004683840746,0.38,400
Hegselmann-Krause,0.18,0,400,2,1.8641066268990587,0.635,7
Deffuant,0.18,0,400,3,2.8468737767339243,0.41,500
Hegselmann-Krause,0.18,1,400,2,1.8778901903711183,0.6275,7
Deffuant,0.18,1,400,2,1.8867479540576872,0.6225,300
Hegselmann-Krause,0.18,2,400,2,1.9950124688279303,0.525,8
Deffuant,0.18,2,400,2,1.9338151756145907,0.5925,300
Hegselmann-Krause,0.18,3,400,2,1.998750780762024,0.5125,8
Deffuant,0.18,3,400,4,2.0660623434312133,0.515,4000
Hegselmann-Krause,0.18,4,400,2,1.8035891423933625,0.665,7
Deffuant,0.18,4,400,3,2.871603431566101,0.4175,500
Hegselmann-Krause,0.18,5,400,2,1.7872701682268046,0.6725,12
Deffuant,0.18,5,400,3,2.8881909094191123,0.4175,400
Hegselmann-Krause,0.18,6,400,2,1.8142235123367199,0.66,8
Deffuant,0.18,6,400,3,2.114109035173489,0.5875,1200
Hegselmann-Krause,0.18,7,400,2,1.712182176183546,0.705,7
Deffuant,0.18,7,400,3,1.7390170206290891,0.6975,400
Hegselmann-Krause,0.18,8,400,2,1.9338151756145907,0.5925,9
Deffuant,0.18,8,400,3,1.9595835884874462,0.6,1000
Hegselmann-Krause,0.18,9,400,2,1.7001020061203673,0.71,8
Deffuant,0.18,9,400,2,1.9076688286913392,0.61,300
Hegselmann-Krause,0.18,10,400,2,1.9888129272840274,0.5375,9
Deffuant,0.18,10,400,3,2.86409852498926,0.435,400
Hegselmann-Krause,0.18,11,400,2,1.9959581846760313,0.5225,9
Deffuant,0.18,11,400,4,1.9638166777131347,0.5875,300
Hegselmann-Krause,0.18,12,400,2,1.9615535504119266,0.57,7
Deffuant,0.18,12,400,3,2.002052103405991,0.555,600
Hegselmann-Krause,0.18,13,400,2,1.9469931125118645,0.5825,8
Deffuant,0.18,13,400,4,2.141041081225746,0.5175,2000
Hegselmann-Krause,0.18,14,400,2,1.9267358685966134,0.5975,7
Deffuant,0.18,14,400,3,2.8360748723766305,0.39,500
Hegselmann-Krause,0.18,15,400,2,1.9839301656581685,0.545,8
Deffuant,0.18,15,400,2,1.976089319237229,0.555,300
Hegselmann-Krause,0.18,16,400,3,2.1869276400317106,0.5025,8
Deffuant,0.18,16,400,2,1.9530773174483045,0.5775,300
Hegselmann-Krause,0.18,17,400,3,2.1884232410548203,0.515,9
Deffuant,0.18,17,400,3,2.314613893469896,0.4775,1000
Hegselmann-Krause,0.18,18,400,2,1.943823500826125,0.585,7
Deffuant,0.18,18,400,3,1.9217834150091286,0.61,300
Hegselmann-Krause,0.18,19,400,2,1.8953303797768246,0.6175,7
Deffuant,0.18,19,400,3,1.9449104125641214,0.59,300
Hegselmann-Krause,0.18,20,400,3,2.544853034737244,0.45,8
Deffuant,0.18,20,400,3,2.923015090065402,0.4075,400
Hegselmann-Krause,0.18,21,400,2,1.8545994065281899,0.64,7
Deffuant,0.18,21,400,4,1.9772126245026074,0.6025,3500
Hegselmann-Krause,0.18,22,400,2,1.9939682460556813,0.5275,7
Deffuant,0.18,22,400,4,2.3776265343121232,0.4775,900
Hegselmann-Krause,0.18,23,400,2,1.9642024110584597,0.5675,6
Deffuant,0.18,23,400,3,2.7427317608337907,0.42,600
Hegselmann-Krause,0.18,24,400,2,1.7927572606669055,0.67,8
Deffuant,0.18,24,400,3,2.8905911258852437,0.425,400
Hegselmann-Krause,0.18,25,400,2,1.9821114442159509,0.5475,8
Deffuant,0.18,25,400,3,2.285453091075306,0.475,1100
Hegselmann-Krause,0.18,26,400,2,1.8348623853211008,0.65,7
Deffuant,0.18,26,400,3,2.9860774140569593,0.365,400
Hegselmann-Krause,0.18,27,400,2,1.8778901903711183,0.6275,8
Deffuant,0.18,27,400,2,1.8545994065281899,0.64,400
Hegselmann-Krause,0.18,28,400,2,1.950078003120125,0.58,7
Deffuant,0.18,28,400,2,1.9405700424499694,0.5875,300
Hegselmann-Krause,0.18,29,400,3,2.885898777100393,0.3875,7
Deffuant,0.18,29,400,3,2.5833952271773177,0.4575,700
Hegselmann-Krause,0.19,0,400,2,1.9642024110584597,0.5675,8
Deffuant,0.19,0,400,2,1.8348623853211008,0.65,400
Hegselmann-Krause,0.19,1,400,2,1.8778901903711183,0.6275,6
Deffuant,0.19,1,400,3,1.929943066679533,0.605,300
Hegselmann-Krause,0.19,2,400,2,1.996805111821086,0.52,8
Deffuant,0.19,2,400,3,1.9847669139355446,0.555,300
Hegselmann-Krause,0.19,3,400,2,1.9959581846760313,0.5225,7
Deffuant,0.19,3,400,3,2.0084858527277754,0.5125,300
Hegselmann-Krause,0.19,4,400,2,1.8194637130705726,0.6575,6
Deffuant,0.19,4,400,2,1.829784314173967,0.6525,400
Hegselmann-Krause,0.19,5,400,2,1.7981973071995325,0.6675,9
Deffuant,0.19,5,400,3,2.8648164726947183,0.4125,500
Hegselmann-Krause,0.19,6,400,2,1.8142235123367199,0.66,8
Deffuant,0.19,6,400,3,1.9064413888425518,0.615,400
Hegselmann-Krause,0.19,7,400,2,1.7761594991230212,0.6775,7
Deffuant,0.19,7,400,4,1.802085914445971,0.675,500
Hegselmann-Krause,0.19,8,400,2,1.950078003120125,0.58,7
Deffuant,0.19,8,400,3,2.0444149140067975,0.5625,2700
Hegselmann-Krause,0.19,9,400,2,1.735960420102422,0.695,7
Deffuant,0.19,9,400,2,1.8733608092918694,0.63,400
Hegselmann-Krause,0.19,10,400,2,1.9975529975779673,0.5175,8
Deffuant,0.19,10,400,2,1.996805111821086,0.52,300
Hegselmann-Krause,0.19,11,400,1,1.0,1.0,113
Deffuant,0.19,11,400,4,1.9564685742235264,0.5975,500
Hegselmann-Krause,0.19,12,400,2,1.9692307692307693,0.5625,6
Deffuant,0.19,12,400,4,2.0131863707282704,0.5525,300
Hegselmann-Krause,0.19,13,400,2,1.9821114442159509,0.5475,8
Deffuant,0.19,13,400,5,2.0177562550443904,0.5475,300
Hegselmann-Krause,0.19,14,400,2,1.9303156066016793,0.595,7
Deffuant,0.19,14,400,3,2.078407939518329,0.5475,2400
Hegselmann-Krause,0.19,15,400,2,1.9950124688279303,0.525,8
Deffuant,0.19,15,400,2,1.9469931125118645,0.5825,300
Hegselmann-Krause,0.19,16,400,2,1.9915855510468272,0.5325,8
Deffuant,0.19,16,400,4,2.0370228910447383,0.515,400
Hegselmann-Krause,0.19,17,400,3,2.1054293760033684,0.5275,8
Deffuant,0.19,17,400,3,2.07055413204959,0.4925,3100
Hegselmann-Krause,0.19,18,400,2,1.9559902200488999,0.575,7
Deffuant,0.19,18,400,2,1.9338151756145907,0.5925,300
Hegselmann-Krause,0.19,19,400,2,1.8953303797768246,0.6175,7
Deffuant,0.19,19,400,5,1.89753320683112,0.6275,300
Hegselmann-Krause,0.19,20,400,2,1.9642024110584597,0.5675,10
Deffuant,0.19,20,400,2,1.8995156235160036,0.615,300
Hegselmann-Krause,0.19,21,400,2,1.9155253328225266,0.605,6
Deffuant,0.19,21,400,4,1.931527355256169,0.6125,600
Hegselmann-Krause,0.19,22,400,3,2.0033556206646135,0.5275,7
Deffuant,0.19,22,400,5,2.054495492950512,0.52,400
Hegselmann-Krause,0.19,23,400,2,1.9642024110584597,0.5675,6
Deffuant,0.19,23,400,3,2.0284489971855266,0.545,600
Hegselmann-Krause,0.19,24,400,2,1.7927572606669055,0.67,8
Deffuant,0.19,24,400,3,2.9324438253729697,0.4,400
Hegselmann-Krause,0.19,25,400,2,1.9872813990461045,0.54,8
Deffuant,0.19,25,400,3,2.1306629024955392,0.495,2000
Hegselmann-Krause,0.19,26,400,2,1.8641066268990587,0.635,7
Deffuant,0.19,26,400,3,2.9771873022961555,0.3725,400
Hegselmann-Krause,0.19,27,400,2,1.9155253328225266,0.605,7
Deffuant,0.19,27,400,3,1.948320791018241,0.6025,500
Hegselmann-Krause,0.19,28,400,2,1.9588158957909942,0.5725,7
Deffuant,0.19,28,400,2,1.9559902200488999,0.575,300
Hegselmann-Krause,0.19,29,400,2,1.9303156066016793,0.595,10
Deffuant,0.19,29,400,2,1.923076923076923,0.6,300
Hegselmann-Krause,0.2,0,400,2,1.9615535504119266,0.57,7
Deffuant,0.2,0,400,3,1.8691152075886082,0.6475,700
Hegselmann-Krause,0.2,1,400,2,1.8995156235160036,0.615,7
Deffuant,0.2,1,400,3,1.9341892120596693,0.5975,300
Hegselmann-Krause,0.2,2,400,2,1.9959581846760313,0.5225,8
Deffuant,0.2,2,400,4,2.024547640136657,0.5225,300
Hegselmann-Krause,0.2,3,400,2,1.9915855510468272,0.5325,7
Deffuant,0.2,3,400,2,1.996805111821086,0.52,300
Hegselmann-Krause,0.2,4,400,2,1.8194637130705726,0.6575,6
Deffuant,0.2,4,400,5,1.9234005722116707,0.6275,300
Hegselmann-Krause,0.2,5,400,2,1.8089315997738835,0.6625,8
Deffuant,0.2,5,400,3,2.8693375416950615,0.4125,500
Hegselmann-Krause,0.2,6,400,2,1.8687659137097343,0.6325,8
Deffuant,0.2,6,400,4,1.9628048481279747,0.5825,300
Hegselmann-Krause,0.2,7,400,2,1.7927572606669055,0.67,7
Deffuant,0.2,7,400,3,1.8355780923754679,0.6525,400
Hegselmann-Krause,0.2,8,400,2,1.9642024110584597,0.5675,7
Deffuant,0.2,8,400,3,1.983290775218782,0.5725,500
Hegselmann-Krause,0.2,9,400,2,1.7591696719148557,0.685,8
Deffuant,0.2,9,400,2,1.8348623853211008,0.65,400
Hegselmann-Krause,0.2,10,400,2,1.999950001249969,0.5025,8
Deffuant,0.2,10,400,2,1.9801980198019797,0.55,300
Hegselmann-Krause,0.2,11,400,2,1.9928258270227182,0.53,8
Deffuant,0.2,11,400,4,1.9772126245026074,0.5775,300
Hegselmann-Krause,0.2,12,400,2,1.9716088328075707,0.56,7
Deffuant,0.2,12,400,3,1.9847669139355446,0.555,300
Hegselmann-Krause,0.2,13,400,2,1.9975529975779673,0.5175,7
Deffuant,0.2,13,400,4,1.99725377605792,0.56,400
Hegselmann-Krause,0.2,14,400,2,1.9469931125118645,0.5825,7
Deffuant,0.2,14,400,3,2.008637139700713,0.535,400
Hegselmann-Krause,0.2,15,400,2,1.9998000199980002,0.505,8
Deffuant,0.2,15,400,2,1.990247785849338,0.535,300
Hegselmann-Krause,0.2,16,400,2,1.996805111821086,0.52,8
Deffuant,0.2,16,400,4,2.0370228910447383,0.515,400
Hegselmann-Krause,0.2,17,400,2,1.9872813990461045,0.54,9
Deffuant,0.2,17,400,3,2.037645500624029,0.5125,400
Hegselmann-Krause,0.2,18,400,2,1.9615535504119266,0.57,7
Deffuant,0.2,18,400,2,1.9530773174483045,0.5775,300
Hegselmann-Krause,0.2,19,400,2,1.9303156066016793,0.595,7
Deffuant,0.2,19,400,4,1.9218295817618372,0.61,300
Hegselmann-Krause,0.2,20,400,2,1.9928258270227182,0.53,8
Deffuant,0.2,20,400,2,1.8995156235160036,0.615,300
Hegselmann-Krause,0.2,21,400,2,1.919339747126988,0.6025,6
Deffuant,0.2,21,400,3,1.9377967251235344,0.6,300
Hegselmann-Krause,0.2,22,400,2,1.9928258270227182,0.53,7
Deffuant,0.2,22,400,4,2.0563966789193637,0.5325,1100
Hegselmann-Krause,0.2,23,400,2,1.9839301656581685,0.545,7
Deffuant,0.2,23,400,3,2.0084858527277754,0.5125,300
Hegselmann-Krause,0.2,24,400,2,1.8398840873025002,0.6475,8
Deffuant,0.2,24,400,3,2.8788369498722512,0.4175,400
Hegselmann-Krause,0.2,25,400,2,1.9928258270227182,0.53,7
Deffuant,0.2,25,400,3,2.1102054812587374,0.4975,2200
Hegselmann-Krause,0.2,26,400,2,1.8823529411764706,0.625,7
Deffuant,0.2,26,400,2,1.8448482612305137,0.645,400
Hegselmann-Krause,0.2,27,400,2,1.9839301656581685,0.545,8
Deffuant,0.2,27,400,3,1.86076803200521,0.64,400
Hegselmann-Krause,0.2,28,400,2,1.9615535504119266,0.57,7
Deffuant,0.2,28,400,2,1.9667617268167963,0.565,300
Hegselmann-Krause,0.2,29,400,2,1.9959581846760313,0.5225,9
Deffuant,0.2,29,400,3,2.004359481873074,0.5525,500
Hegselmann-Krause,0.21,0,400,1,1.0,1.0,33
Deffuant,0.21,0,400,3,1.8470205250155844,0.6525,400
Hegselmann-Krause,0.21,1,400,2,1.8910741301059,0.62,7
Deffuant,0.21,1,400,2,1.950078003120125,0.58,300
Hegselmann-Krause,0.21,2,400,2,1.9959581846760313,0.5225,7
Deffuant,0.21,2,400,2,1.999550101227224,0.5075,300
Hegselmann-Krause,0.21,3,400,2,1.9888129272840274,0.5375,7
Deffuant,0.21,3,400,2,1.9888129272840274,0.5375,300
Hegselmann-Krause,0.21,4,400,2,1.8398840873025002,0.6475,6
Deffuant,0.21,4,400,3,1.8955549237039144,0.625,400
Hegselmann-Krause,0.21,5,400,1,1.0,1.0,9
Deffuant,0.21,5,400,2,1.0050124998429668,0.9975,300
Hegselmann-Krause,0.21,6,400,2,1.8953303797768246,0.6175,8
Deffuant,0.21,6,400,3,1.9341892120596693,0.5975,300
Hegselmann-Krause,0.21,7,400,2,1.8194637130705726,0.6575,8
Deffuant,0.21,7,400,2,1.8035891423933625,0.665,400
Hegselmann-Krause,0.21,8,400,2,1.9559902200488999,0.575,7
Deffuant,0.21,8,400,3,1.9890107157952313,0.55,300
Hegselmann-Krause,0.21,9,400,2,1.9267358685966134,0.5975,8
Deffuant,0.21,9,400,3,1.8889754669311232,0.625,300
Hegselmann-Krause,0.21,10,400,1,1.0,1.0,115
Deffuant,0.21,10,400,3,2.0078809326606932,0.515,300
Hegselmann-Krause,0.21,11,400,1,1.0,1.0,46
Deffuant,0.21,11,400,3,2.0215803704546027,0.5425,1100
Hegselmann-Krause,0.21,12,400,2,1.9821114442159509,0.5475,6
Deffuant,0.21,12,400,2,1.9615535504119266,0.57,300
Hegselmann-Krause,0.21,13,400,2,1.998750780762024,0.5125,6
Deffuant,0.21,13,400,2,1.9888129272840274,0.5375,300
Hegselmann-Krause,0.21,14,400,2,1.9856536523616868,0.5425,7
Deffuant,0.21,14,400,2,1.9992003198720512,0.51,300
Hegselmann-Krause,0.21,15,400,1,1.0,1.0,30
Deffuant,0.21,15,400,3,2.0099997487500314,0.5,300
Hegselmann-Krause,0.21,16,400,2,1.9950124688279303,0.525,7
Deffuant,0.21,16,400,2,1.9928258270227182,0.53,300
Hegselmann-Krause,0.21,17,400,2,1.9856536523616868,0.5425,7
Deffuant,0.21,17,400,4,2.01765447667087,0.5475,400
Hegselmann-Krause,0.21,18,400,2,1.976089319237229,0.555,8
Deffuant,0.21,18,400,3,1.9801490062127172,0.56,300
Hegselmann-Krause,0.21,19,400,2,1.9303156066016793,0.595,7
Deffuant,0.21,19,400,3,1.9217834150091286,0.61,300
Hegselmann-Krause,0.21,20,400,2,1.9959581846760313,0.5225,7
Deffuant,0.21,20,400,3,1.9378436644623698,0.595,300
Hegselmann-Krause,0.21,21,400,2,1.9155253328225266,0.605,7
Deffuant,0.21,21,400,3,1.9377967251235344,0.6,300
Hegselmann-Krause,0.21,22,400,2,1.9939682460556813,0.5275,6
Deffuant,0.21,22,400,4,2.0159766146712697,0.52,300
Hegselmann-Krause,0.21,23,400,2,1.9959581846760313,0.5225,7
Deffuant,0.21,23,400,3,2.0096967869972615,0.505,300
Hegselmann-Krause,0.21,24,400,1,1.0,1.0,11
Deffuant,0.21,24,400,2,1.5678588926996573,0.7625,500
Hegselmann-Krause,0.21,25,400,2,1.9959581846760313,0.5225,7
Deffuant,0.21,25,400,3,2.1314576506008045,0.49,1700
Hegselmann-Krause,0.21,26,400,2,1.9155253328225266,0.605,7
Deffuant,0.21,26,400,2,1.8953303797768246,0.6175,300
Hegselmann-Krause,0.21,27,400,2,1.9888129272840274,0.5375,8
Deffuant,0.21,27,400,3,1.9370929078185912,0.605,500
Hegselmann-Krause,0.21,28,400,2,1.9821114442159509,0.5475,7
Deffuant,0.21,28,400,2,1.9559902200488999,0.575,300
Hegselmann-Krause,0.21,29,400,2,1.9959581846760313,0.5225,8
Deffuant,0.21,29,400,4,2.027163997567403,0.535,300
Hegselmann-Krause,0.22,0,400,1,1.0,1.0,25
Deffuant,0.22,0,400,2,1.8593840790238232,0.6375,300
Hegselmann-Krause,0.22,1,400,1,1.0,1.0,20
Deffuant,0.22,1,400,2,1.950078003120125,0.58,300
Hegselmann-Krause,0.22,2,400,2,1.996805111821086,0.52,7
Deffuant,0.22,2,400,2,1.9959581846760313,0.5225,300
Hegselmann-Krause,0.22,3,400,2,1.9888129272840274,0.5375,7
Deffuant,0.22,3,400,2,1.990247785849338,0.535,300
Hegselmann-Krause,0.22,4,400,2,1.8497537515318276,0.6425,7
Deffuant,0.22,4,400,3,1.918787326409709,0.6075,300
Hegselmann-Krause,0.22,5,400,1,1.0,1.0,8
Deffuant,0.22,5,400,3,1.9594396002743217,0.585,300
Hegselmann-Krause,0.22,6,400,2,1.9076688286913392,0.61,7
Deffuant,0.22,6,400,2,1.8778901903711183,0.6275,300
Hegselmann-Krause,0.22,7,400,1,1.0,1.0,14
Deffuant,0.22,7,400,2,1.7761594991230212,0.6775,400
Hegselmann-Krause,0.22,8,400,2,1.9781904502856011,0.5525,7
Deffuant,0.22,8,400,2,1.950078003120125,0.58,300
Hegselmann-Krause,0.22,9,400,2,1.9303156066016793,0.595,7
Deffuant,0.22,9,400,4,1.8909847302983034,0.6275,300
Hegselmann-Krause,0.22,10,400,1,1.0,1.0,105
Deffuant,0.22,10,400,2,1.9872813990461045,0.54,300
Hegselmann-Krause,0.22,11,400,1,1.0,1.0,23
Deffuant,0.22,11,400,2,1.9982016185433111,0.515,300
Hegselmann-Krause,0.22,12,400,2,1.9856536523616868,0.5425,6
Deffuant,0.22,12,400,2,1.9738952355103752,0.5575,300
Hegselmann-Krause,0.22,13,400,2,1.999550101227224,0.5075,7
Deffuant,0.22,13,400,2,1.976089319237229,0.555,300
Hegselmann-Krause,0.22,14,400,2,1.996805111821086,0.52,7
Deffuant,0.22,14,400,2,1.999950001249969,0.5025,300
Hegselmann-Krause,0.22,15,400,1,1.0,1.0,32
Deffuant,0.22,15,400,2,1.9856536523616868,0.5425,300
Hegselmann-Krause,0.22,16,400,2,1.998750780762024,0.5125,7
Deffuant,0.22,16,400,2,1.9939682460556813,0.5275,300
Hegselmann-Krause,0.22,17,400,2,1.9872813990461045,0.54,7
Deffuant,0.22,17,400,2,1.9716088328075707,0.56,300
Hegselmann-Krause,0.22,18,400,2,1.9716088328075707,0.56,6
Deffuant,0.22,18,400,3,1.9611207805260706,0.5775,300
Hegselmann-Krause,0.22,19,400,2,1.9405700424499694,0.5875,7
Deffuant,0.22,19,400,3,1.9777014165286397,0.5625,300
Hegselmann-Krause,0.22,20,400,2,1.9998000199980002,0.505,7
Deffuant,0.22,20,400,2,1.9338151756145907,0.5925,300
Hegselmann-Krause,0.22,21,400,2,1.9155253328225266,0.605,7
Deffuant,0.22,21,400,3,1.9698126215743732,0.57,300
Hegselmann-Krause,0.22,22,400,2,1.9939682460556813,0.5275,6
Deffuant,0.22,22,400,3,2.0078809326606932,0.515,300
Hegselmann-Krause,0.22,23,400,2,1.999950001249969,0.5025,7
Deffuant,0.22,23,400,2,1.996805111821086,0.52,300
Hegselmann-Krause,0.22,24,400,1,1.0,1.0,9
Deffuant,0.22,24,400,1,1.0,1.0,300
Hegselmann-Krause,0.22,25,400,2,1.9959581846760313,0.5225,6
Deffuant,0.22,25,400,3,2.009393916559918,0.5075,300
Hegselmann-Krause,0.22,26,400,2,1.9469931125118645,0.5825,7
Deffuant,0.22,26,400,2,1.9469931125118645,0.5825,300
Hegselmann-Krause,0.22,27,400,2,1.9950124688279303,0.525,7
Deffuant,0.22,27,400,2,1.9588158957909942,0.5725,300
Hegselmann-Krause,0.22,28,400,2,1.9950124688279303,0.525,7
Deffuant,0.22,28,400,2,1.976089319237229,0.555,300
Hegselmann-Krause,0.22,29,400,2,1.998750780762024,0.5125,7
Deffuant,0.22,29,400,2,1.998750780762024,0.5125,300
Hegselmann-Krause,0.23,0,400,1,1.0,1.0,26
Deffuant,0.23,0,400,2,1.8448482612305137,0.645,400
Hegselmann-Krause,0.23,1,400,1,1.0,1.0,15
Deffuant,0.23,1,400,2,1.9559902200488999,0.575,300
Hegselmann-Krause,0.23,2,400,1,1.0,1.0,24
Deffuant,0.23,2,400,2,1.999950001249969,0.5025,300
Hegselmann-Krause,0.23,3,400,1,1.0,1.0,16
Deffuant,0.23,3,400,2,1.9888129272840274,0.5375,300
Hegselmann-Krause,0.23,4,400,1,1.0,1.0,28
Deffuant,0.23,4,400,3,1.922753382844233,0.605,300
Hegselmann-Krause,0.23,5,400,1,1.0,1.0,7
Deffuant,0.23,5,400,2,1.9588158957909942,0.5725,300
Hegselmann-Krause,0.23,6,400,1,1.0,1.0,90
Deffuant,0.23,6,400,2,1.9155253328225266,0.605,300
Hegselmann-Krause,0.23,7,400,1,1.0,1.0,8
Deffuant,0.23,7,400,3,1.8197948181342551,0.66,400
Hegselmann-Krause,0.23,8,400,2,1.9469931125118645,0.5825,7
Deffuant,0.23,8,400,2,1.950078003120125,0.58,300
Hegselmann-Krause,0.23,9,400,1,1.0,1.0,22
Deffuant,0.23,9,400,2,1.8687659137097343,0.6325,400
Hegselmann-Krause,0.23,10,400,1,1.0,1.0,50
Deffuant,0.23,10,400,2,1.9801980198019797,0.55,300
Hegselmann-Krause,0.23,11,400,1,1.0,1.0,8
Deffuant,0.23,11,400,2,1.9975529975779673,0.5175,300
Hegselmann-Krause,0.23,12,400,2,1.9872813990461045,0.54,6
Deffuant,0.23,12,400,2,1.990247785849338,0.535,300
Hegselmann-Krause,0.23,13,400,2,1.998750780762024,0.5125,6
Deffuant,0.23,13,400,2,1.9915855510468272,0.5325,300
Hegselmann-Krause,0.23,14,400,1,1.0,1.0,28
Deffuant,0.23,14,400,2,1.999950001249969,0.5025,300
Hegselmann-Krause,0.23,15,400,1,1.0,1.0,15
Deffuant,0.23,15,400,2,1.9530773174483045,0.5775,300
Hegselmann-Krause,0.23,16,400,1,1.0,1.0,52
Deffuant,0.23,16,400,2,1.9975529975779673,0.5175,300
Hegselmann-Krause,0.23,17,400,2,1.9856536523616868,0.5425,6
Deffuant,0.23,17,400,2,1.943823500826125,0.585,300
Hegselmann-Krause,0.23,18,400,1,1.0,1.0,31
Deffuant,0.23,18,400,2,1.9530773174483045,0.5775,300
Hegselmann-Krause,0.23,19,400,1,1.0,1.0,16
Deffuant,0.23,19,400,2,1.950078003120125,0.58,300
Hegselmann-Krause,0.23,20,400,2,1.9998000199980002,0.505,7
Deffuant,0.23,20,400,2,1.9716088328075707,0.56,300
Hegselmann-Krause,0.23,21,400,1,1.0,1.0,16
Deffuant,0.23,21,400,3,1.9777014165286397,0.5625,300
Hegselmann-Krause,0.23,22,400,1,1.0,1.0,124
Deffuant,0.23,22,400,3,1.9994501512084177,0.535,300
Hegselmann-Krause,0.23,23,400,1,1.0,1.0,41
Deffuant,0.23,23,400,2,1.9982016185433111,0.515,300
Hegselmann-Krause,0.23,24,400,1,1.0,1.0,7
Deffuant,0.23,24,400,2,1.8641066268990587,0.635,400
Hegselmann-Krause,0.23,25,400,2,1.996805111821086,0.52,6
Deffuant,0.23,25,400,2,1.9959581846760313,0.5225,300
Hegselmann-Krause,0.23,26,400,1,1.0,1.0,108
Deffuant,0.23,26,400,2,1.9559902200488999,0.575,300
Hegselmann-Krause,0.23,27,400,1,1.0,1.0,54
Deffuant,0.23,27,400,2,1.9781904502856011,0.5525,300
Hegselmann-Krause,0.23,28,400,1,1.0,1.0,16
Deffuant,0.23,28,400,2,1.9781904502856011,0.5525,300
Hegselmann-Krause,0.23,29,400,1,1.0,1.0,63
Deffuant,0.23,29,400,2,1.9998000199980002,0.505,300
Hegselmann-Krause,0.24,0,400,1,1.0,1.0,13
Deffuant,0.24,0,400,2,1.9076688286913392,0.61,300
Hegselmann-Krause,0.24,1,400,1,1.0,1.0,10
Deffuant,0.24,1,400,2,1.976089319237229,0.555,300
Hegselmann-Krause,0.24,2,400,1,1.0,1.0,21
Deffuant,0.24,2,400,2,1.9928258270227182,0.53,300
Hegselmann-Krause,0.24,3,400,1,1.0,1.0,14
Deffuant,0.24,3,400,2,1.9821114442159509,0.5475,300
Hegselmann-Krause,0.24,4,400,1,1.0,1.0,12
Deffuant,0.24,4,400,4,2.0086875737564966,0.535,300
Hegselmann-Krause,0.24,5,400,1,1.0,1.0,7
Deffuant,0.24,5,400,2,1.9642024110584597,0.5675,300
Hegselmann-Krause,0.24,6,400,1,1.0,1.0,78
Deffuant,0.24,6,400,2,1.9588158957909942,0.5725,300
Hegselmann-Krause,0.24,7,400,1,1.0,1.0,7
Deffuant,0.24,7,400,5,1.797106658280169,0.675,400
Hegselmann-Krause,0.24,8,400,1,1.0,1.0,25
Deffuant,0.24,8,400,2,1.976089319237229,0.555,300
Hegselmann-Krause,0.24,9,400,1,1.0,1.0,10
Deffuant,0.24,9,400,2,1.8910741301059,0.62,300
Hegselmann-Krause,0.24,10,400,1,1.0,1.0,24
Deffuant,0.24,10,400,2,1.9372336303758233,0.59,300
Hegselmann-Krause,0.24,11,400,1,1.0,1.0,7
Deffuant,0.24,11,400,2,1.9959581846760313,0.5225,300
Hegselmann-Krause,0.24,12,400,2,1.990247785849338,0.535,6
Deffuant,0.24,12,400,2,1.9801980198019797,0.55,300
Hegselmann-Krause,0.24,13,400,1,1.0,1.0,47
Deffuant,0.24,13,400,2,1.990247785849338,0.535,300
Hegselmann-Krause,0.24,14,400,1,1.0,1.0,20
Deffuant,0.24,14,400,2,1.999950001249969,0.5025,300
Hegselmann-Krause,0.24,15,400,1,1.0,1.0,12
Deffuant,0.24,15,400,2,1.9801980198019797,0.55,300
Hegselmann-Krause,0.24,16,400,1,1.0,1.0,16
Deffuant,0.24,16,400,2,1.996805111821086,0.52,300
Hegselmann-Krause,0.24,17,400,1,1.0,1.0,42
Deffuant,0.24,17,400,2,1.976089319237229,0.555,300
Hegselmann-Krause,0.24,18,400,1,1.0,1.0,23
Deffuant,0.24,18,400,2,1.9588158957909942,0.5725,300
Hegselmann-Krause,0.24,19,400,1,1.0,1.0,13
Deffuant,0.24,19,400,2,1.9559902200488999,0.575,300
Hegselmann-Krause,0.24,20,400,1,1.0,1.0,21
Deffuant,0.24,20,400,2,1.9950124688279303,0.525,300
Hegselmann-Krause,0.24,21,400,1,1.0,1.0,11
Deffuant,0.24,21,400,2,1.919339747126988,0.6025,300
Hegselmann-Krause,0.24,22,400,2,1.9939682460556813,0.5275,6
Deffuant,0.24,22,400,2,1.999950001249969,0.5025,300
Hegselmann-Krause,0.24,23,400,2,1.999950001249969,0.5025,7
Deffuant,0.24,23,400,2,1.9801980198019797,0.55,300
Hegselmann-Krause,0.24,24,400,1,1.0,1.0,7
Deffuant,0.24,24,400,3,1.8568378052177144,0.645,500
Hegselmann-Krause,0.24,25,400,2,1.996805111821086,0.52,6
Deffuant,0.24,25,400,2,1.998750780762024,0.5125,300
Hegselmann-Krause,0.24,26,400,1,1.0,1.0,49
Deffuant,0.24,26,400,2,1.9801980198019797,0.55,300
Hegselmann-Krause,0.24,27,400,1,1.0,1.0,12
Deffuant,0.24,27,400,2,1.9588158957909942,0.5725,300
Hegselmann-Krause,0.24,28,400,1,1.0,1.0,13
Deffuant,0.24,28,400,2,1.990247785849338,0.535,300
Hegselmann-Krause,0.24,29,400,1,1.0,1.0,26
Deffuant,0.24,29,400,2,1.998750780762024,0.5125,300
Hegselmann-Krause,0.25,0,400,1,1.0,1.0,8
Deffuant,0.25,0,400,2,1.0050124998429668,0.9975,200
Hegselmann-Krause,0.25,1,400,1,1.0,1.0,8
Deffuant,0.25,1,400,2,1.9716088328075707,0.56,300
Hegselmann-Krause,0.25,2,400,1,1.0,1.0,31
Deffuant,0.25,2,400,2,1.9928258270227182,0.53,300
Hegselmann-Krause,0.25,3,400,1,1.0,1.0,8
Deffuant,0.25,3,400,2,1.990247785849338,0.535,300
Hegselmann-Krause,0.25,4,400,1,1.0,1.0,9
Deffuant,0.25,4,400,3,2.0054648918302376,0.5225,300
Hegselmann-Krause,0.25,5,400,1,1.0,1.0,6
Deffuant,0.25,5,400,3,1.9548908926520538,0.5825,300
Hegselmann-Krause,0.25,6,400,1,1.0,1.0,13
Deffuant,0.25,6,400,2,1.923076923076923,0.6,300
Hegselmann-Krause,0.25,7,400,1,1.0,1.0,6
Deffuant,0.25,7,400,3,1.583750717637044,0.7575,500
Hegselmann-Krause,0.25,8,400,1,1.0,1.0,22
Deffuant,0.25,8,400,2,1.943823500826125,0.585,300
Hegselmann-Krause,0.25,9,400,1,1.0,1.0,7
Deffuant,0.25,9,400,3,1.8889754669311232,0.625,300
Hegselmann-Krause,0.25,10,400,1,1.0,1.0,10
Deffuant,0.25,10,400,2,1.943823500826125,0.585,300
Hegselmann-Krause,0.25,11,400,1,1.0,1.0,7
Deffuant,0.25,11,400,2,1.9992003198720512,0.51,300
Hegselmann-Krause,0.25,12,400,1,1.0,1.0,107
Deffuant,0.25,12,400,2,1.9839301656581685,0.545,300
Hegselmann-Krause,0.25,13,400,1,1.0,1.0,12
Deffuant,0.25,13,400,2,1.9928258270227182,0.53,300
Hegselmann-Krause,0.25,14,400,1,1.0,1.0,16
Deffuant,0.25,14,400,2,1.9982016185433111,0.515,300
Hegselmann-Krause,0.25,15,400,1,1.0,1.0,9
Deffuant,0.25,15,400,2,1.976089319237229,0.555,300
Hegselmann-Krause,0.25,16,400,1,1.0,1.0,11
Deffuant,0.25,16,400,2,1.9992003198720512,0.51,300
Hegselmann-Krause,0.25,17,400,1,1.0,1.0,38
Deffuant,0.25,17,400,2,1.9588158957909942,0.5725,300
Hegselmann-Krause,0.25,18,400,1,1.0,1.0,11
Deffuant,0.25,18,400,2,1.9781904502856011,0.5525,300
Hegselmann-Krause,0.25,19,400,1,1.0,1.0,8
Deffuant,0.25,19,400,2,1.9338151756145907,0.5925,300
Hegselmann-Krause,0.25,20,400,1,1.0,1.0,95
Deffuant,0.25,20,400,2,1.9959581846760313,0.5225,300
Hegselmann-Krause,0.25,21,400,1,1.0,1.0,8
Deffuant,0.25,21,400,2,1.9338151756145907,0.5925,300
Hegselmann-Krause,0.25,22,400,2,1.9939682460556813,0.5275,6
Deffuant,0.25,22,400,2,1.9992003198720512,0.51,300
Hegselmann-Krause,0.25,23,400,1,1.0,1.0,13
Deffuant,0.25,23,400,2,1.990247785849338,0.535,300
Hegselmann-Krause,0.25,24,400,1,1.0,1.0,7
Deffuant,0.25,24,400,1,1.0,1.0,200
Hegselmann-Krause,0.25,25,400,2,1.9992003198720512,0.51,7
Deffuant,0.25,25,400,2,1.998750780762024,0.5125,300
Hegselmann-Krause,0.25,26,400,1,1.0,1.0,76
Deffuant,0.25,26,400,2,1.9801980198019797,0.55,300
Hegselmann-Krause,0.25,27,400,1,1.0,1.0,10
Deffuant,0.25,27,400,2,1.9469931125118645,0.5825,300
Hegselmann-Krause,0.25,28,400,1,1.0,1.0,12
Deffuant,0.25,28,400,2,1.9939682460556813,0.5275,300
Hegselmann-Krause,0.25,29,400,1,1.0,1.0,19
Deffuant,0.25,29,400,2,1.9992003198720512,0.51,300
Hegselmann-Krause,0.26,0,400,1,1.0,1.0,7
Deffuant,0.26,0,400,3,1.8751611466610414,0.6325,300
Hegselmann-Krause,0.26,1,400,1,1.0,1.0,7
Deffuant,0.26,1,400,2,1.9872813990461045,0.54,300
Hegselmann-Krause,0.26,2,400,1,1.0,1.0,14
Deffuant,0.26,2,400,2,1.9959581846760313,0.5225,300
Hegselmann-Krause,0.26,3,400,1,1.0,1.0,7
Deffuant,0.26,3,400,2,1.9856536523616868,0.5425,300
Hegselmann-Krause,0.26,4,400,1,1.0,1.0,7
Deffuant,0.26,4,400,2,1.998750780762024,0.5125,300
Hegselmann-Krause,0.26,5,400,1,1.0,1.0,6
Deffuant,0.26,5,400,2,1.0050124998429668,0.9975,200
Hegselmann-Krause,0.26,6,400,1,1.0,1.0,8
Deffuant,0.26,6,400,2,1.8953303797768246,0.6175,300
Hegselmann-Krause,0.26,7,400,1,1.0,1.0,6
Deffuant,0.26,7,400,3,1.0942864568372386,0.955,1500
Hegselmann-Krause,0.26,8,400,1,1.0,1.0,14
Deffuant,0.26,8,400,2,1.9469931125118645,0.5825,300
Hegselmann-Krause,0.26,9,400,1,1.0,1.0,7
Deffuant,0.26,9,400,3,1.9378436644623698,0.595,300
Hegselmann-Krause,0.26,10,400,1,1.0,1.0,7
Deffuant,0.26,10,400,2,1.9781904502856011,0.5525,300
Hegselmann-Krause,0.26,11,400,1,1.0,1.0,6
Deffuant,0.26,11,400,1,1.0,1.0,200
Hegselmann-Krause,0.26,12,400,1,1.0,1.0,50
Deffuant,0.26,12,400,2,1.996805111821086,0.52,300
Hegselmann-Krause,0.26,13,400,1,1.0,1.0,8
Deffuant,0.26,13,400,2,1.998750780762024,0.5125,300
Hegselmann-Krause,0.26,14,400,1,1.0,1.0,13
Deffuant,0.26,14,400,2,1.9872813990461045,0.54,300
Hegselmann-Krause,0.26,15,400,1,1.0,1.0,7
Deffuant,0.26,15,400,1,1.0,1.0,200
Hegselmann-Krause,0.26,16,400,1,1.0,1.0,8
Deffuant,0.26,16,400,2,1.9982016185433111,0.515,300
Hegselmann-Krause,0.26,17,400,1,1.0,1.0,15
Deffuant,0.26,17,400,2,1.9888129272840274,0.5375,300
Hegselmann-Krause,0.26,18,400,1,1.0,1.0,8
Deffuant,0.26,18,400,2,1.9839301656581685,0.545,300
Hegselmann-Krause,0.26,19,400,1,1.0,1.0,7
Deffuant,0.26,19,400,2,1.9530773174483045,0.5775,300
Hegselmann-Krause,0.26,20,400,1,1.0,1.0,13
Deffuant,0.26,20,400,2,1.9839301656581685,0.545,300
Hegselmann-Krause,0.26,21,400,1,1.0,1.0,7
Deffuant,0.26,21,400,2,1.9716088328075707,0.56,300
Hegselmann-Krause,0.26,22,400,2,1.9939682460556813,0.5275,6
Deffuant,0.26,22,400,2,1.998750780762024,0.5125,300
Hegselmann-Krause,0.26,23,400,1,1.0,1.0,9
Deffuant,0.26,23,400,2,1.9939682460556813,0.5275,300
Hegselmann-Krause,0.26,24,400,1,1.0,1.0,6
Deffuant,0.26,24,400,2,1.0050124998429668,0.9975,200
Hegselmann-Krause,0.26,25,400,1,1.0,1.0,38
Deffuant,0.26,25,400,2,1.999550101227224,0.5075,300
Hegselmann-Krause,0.26,26,400,1,1.0,1.0,8
Deffuant,0.26,26,400,2,1.9839301656581685,0.545,300
Hegselmann-Krause,0.26,27,400,1,1.0,1.0,8
Deffuant,0.26,27,400,2,1.9821114442159509,0.5475,300
Hegselmann-Krause,0.26,28,400,1,1.0,1.0,8
Deffuant,0.26,28,400,2,1.999550101227224,0.5075,300
Hegselmann-Krause,0.26,29,400,1,1.0,1.0,17
Deffuant,0.26,29,400,2,1.9975529975779673,0.5175,300
Hegselmann-Krause,0.27,0,400,1,1.0,1.0,6
Deffuant,0.27,0,400,3,1.0151382491403047,0.9925,200
Hegselmann-Krause,0.27,1,400,1,1.0,1.0,6
Deffuant,0.27,1,400,2,1.9781904502856011,0.5525,300
Hegselmann-Krause,0.27,2,400,1,1.0,1.0,7
Deffuant,0.27,2,400,2,1.999550101227224,0.5075,300
Hegselmann-Krause,0.27,3,400,1,1.0,1.0,6
Deffuant,0.27,3,400,2,1.9692307692307693,0.5625,300
Hegselmann-Krause,0.27,4,400,1,1.0,1.0,6
Deffuant,0.27,4,400,2,1.9975529975779673,0.5175,300
Hegselmann-Krause,0.27,5,400,1,1.0,1.0,6
Deffuant,0.27,5,400,4,1.0202650138373444,0.99,200
Hegselmann-Krause,0.27,6,400,1,1.0,1.0,7
Deffuant,0.27,6,400,2,1.9372336303758233,0.59,300
Hegselmann-Krause,0.27,7,400,1,1.0,1.0,6
Deffuant,0.27,7,400,2,1.0460114276748471,0.9775,2600
Hegselmann-Krause,0.27,8,400,1,1.0,1.0,10
Deffuant,0.27,8,400,2,1.9642024110584597,0.5675,300
Hegselmann-Krause,0.27,9,400,1,1.0,1.0,6
Deffuant,0.27,9,400,2,1.9856536523616868,0.5425,300
Hegselmann-Krause,0.27,10,400,1,1.0,1.0,7
Deffuant,0.27,10,400,1,1.0,1.0,200
Hegselmann-Krause,0.27,11,400,1,1.0,1.0,6
Deffuant,0.27,11,400,2,1.0050124998429668,0.9975,200
Hegselmann-Krause,0.27,12,400,1,1.0,1.0,16
Deffuant,0.27,12,400,2,1.9872813990461045,0.54,300
Hegselmann-Krause,0.27,13,400,1,1.0,1.0,6
Deffuant,0.27,13,400,2,1.998750780762024,0.5125,300
Hegselmann-Krause,0.27,14,400,1,1.0,1.0,11
Deffuant,0.27,14,400,2,1.9915855510468272,0.5325,300
Hegselmann-Krause,0.27,15,400,1,1.0,1.0,6
Deffuant,0.27,15,400,2,1.9530773174483045,0.5775,300
Hegselmann-Krause,0.27,16,400,1,1.0,1.0,7
Deffuant,0.27,16,400,2,1.9982016185433111,0.515,300
Hegselmann-Krause,0.27,17,400,1,1.0,1.0,9
Deffuant,0.27,17,400,2,1.9872813990461045,0.54,300
Hegselmann-Krause,0.27,18,400,1,1.0,1.0,7
Deffuant,0.27,18,400,2,1.9915855510468272,0.5325,300
Hegselmann-Krause,0.27,19,400,1,1.0,1.0,6
Deffuant,0.27,19,400,2,1.943823500826125,0.585,300
Hegselmann-Krause,0.27,20,400,1,1.0,1.0,8
Deffuant,0.27,20,400,2,1.9998000199980002,0.505,300
Hegselmann-Krause,0.27,21,400,1,1.0,1.0,6
Deffuant,0.27,21,400,2,1.9588158957909942,0.5725,300
Hegselmann-Krause,0.27,22,400,1,1.0,1.0,37
Deffuant,0.27,22,400,2,1.9872813990461045,0.54,300
Hegselmann-Krause,0.27,23,400,1,1.0,1.0,7
Deffuant,0.27,23,400,2,1.9959581846760313,0.5225,300
Hegselmann-Krause,0.27,24,400,1,1.0,1.0,6
Deffuant,0.27,24,400,2,1.0050124998429668,0.9975,200
Hegselmann-Krause,0.27,25,400,1,1.0,1.0,20
Deffuant,0.27,25,400,2,1.9982016185433111,0.515,300
Hegselmann-Krause,0.27,26,400,1,1.0,1.0,7
Deffuant,0.27,26,400,2,1.9076688286913392,0.61,300
Hegselmann-Krause,0.27,27,400,1,1.0,1.0,7
Deffuant,0.27,27,400,2,1.9738952355103752,0.5575,300
Hegselmann-Krause,0.27,28,400,1,1.0,1.0,7
Deffuant,0.27,28,400,2,1.9939682460556813,0.5275,300
Hegselmann-Krause,0.27,29,400,1,1.0,1.0,13
Deffuant,0.27,29,400,2,2.0,0.5,300
Hegselmann-Krause,0.28,0,400,1,1.0,1.0,6
Deffuant,0.28,0,400,4,1.0254175372034298,0.9875,300
Hegselmann-Krause,0.28,1,400,1,1.0,1.0,6
Deffuant,0.28,1,400,2,1.9872813990461045,0.54,300
Hegselmann-Krause,0.28,2,400,1,1.0,1.0,6
Deffuant,0.28,2,400,2,1.999950001249969,0.5025,300
Hegselmann-Krause,0.28,3,400,1,1.0,1.0,6
Deffuant,0.28,3,400,1,1.0,1.0,200
Hegselmann-Krause,0.28,4,400,1,1.0,1.0,6
Deffuant,0.28,4,400,1,1.0,1.0,200
Hegselmann-Krause,0.28,5,400,1,1.0,1.0,6
Deffuant,0.28,5,400,2,1.0304497913339172,0.985,2000
Hegselmann-Krause,0.28,6,400,1,1.0,1.0,6
Deffuant,0.28,6,400,1,1.0,1.0,200
Hegselmann-Krause,0.28,7,400,1,1.0,1.0,5
Deffuant,0.28,7,400,2,1.0356121114836438,0.9825,3400
Hegselmann-Krause,0.28,8,400,1,1.0,1.0,7
Deffuant,0.28,8,400,2,1.9267358685966134,0.5975,300
Hegselmann-Krause,0.28,9,400,1,1.0,1.0,6
Deffuant,0.28,9,400,1,1.0,1.0,200
Hegselmann-Krause,0.28,10,400,1,1.0,1.0,6
Deffuant,0.28,10,400,1,1.0,1.0,200
Hegselmann-Krause,0.28,11,400,1,1.0,1.0,6
Deffuant,0.28,11,400,3,1.0151382491403047,0.9925,200
Hegselmann-Krause,0.28,12,400,1,1.0,1.0,10
Deffuant,0.28,12,400,2,1.9872813990461045,0.54,300
Hegselmann-Krause,0.28,13,400,1,1.0,1.0,6
Deffuant,0.28,13,400,1,1.0,1.0,200
Hegselmann-Krause,0.28,14,400,1,1.0,1.0,7
Deffuant,0.28,14,400,2,1.9872813990461045,0.54,300
Hegselmann-Krause,0.28,15,400,1,1.0,1.0,6
Deffuant,0.28,15,400,1,1.0,1.0,200
Hegselmann-Krause,0.28,16,400,1,1.0,1.0,6
Deffuant,0.28,16,400,2,2.0,0.5,300
Hegselmann-Krause,0.28,17,400,1,1.0,1.0,8
Deffuant,0.28,17,400,2,1.9821114442159509,0.5475,300
Hegselmann-Krause,0.28,18,400,1,1.0,1.0,6
Deffuant,0.28,18,400,2,1.9888129272840274,0.5375,300
Hegselmann-Krause,0.28,19,400,1,1.0,1.0,6
Deffuant,0.28,19,400,1,1.0,1.0,200
Hegselmann-Krause,0.28,20,400,1,1.0,1.0,7
Deffuant,0.28,20,400,2,1.9975529975779673,0.5175,300
Hegselmann-Krause,0.28,21,400,1,1.0,1.0,6
Deffuant,0.28,21,400,1,1.0,1.0,200
Hegselmann-Krause,0.28,22,400,1,1.0,1.0,9
Deffuant,0.28,22,400,2,1.9928258270227182,0.53,300
Hegselmann-Krause,0.28,23,400,1,1.0,1.0,6
Deffuant,0.28,23,400,2,1.9915855510468272,0.5325,300
Hegselmann-Krause,0.28,24,400,1,1.0,1.0,6
Deffuant,0.28,24,400,3,1.0151382491403047,0.9925,300
Hegselmann-Krause,0.28,25,400,1,1.0,1.0,14
Deffuant,0.28,25,400,2,1.9992003198720512,0.51,300
Hegselmann-Krause,0.28,26,400,1,1.0,1.0,6
Deffuant,0.28,26,400,1,1.0,1.0,200
Hegselmann-Krause,0.28,27,400,1,1.0,1.0,6
Deffuant,0.28,27,400,2,1.9588158957909942,0.5725,300
Hegselmann-Krause,0.28,28,400,1,1.0,1.0,6
Deffuant,0.28,28,400,1,1.0,1.0,200
Hegselmann-Krause,0.28,29,400,1,1.0,1.0,8
Deffuant,0.28,29,400,2,1.9998000199980002,0.505,300
Hegselmann-Krause,0.29,0,400,1,1.0,1.0,5
Deffuant,0.29,0,400,5,1.0202780257620203,0.99,200
Hegselmann-Krause,0.29,1,400,1,1.0,1.0,6
Deffuant,0.29,1,400,1,1.0,1.0,200
Hegselmann-Krause,0.29,2,400,1,1.0,1.0,6
Deffuant,0.29,2,400,1,1.0,1.0,200
Hegselmann-Krause,0.29,3,400,1,1.0,1.0,6
Deffuant,0.29,3,400,1,1.0,1.0,200
Hegselmann-Krause,0.29,4,400,1,1.0,1.0,6
Deffuant,0.29,4,400,2,1.0050124998429668,0.9975,200
Hegselmann-Krause,0.29,5,400,1,1.0,1.0,5
Deffuant,0.29,5,400,1,1.0,1.0,200
Hegselmann-Krause,0.29,6,400,1,1.0,1.0,6
Deffuant,0.29,6,400,1,1.0,1.0,200
Hegselmann-Krause,0.29,7,400,1,1.0,1.0,5
Deffuant,0.29,7,400,3,1.0305161597815307,0.985,900
Hegselmann-Krause,0.29,8,400,1,1.0,1.0,6
Deffuant,0.29,8,400,2,1.9116346866113882,0.6075,300
Hegselmann-Krause,0.29,9,400,1,1.0,1.0,6
Deffuant,0.29,9,400,1,1.0,1.0,200
Hegselmann-Krause,0.29,10,400,1,1.0,1.0,6
Deffuant,0.29,10,400,3,1.020238990983638,0.99,200
Hegselmann-Krause,0.29,11,400,1,1.0,1.0,5
Deffuant,0.29,11,400,3,1.025391250849152,0.9875,300
Hegselmann-Krause,0.29,12,400,1,1.0,1.0,7
Deffuant,0.29,12,400,1,1.0,1.0,200
Hegselmann-Krause,0.29,13,400,1,1.0,1.0,6
Deffuant,0.29,13,400,2,1.0050124998429668,0.9975,200
Hegselmann-Krause,0.29,14,400,1,1.0,1.0,6
Deffuant,0.29,14,400,2,1.9939682460556813,0.5275,300
Hegselmann-Krause,0.29,15,400,1,1.0,1.0,6
Deffuant,0.29,15,400,1,1.0,1.0,200
Hegselmann-Krause,0.29,16,400,1,1.0,1.0,6
Deffuant,0.29,16,400,2,1.0050124998429668,0.9975,200
Hegselmann-Krause,0.29,17,400,1,1.0,1.0,7
Deffuant,0.29,17,400,2,1.9667617268167963,0.565,300
Hegselmann-Krause,0.29,18,400,1,1.0,1.0,6
Deffuant,0.29,18,400,1,1.0,1.0,200
Hegselmann-Krause,0.29,19,400,1,1.0,1.0,6
Deffuant,0.29,19,400,1,1.0,1.0,200
Hegselmann-Krause,0.29,20,400,1,1.0,1.0,6
Deffuant,0.29,20,400,1,1.0,1.0,200
Hegselmann-Krause,0.29,21,400,1,1.0,1.0,6
Deffuant,0.29,21,400,1,1.0,1.0,200
Hegselmann-Krause,0.29,22,400,1,1.0,1.0,6
Deffuant,0.29,22,400,2,1.9615535504119266,0.57,300
Hegselmann-Krause,0.29,23,400,1,1.0,1.0,6
Deffuant,0.29,23,400,2,1.9888129272840274,0.5375,300
Hegselmann-Krause,0.29,24,400,1,1.0,1.0,5
Deffuant,0.29,24,400,1,1.0,1.0,200
Hegselmann-Krause,0.29,25,400,1,1.0,1.0,9
Deffuant,0.29,25,400,2,1.9998000199980002,0.505,300
Hegselmann-Krause,0.29,26,400,1,1.0,1.0,6
Deffuant,0.29,26,400,1,1.0,1.0,200
Hegselmann-Krause,0.29,27,400,1,1.0,1.0,6
Deffuant,0.29,27,400,2,1.950078003120125,0.58,300
Hegselmann-Krause,0.29,28,400,1,1.0,1.0,6
Deffuant,0.29,28,400,1,1.0,1.0,200
Hegselmann-Krause,0.29,29,400,1,1.0,1.0,7
Deffuant,0.29,29,400,2,1.9915855510468272,0.5325,300
Hegselmann-Krause,0.3,0,400,1,1.0,1.0,5
Deffuant,0.3,0,400,3,1.010062750148353,0.995,200
Hegselmann-Krause,0.3,1,400,1,1.0,1.0,5
Deffuant,0.3,1,400,2,1.0050124998429668,0.9975,200
Hegselmann-Krause,0.3,2,400,1,1.0,1.0,6
Deffuant,0.3,2,400,1,1.0,1.0,200
Hegselmann-Krause,0.3,3,400,1,1.0,1.0,5
Deffuant,0.3,3,400,1,1.0,1.0,200
Hegselmann-Krause,0.3,4,400,1,1.0,1.0,5
Deffuant,0.3,4,400,2,1.0050124998429668,0.9975,200
Hegselmann-Krause,0.3,5,400,1,1.0,1.0,5
Deffuant,0.3,5,400,3,1.010062750148353,0.995,200
Hegselmann-Krause,0.3,6,400,1,1.0,1.0,5
Deffuant,0.3,6,400,2,1.0050124998429668,0.9975,200
Hegselmann-Krause,0.3,7,400,1,1.0,1.0,5
Deffuant,0.3,7,400,3,1.0356925546651476,0.9825,600
Hegselmann-Krause,0.3,8,400,1,1.0,1.0,6
Deffuant,0.3,8,400,2,1.0050124998429668,0.9975,200
Hegselmann-Krause,0.3,9,400,1,1.0,1.0,5
Deffuant,0.3,9,400,1,1.0,1.0,200
Hegselmann-Krause,0.3,10,400,1,1.0,1.0,5
Deffuant,0.3,10,400,2,1.0512483574244416,0.975,2500
Hegselmann-Krause,0.3,11,400,1,1.0,1.0,5
Deffuant,0.3,11,400,3,1.025391250849152,0.9875,400
Hegselmann-Krause,0.3,12,400,1,1.0,1.0,6
Deffuant,0.3,12,400,1,1.0,1.0,200
Hegselmann-Krause,0.3,13,400,1,1.0,1.0,5
Deffuant,0.3,13,400,1,1.0,1.0,200
Hegselmann-Krause,0.3,14,400,1,1.0,1.0,6
Deffuant,0.3,14,400,1,1.0,1.0,200
Hegselmann-Krause,0.3,15,400,1,1.0,1.0,5
Deffuant,0.3,15,400,1,1.0,1.0,200
Hegselmann-Krause,0.3,16,400,1,1.0,1.0,5
Deffuant,0.3,16,400,2,1.0050124998429668,0.9975,200
Hegselmann-Krause,0.3,17,400,1,1.0,1.0,6
Deffuant,0.3,17,400,1,1.0,1.0,200
Hegselmann-Krause,0.3,18,400,1,1.0,1.0,5
Deffuant,0.3,18,400,1,1.0,1.0,200
Hegselmann-Krause,0.3,19,400,1,1.0,1.0,5
Deffuant,0.3,19,400,1,1.0,1.0,200
Hegselmann-Krause,0.3,20,400,1,1.0,1.0,6
Deffuant,0.3,20,400,1,1.0,1.0,200
Hegselmann-Krause,0.3,21,400,1,1.0,1.0,5
Deffuant,0.3,21,400,1,1.0,1.0,200
Hegselmann-Krause,0.3,22,400,1,1.0,1.0,6
Deffuant,0.3,22,400,1,1.0,1.0,200
Hegselmann-Krause,0.3,23,400,1,1.0,1.0,5
Deffuant,0.3,23,400,1,1.0,1.0,200
Hegselmann-Krause,0.3,24,400,1,1.0,1.0,5
Deffuant,0.3,24,400,3,1.0151382491403047,0.9925,300
Hegselmann-Krause,0.3,25,400,1,1.0,1.0,7
Deffuant,0.3,25,400,2,1.999550101227224,0.5075,300
Hegselmann-Krause,0.3,26,400,1,1.0,1.0,6
Deffuant,0.3,26,400,1,1.0,1.0,200
Hegselmann-Krause,0.3,27,400,1,1.0,1.0,6
Deffuant,0.3,27,400,1,1.0,1.0,200
Hegselmann-Krause,0.3,28,400,1,1.0,1.0,5
Deffuant,0.3,28,400,2,1.010049997474875,0.995,200
Hegselmann-Krause,0.3,29,400,1,1.0,1.0,6
Deffuant,0.3,29,400,2,1.9928258270227182,0.53,300
Hegselmann-Krause,0.31,0,400,1,1.0,1.0,5
Deffuant,0.31,0,400,2,1.0151124871524826,0.9925,300
Hegselmann-Krause,0.31,1,400,1,1.0,1.0,5
Deffuant,0.31,1,400,1,1.0,1.0,200
Hegselmann-Krause,0.31,2,400,1,1.0,1.0,5
Deffuant,0.31,2,400,1,1.0,1.0,200
Hegselmann-Krause,0.31,3,400,1,1.0,1.0,5
Deffuant,0.31,3,400,1,1.0,1.0,200
Hegselmann-Krause,0.31,4,400,1,1.0,1.0,5
Deffuant,0.31,4,400,2,1.010049997474875,0.995,300
Hegselmann-Krause,0.31,5,400,1,1.0,1.0,5
Deffuant,0.31,5,400,2,1.0050124998429668,0.9975,200
Hegselmann-Krause,0.31,6,400,1,1.0,1.0,5
Deffuant,0.31,6,400,1,1.0,1.0,200
Hegselmann-Krause,0.31,7,400,1,1.0,1.0,5
Deffuant,0.31,7,400,3,1.0305161597815307,0.985,500
Hegselmann-Krause,0.31,8,400,1,1.0,1.0,5
Deffuant,0.31,8,400,1,1.0,1.0,200
Hegselmann-Krause,0.31,9,400,1,1.0,1.0,5
Deffuant,0.31,9,400,2,1.0050124998429668,0.9975,200
Hegselmann-Krause,0.31,10,400,1,1.0,1.0,5
Deffuant,0.31,10,400,3,1.010062750148353,0.995,200
Hegselmann-Krause,0.31,11,400,1,1.0,1.0,5
Deffuant,0.31,11,400,3,1.020238990983638,0.99,400
Hegselmann-Krause,0.31,12,400,1,1.0,1.0,6
Deffuant,0.31,12,400,1,1.0,1.0,200
Hegselmann-Krause,0.31,13,400,1,1.0,1.0,5
Deffuant,0.31,13,400,1,1.0,1.0,200
Hegselmann-Krause,0.31,14,400,1,1.0,1.0,5
Deffuant,0.31,14,400,1,1.0,1.0,200
Hegselmann-Krause,0.31,15,400,1,1.0,1.0,5
Deffuant,0.31,15,400,1,1.0,1.0,200
Hegselmann-Krause,0.31,16,400,1,1.0,1.0,5
Deffuant,0.31,16,400,1,1.0,1.0,200
Hegselmann-Krause,0.31,17,400,1,1.0,1.0,6
Deffuant,0.31,17,400,1,1.0,1.0,200
Hegselmann-Krause,0.31,18,400,1,1.0,1.0,5
Deffuant,0.31,18,400,1,1.0,1.0,200
Hegselmann-Krause,0.31,19,400,1,1.0,1.0,5
Deffuant,0.31,19,400,2,1.0050124998429668,0.9975,200
Hegselmann-Krause,0.31,20,400,1,1.0,1.0,6
Deffuant,0.31,20,400,1,1.0,1.0,200
Hegselmann-Krause,0.31,21,400,1,1.0,1.0,5
Deffuant,0.31,21,400,2,1.0050124998429668,0.9975,200
Hegselmann-Krause,0.31,22,400,1,1.0,1.0,5
Deffuant,0.31,22,400,1,1.0,1.0,200
Hegselmann-Krause,0.31,23,400,1,1.0,1.0,5
Deffuant,0.31,23,400,1,1.0,1.0,200
Hegselmann-Krause,0.31,24,400,1,1.0,1.0,5
Deffuant,0.31,24,400,4,1.0202650138373444,0.99,300
Hegselmann-Krause,0.31,25,400,1,1.0,1.0,6
Deffuant,0.31,25,400,2,1.999950001249969,0.5025,300
Hegselmann-Krause,0.31,26,400,1,1.0,1.0,5
Deffuant,0.31,26,400,1,1.0,1.0,200
Hegselmann-Krause,0.31,27,400,1,1.0,1.0,5
Deffuant,0.31,27,400,1,1.0,1.0,200
Hegselmann-Krause,0.31,28,400,1,1.0,1.0,5
Deffuant,0.31,28,400,2,1.0050124998429668,0.9975,200
Hegselmann-Krause,0.31,29,400,1,1.0,1.0,6
Deffuant,0.31,29,400,1,1.0,1.0,200
Hegselmann-Krause,0.32,0,400,1,1.0,1.0,5
Deffuant,0.32,0,400,1,1.0,1.0,200
Hegselmann-Krause,0.32,1,400,1,1.0,1.0,5
Deffuant,0.32,1,400,1,1.0,1.0,200
Hegselmann-Krause,0.32,2,400,1,1.0,1.0,5
Deffuant,0.32,2,400,1,1.0,1.0,200
Hegselmann-Krause,0.32,3,400,1,1.0,1.0,5
Deffuant,0.32,3,400,1,1.0,1.0,200
Hegselmann-Krause,0.32,4,400,1,1.0,1.0,5
Deffuant,0.32,4,400,2,1.0050124998429668,0.9975,200
Hegselmann-Krause,0.32,5,400,1,1.0,1.0,5
Deffuant,0.32,5,400,2,1.0050124998429668,0.9975,200
Hegselmann-Krause,0.32,6,400,1,1.0,1.0,5
Deffuant,0.32,6,400,2,1.0050124998429668,0.9975,200
Hegselmann-Krause,0.32,7,400,1,1.0,1.0,5
Deffuant,0.32,7,400,3,1.0305161597815307,0.985,1100
Hegselmann-Krause,0.32,8,400,1,1.0,1.0,5
Deffuant,0.32,8,400,1,1.0,1.0,200
Hegselmann-Krause,0.32,9,400,1,1.0,1.0,5
Deffuant,0.32,9,400,2,1.0050124998429668,0.9975,200
Hegselmann-Krause,0.32,10,400,1,1.0,1.0,5
Deffuant,0.32,10,400,4,1.0202650138373444,0.99,200
Hegselmann-Krause,0.32,11,400,1,1.0,1.0,5
Deffuant,0.32,11,400,2,1.0050124998429668,0.9975,200
Hegselmann-Krause,0.32,12,400,1,1.0,1.0,5
Deffuant,0.32,12,400,1,1.0,1.0,200
Hegselmann-Krause,0.32,13,400,1,1.0,1.0,5
Deffuant,0.32,13,400,4,1.0202650138373444,0.99,200
Hegselmann-Krause,0.32,14,400,1,1.0,1.0,5
Deffuant,0.32,14,400,1,1.0,1.0,200
Hegselmann-Krause,0.32,15,400,1,1.0,1.0,5
Deffuant,0.32,15,400,1,1.0,1.0,200
Hegselmann-Krause,0.32,16,400,1,1.0,1.0,5
Deffuant,0.32,16,400,1,1.0,1.0,200
Hegselmann-Krause,0.32,17,400,1,1.0,1.0,5
Deffuant,0.32,17,400,1,1.0,1.0,200
Hegselmann-Krause,0.32,18,400,1,1.0,1.0,5
Deffuant,0.32,18,400,1,1.0,1.0,200
Hegselmann-Krause,0.32,19,400,1,1.0,1.0,5
Deffuant,0.32,19,400,1,1.0,1.0,200
Hegselmann-Krause,0.32,20,400,1,1.0,1.0,5
Deffuant,0.32,20,400,1,1.0,1.0,200
Hegselmann-Krause,0.32,21,400,1,1.0,1.0,5
Deffuant,0.32,21,400,2,1.0201999591920017,0.99,600
Hegselmann-Krause,0.32,22,400,1,1.0,1.0,5
Deffuant,0.32,22,400,1,1.0,1.0,200
Hegselmann-Krause,0.32,23,400,1,1.0,1.0,5
Deffuant,0.32,23,400,1,1.0,1.0,200
Hegselmann-Krause,0.32,24,400,1,1.0,1.0,5
Deffuant,0.32,24,400,3,1.010062750148353,0.995,200
Hegselmann-Krause,0.32,25,400,1,1.0,1.0,6
Deffuant,0.32,25,400,1,1.0,1.0,200
Hegselmann-Krause,0.32,26,400,1,1.0,1.0,5
Deffuant,0.32,26,400,1,1.0,1.0,200
Hegselmann-Krause,0.32,27,400,1,1.0,1.0,5
Deffuant,0.32,27,400,1,1.0,1.0,200
Hegselmann-Krause,0.32,28,400,1,1.0,1.0,5
Deffuant,0.32,28,400,1,1.0,1.0,200
Hegselmann-Krause,0.32,29,400,1,1.0,1.0,5
Deffuant,0.32,29,400,1,1.0,1.0,200
Hegselmann-Krause,0.33,0,400,1,1.0,1.0,5
Deffuant,0.33,0,400,2,1.0050124998429668,0.9975,200
Hegselmann-Krause,0.33,1,400,1,1.0,1.0,5
Deffuant,0.33,1,400,2,1.0050124998429668,0.9975,200
Hegselmann-Krause,0.33,2,400,1,1.0,1.0,5
Deffuant,0.33,2,400,3,1.010062750148353,0.995,200
Hegselmann-Krause,0.33,3,400,1,1.0,1.0,5
Deffuant,0.33,3,400,1,1.0,1.0,200
Hegselmann-Krause,0.33,4,400,1,1.0,1.0,5
Deffuant,0.33,4,400,1,1.0,1.0,200
Hegselmann-Krause,0.33,5,400,1,1.0,1.0,5
Deffuant,0.33,5,400,2,1.0050124998429668,0.9975,200
Hegselmann-Krause,0.33,6,400,1,1.0,1.0,5
Deffuant,0.33,6,400,2,1.0050124998429668,0.9975,200
Hegselmann-Krause,0.33,7,400,1,1.0,1.0,5
Deffuant,0.33,7,400,2,1.0460114276748471,0.9775,2600
Hegselmann-Krause,0.33,8,400,1,1.0,1.0,5
Deffuant,0.33,8,400,1,1.0,1.0,200
Hegselmann-Krause,0.33,9,400,1,1.0,1.0,5
Deffuant,0.33,9,400,2,1.010049997474875,0.995,300
Hegselmann-Krause,0.33,10,400,1,1.0,1.0,5
Deffuant,0.33,10,400,3,1.010062750148353,0.995,200
Hegselmann-Krause,0.33,11,400,1,1.0,1.0,5
Deffuant,0.33,11,400,3,1.0253649658425295,0.9875,400
Hegselmann-Krause,0.33,12,400,1,1.0,1.0,5
Deffuant,0.33,12,400,1,1.0,1.0,200
Hegselmann-Krause,0.33,13,400,1,1.0,1.0,5
Deffuant,0.33,13,400,1,1.0,1.0,200
Hegselmann-Krause,0.33,14,400,1,1.0,1.0,5
Deffuant,0.33,14,400,1,1.0,1.0,200
Hegselmann-Krause,0.33,15,400,1,1.0,1.0,5
Deffuant,0.33,15,400,1,1.0,1.0,200
Hegselmann-Krause,0.33,16,400,1,1.0,1.0,5
Deffuant,0.33,16,400,1,1.0,1.0,200
Hegselmann-Krause,0.33,17,400,1,1.0,1.0,5
Deffuant,0.33,17,400,2,1.0050124998429668,0.9975,200
Hegselmann-Krause,0.33,18,400,1,1.0,1.0,5
Deffuant,0.33,18,400,2,1.0050124998429668,0.9975,200
Hegselmann-Krause,0.33,19,400,1,1.0,1.0,5
Deffuant,0.33,19,400,2,1.0050124998429668,0.9975,200
Hegselmann-Krause,0.33,20,400,1,1.0,1.0,5
Deffuant,0.33,20,400,1,1.0,1.0,200
Hegselmann-Krause,0.33,21,400,1,1.0,1.0,5
Deffuant,0.33,21,400,2,1.0050124998429668,0.9975,200
Hegselmann-Krause,0.33,22,400,1,1.0,1.0,5
Deffuant,0.33,22,400,1,1.0,1.0,200
Hegselmann-Krause,0.33,23,400,1,1.0,1.0,5
Deffuant,0.33,23,400,1,1.0,1.0,200
Hegselmann-Krause,0.33,24,400,1,1.0,1.0,5
Deffuant,0.33,24,400,3,1.0151382491403047,0.9925,300
Hegselmann-Krause,0.33,25,400,1,1.0,1.0,5
Deffuant,0.33,25,400,1,1.0,1.0,200
Hegselmann-Krause,0.33,26,400,1,1.0,1.0,5
Deffuant,0.33,26,400,2,1.0050124998429668,0.9975,200
Hegselmann-Krause,0.33,27,400,1,1.0,1.0,5
Deffuant,0.33,27,400,2,1.0050124998429668,0.9975,200
Hegselmann-Krause,0.33,28,400,1,1.0,1.0,5
Deffuant,0.33,28,400,1,1.0,1.0,200
Hegselmann-Krause,0.33,29,400,1,1.0,1.0,5
Deffuant,0.33,29,400,2,1.0050124998429668,0.9975,200
Hegselmann-Krause,0.34,0,400,1,1.0,1.0,5
Deffuant,0.34,0,400,1,1.0,1.0,200
Hegselmann-Krause,0.34,1,400,1,1.0,1.0,5
Deffuant,0.34,1,400,3,1.010062750148353,0.995,200
Hegselmann-Krause,0.34,2,400,1,1.0,1.0,5
Deffuant,0.34,2,400,1,1.0,1.0,200
Hegselmann-Krause,0.34,3,400,1,1.0,1.0,5
Deffuant,0.34,3,400,2,1.0050124998429668,0.9975,200
Hegselmann-Krause,0.34,4,400,1,1.0,1.0,5
Deffuant,0.34,4,400,3,1.010062750148353,0.995,200
Hegselmann-Krause,0.34,5,400,1,1.0,1.0,5
Deffuant,0.34,5,400,1,1.0,1.0,200
Hegselmann-Krause,0.34,6,400,1,1.0,1.0,5
Deffuant,0.34,6,400,2,1.0304497913339172,0.985,600
Hegselmann-Krause,0.34,7,400,1,1.0,1.0,4
Deffuant,0.34,7,400,3,1.0305161597815307,0.985,1200
Hegselmann-Krause,0.34,8,400,1,1.0,1.0,5
Deffuant,0.34,8,400,1,1.0,1.0,200
Hegselmann-Krause,0.34,9,400,1,1.0,1.0,5
Deffuant,0.34,9,400,2,1.010049997474875,0.995,300
Hegselmann-Krause,0.34,10,400,1,1.0,1.0,5
Deffuant,0.34,10,400,3,1.020238990983638,0.99,300
Hegselmann-Krause,0.34,11,400,1,1.0,1.0,5
Deffuant,0.34,11,400,4,1.0151511306245717,0.9925,200
Hegselmann-Krause,0.34,12,400,1,1.0,1.0,5
Deffuant,0.34,12,400,2,1.0050124998429668,0.9975,200
Hegselmann-Krause,0.34,13,400,1,1.0,1.0,5
Deffuant,0.34,13,400,2,1.0050124998429668,0.9975,200
Hegselmann-Krause,0.34,14,400,1,1.0,1.0,5
Deffuant,0.34,14,400,1,1.0,1.0,200
Hegselmann-Krause,0.34,15,400,1,1.0,1.0,5
Deffuant,0.34,15,400,1,1.0,1.0,200
Hegselmann-Krause,0.34,16,400,1,1.0,1.0,5
Deffuant,0.34,16,400,1,1.0,1.0,200
Hegselmann-Krause,0.34,17,400,1,1.0,1.0,5
Deffuant,0.34,17,400,2,1.0050124998429668,0.9975,200
Hegselmann-Krause,0.34,18,400,1,1.0,1.0,5
Deffuant,0.34,18,400,1,1.0,1.0,200
Hegselmann-Krause,0.34,19,400,1,1.0,1.0,5
Deffuant,0.34,19,400,1,1.0,1.0,200
Hegselmann-Krause,0.34,20,400,1,1.0,1.0,5
Deffuant,0.34,20,400,1,1.0,1.0,200
Hegselmann-Krause,0.34,21,400,1,1.0,1.0,5
Deffuant,0.34,21,400,1,1.0,1.0,200
Hegselmann-Krause,0.34,22,400,1,1.0,1.0,5
Deffuant,0.34,22,400,1,1.0,1.0,200
Hegselmann-Krause,0.34,23,400,1,1.0,1.0,5
Deffuant,0.34,23,400,1,1.0,1.0,200
Hegselmann-Krause,0.34,24,400,1,1.0,1.0,5
Deffuant,0.34,24,400,1,1.0,1.0,200
Hegselmann-Krause,0.34,25,400,1,1.0,1.0,5
Deffuant,0.34,25,400,1,1.0,1.0,200
Hegselmann-Krause,0.34,26,400,1,1.0,1.0,5
Deffuant,0.34,26,400,2,1.0050124998429668,0.9975,200
Hegselmann-Krause,0.34,27,400,1,1.0,1.0,5
Deffuant,0.34,27,400,2,1.0050124998429668,0.9975,200
Hegselmann-Krause,0.34,28,400,1,1.0,1.0,5
Deffuant,0.34,28,400,2,1.0050124998429668,0.9975,200
Hegselmann-Krause,0.34,29,400,1,1.0,1.0,5
Deffuant,0.34,29,400,2,1.0050124998429668,0.9975,200
Hegselmann-Krause,0.35,0,400,1,1.0,1.0,4
Deffuant,0.35,0,400,2,1.0050124998429668,0.9975,200
Hegselmann-Krause,0.35,1,400,1,1.0,1.0,5
Deffuant,0.35,1,400,3,1.0151382491403047,0.9925,300
Hegselmann-Krause,0.35,2,400,1,1.0,1.0,5
Deffuant,0.35,2,400,1,1.0,1.0,200
Hegselmann-Krause,0.35,3,400,1,1.0,1.0,4
Deffuant,0.35,3,400,1,1.0,1.0,200
Hegselmann-Krause,0.35,4,400,1,1.0,1.0,5
Deffuant,0.35,4,400,1,1.0,1.0,200
Hegselmann-Krause,0.35,5,400,1,1.0,1.0,4
Deffuant,0.35,5,400,2,1.0050124998429668,0.9975,200
Hegselmann-Krause,0.35,6,400,1,1.0,1.0,5
Deffuant,0.35,6,400,3,1.0151382491403047,0.9925,200
Hegselmann-Krause,0.35,7,400,1,1.0,1.0,4
Deffuant,0.35,7,400,2,1.010049997474875,0.995,200
Hegselmann-Krause,0.35,8,400,1,1.0,1.0,5
Deffuant,0.35,8,400,1,1.0,1.0,200
Hegselmann-Krause,0.35,9,400,1,1.0,1.0,5
Deffuant,0.35,9,400,1,1.0,1.0,200
Hegselmann-Krause,0.35,10,400,1,1.0,1.0,5
Deffuant,0.35,10,400,3,1.0151382491403047,0.9925,200
Hegselmann-Krause,0.35,11,400,1,1.0,1.0,4
Deffuant,0.35,11,400,4,1.0151511306245717,0.9925,200
Hegselmann-Krause,0.35,12,400,1,1.0,1.0,5
Deffuant,0.35,12,400,2,1.0050124998429668,0.9975,200
Hegselmann-Krause,0.35,13,400,1,1.0,1.0,4
Deffuant,0.35,13,400,4,1.0202650138373444,0.99,200
Hegselmann-Krause,0.35,14,400,1,1.0,1.0,5
Deffuant,0.35,14,400,1,1.0,1.0,200
Hegselmann-Krause,0.35,15,400,1,1.0,1.0,5
Deffuant,0.35,15,400,2,1.0050124998429668,0.9975,200
Hegselmann-Krause,0.35,16,400,1,1.0,1.0,5
Deffuant,0.35,16,400,1,1.0,1.0,200
Hegselmann-Krause,0.35,17,400,1,1.0,1.0,5
Deffuant,0.35,17,400,1,1.0,1.0,200
Hegselmann-Krause,0.35,18,400,1,1.0,1.0,5
Deffuant,0.35,18,400,2,1.0151124871524826,0.9925,200
Hegselmann-Krause,0.35,19,400,1,1.0,1.0,5
Deffuant,0.35,19,400,1,1.0,1.0,200
Hegselmann-Krause,0.35,20,400,1,1.0,1.0,5
Deffuant,0.35,20,400,2,1.0050124998429668,0.9975,200
Hegselmann-Krause,0.35,21,400,1,1.0,1.0,4
Deffuant,0.35,21,400,1,1.0,1.0,200
Hegselmann-Krause,0.35,22,400,1,1.0,1.0,5
Deffuant,0.35,22,400,1,1.0,1.0,200
Hegselmann-Krause,0.35,23,400,1,1.0,1.0,5
Deffuant,0.35,23,400,3,1.010062750148353,0.995,200
Hegselmann-Krause,0.35,24,400,1,1.0,1.0,4
Deffuant,0.35,24,400,3,1.010062750148353,0.995,200
Hegselmann-Krause,0.35,25,400,1,1.0,1.0,5
Deffuant,0.35,25,400,1,1.0,1.0,200
Hegselmann-Krause,0.35,26,400,1,1.0,1.0,5
Deffuant,0.35,26,400,2,1.0050124998429668,0.9975,200
Hegselmann-Krause,0.35,27,400,1,1.0,1.0,5
Deffuant,0.35,27,400,2,1.0050124998429668,0.9975,200
Hegselmann-Krause,0.35,28,400,1,1.0,1.0,5
Deffuant,0.35,28,400,2,1.0050124998429668,0.9975,200
Hegselmann-Krause,0.35,29,400,1,1.0,1.0,5
Deffuant,0.35,29,400,2,1.0050124998429668,0.9975,200
Hegselmann-Krause,0.36,0,400,1,1.0,1.0,4
Deffuant,0.36,0,400,2,1.0050124998429668,0.9975,200
Hegselmann-Krause,0.36,1,400,1,1.0,1.0,4
Deffuant,0.36,1,400,3,1.020238990983638,0.99,400
Hegselmann-Krause,0.36,2,400,1,1.0,1.0,4
Deffuant,0.36,2,400,1,1.0,1.0,200
Hegselmann-Krause,0.36,3,400,1,1.0,1.0,4
Deffuant,0.36,3,400,2,1.0050124998429668,0.9975,200
Hegselmann-Krause,0.36,4,400,1,1.0,1.0,4
Deffuant,0.36,4,400,2,1.0050124998429668,0.9975,200
Hegselmann-Krause,0.36,5,400,1,1.0,1.0,4
Deffuant,0.36,5,400,2,1.0050124998429668,0.9975,200
Hegselmann-Krause,0.36,6,400,1,1.0,1.0,4
Deffuant,0.36,6,400,2,1.0304497913339172,0.985,1600
Hegselmann-Krause,0.36,7,400,1,1.0,1.0,4
Deffuant,0.36,7,400,1,1.0,1.0,200
Hegselmann-Krause,0.36,8,400,1,1.0,1.0,5
Deffuant,0.36,8,400,1,1.0,1.0,200
Hegselmann-Krause,0.36,9,400,1,1.0,1.0,4
Deffuant,0.36,9,400,1,1.0,1.0,200
Hegselmann-Krause,0.36,10,400,1,1.0,1.0,4
Deffuant,0.36,10,400,3,1.0151382491403047,0.9925,200
Hegselmann-Krause,0.36,11,400,1,1.0,1.0,4
Deffuant,0.36,11,400,3,1.020238990983638,0.99,400
Hegselmann-Krause,0.36,12,400,1,1.0,1.0,5
Deffuant,0.36,12,400,1,1.0,1.0,200
Hegselmann-Krause,0.36,13,400,1,1.0,1.0,4
Deffuant,0.36,13,400,2,1.010049997474875,0.995,200
Hegselmann-Krause,0.36,14,400,1,1.0,1.0,4
Deffuant,0.36,14,400,1,1.0,1.0,200
Hegselmann-Krause,0.36,15,400,1,1.0,1.0,4
Deffuant,0.36,15,400,1,1.0,1.0,200
Hegselmann-Krause,0.36,16,400,1,1.0,1.0,4
Deffuant,0.36,16,400,1,1.0,1.0,200
Hegselmann-Krause,0.36,17,400,1,1.0,1.0,5
Deffuant,0.36,17,400,2,1.0050124998429668,0.9975,200
Hegselmann-Krause,0.36,18,400,1,1.0,1.0,4
Deffuant,0.36,18,400,2,1.0050124998429668,0.9975,200
Hegselmann-Krause,0.36,19,400,1,1.0,1.0,4
Deffuant,0.36,19,400,1,1.0,1.0,200
Hegselmann-Krause,0.36,20,400,1,1.0,1.0,5
Deffuant,0.36,20,400,1,1.0,1.0,200
Hegselmann-Krause,0.36,21,400,1,1.0,1.0,4
Deffuant,0.36,21,400,2,1.0050124998429668,0.9975,200
Hegselmann-Krause,0.36,22,400,1,1.0,1.0,4
Deffuant,0.36,22,400,2,1.0050124998429668,0.9975,200
Hegselmann-Krause,0.36,23,400,1,1.0,1.0,4
Deffuant,0.36,23,400,2,1.0050124998429668,0.9975,200
Hegselmann-Krause,0.36,24,400,1,1.0,1.0,4
Deffuant,0.36,24,400,2,1.0050124998429668,0.9975,200
Hegselmann-Krause,0.36,25,400,1,1.0,1.0,5
Deffuant,0.36,25,400,1,1.0,1.0,200
Hegselmann-Krause,0.36,26,400,1,1.0,1.0,4
Deffuant,0.36,26,400,2,1.0050124998429668,0.9975,200
Hegselmann-Krause,0.36,27,400,1,1.0,1.0,4
Deffuant,0.36,27,400,2,1.0050124998429668,0.9975,200
Hegselmann-Krause,0.36,28,400,1,1.0,1.0,4
Deffuant,0.36,28,400,1,1.0,1.0,200
Hegselmann-Krause,0.36,29,400,1,1.0,1.0,5
Deffuant,0.36,29,400,2,1.0050124998429668,0.9975,200
Hegselmann-Krause,0.37,0,400,1,1.0,1.0,4
Deffuant,0.37,0,400,2,1.0050124998429668,0.9975,200
Hegselmann-Krause,0.37,1,400,1,1.0,1.0,4
Deffuant,0.37,1,400,2,1.010049997474875,0.995,300
Hegselmann-Krause,0.37,2,400,1,1.0,1.0,4
Deffuant,0.37,2,400,2,1.0050124998429668,0.9975,200
Hegselmann-Krause,0.37,3,400,1,1.0,1.0,4
Deffuant,0.37,3,400,3,1.010062750148353,0.995,200
Hegselmann-Krause,0.37,4,400,1,1.0,1.0,4
Deffuant,0.37,4,400,3,1.010062750148353,0.995,200
Hegselmann-Krause,0.37,5,400,1,1.0,1.0,4
Deffuant,0.37,5,400,1,1.0,1.0,200
Hegselmann-Krause,0.37,6,400,1,1.0,1.0,4
Deffuant,0.37,6,400,2,1.0201999591920017,0.99,1200
Hegselmann-Krause,0.37,7,400,1,1.0,1.0,4
Deffuant,0.37,7,400,1,1.0,1.0,200
Hegselmann-Krause,0.37,8,400,1,1.0,1.0,4
Deffuant,0.37,8,400,1,1.0,1.0,200
Hegselmann-Krause,0.37,9,400,1,1.0,1.0,4
Deffuant,0.37,9,400,1,1.0,1.0,200
Hegselmann-Krause,0.37,10,400,1,1.0,1.0,4
Deffuant,0.37,10,400,3,1.0151382491403047,0.9925,300
Hegselmann-Krause,0.37,11,400,1,1.0,1.0,4
Deffuant,0.37,11,400,3,1.0305692606953767,0.985,400
Hegselmann-Krause,0.37,12,400,1,1.0,1.0,4
Deffuant,0.37,12,400,1,1.0,1.0,200
Hegselmann-Krause,0.37,13,400,1,1.0,1.0,4
Deffuant,0.37,13,400,2,1.010049997474875,0.995,200
Hegselmann-Krause,0.37,14,400,1,1.0,1.0,4
Deffuant,0.37,14,400,1,1.0,1.0,200
Hegselmann-Krause,0.37,15,400,1,1.0,1.0,4
Deffuant,0.37,15,400,1,1.0,1.0,200
Hegselmann-Krause,0.37,16,400,1,1.0,1.0,4
Deffuant,0.37,16,400,1,1.0,1.0,200
Hegselmann-Krause,0.37,17,400,1,1.0,1.0,4
Deffuant,0.37,17,400,1,1.0,1.0,200
Hegselmann-Krause,0.37,18,400,1,1.0,1.0,4
Deffuant,0.37,18,400,2,1.0050124998429668,0.9975,200
Hegselmann-Krause,0.37,19,400,1,1.0,1.0,4
Deffuant,0.37,19,400,1,1.0,1.0,200
Hegselmann-Krause,0.37,20,400,1,1.0,1.0,4
Deffuant,0.37,20,400,1,1.0,1.0,200
Hegselmann-Krause,0.37,21,400,1,1.0,1.0,4
Deffuant,0.37,21,400,1,1.0,1.0,200
Hegselmann-Krause,0.37,22,400,1,1.0,1.0,4
Deffuant,0.37,22,400,2,1.0050124998429668,0.9975,200
Hegselmann-Krause,0.37,23,400,1,1.0,1.0,4
Deffuant,0.37,23,400,2,1.0050124998429668,0.9975,200
Hegselmann-Krause,0.37,24,400,1,1.0,1.0,4
Deffuant,0.37,24,400,1,1.0,1.0,200
Hegselmann-Krause,0.37,25,400,1,1.0,1.0,5
Deffuant,0.37,25,400,1,1.0,1.0,200
Hegselmann-Krause,0.37,26,400,1,1.0,1.0,4
Deffuant,0.37,26,400,2,1.0050124998429668,0.9975,200
Hegselmann-Krause,0.37,27,400,1,1.0,1.0,4
Deffuant,0.37,27,400,1,1.0,1.0,200
Hegselmann-Krause,0.37,28,400,1,1.0,1.0,4
Deffuant,0.37,28,400,1,1.0,1.0,200
Hegselmann-Krause,0.37,29,400,1,1.0,1.0,4
Deffuant,0.37,29,400,2,1.0050124998429668,0.9975,200
Hegselmann-Krause,0.38,0,400,1,1.0,1.0,4
Deffuant,0.38,0,400,2,1.0050124998429668,0.9975,200
Hegselmann-Krause,0.38,1,400,1,1.0,1.0,4
Deffuant,0.38,1,400,2,1.010049997474875,0.995,300
Hegselmann-Krause,0.38,2,400,1,1.0,1.0,4
Deffuant,0.38,2,400,2,1.0050124998429668,0.9975,200
Hegselmann-Krause,0.38,3,400,1,1.0,1.0,4
Deffuant,0.38,3,400,1,1.0,1.0,200
Hegselmann-Krause,0.38,4,400,1,1.0,1.0,4
Deffuant,0.38,4,400,3,1.010062750148353,0.995,200
Hegselmann-Krause,0.38,5,400,1,1.0,1.0,4
Deffuant,0.38,5,400,1,1.0,1.0,200
Hegselmann-Krause,0.38,6,400,1,1.0,1.0,4
Deffuant,0.38,6,400,2,1.0201999591920017,0.99,300
Hegselmann-Krause,0.38,7,400,1,1.0,1.0,4
Deffuant,0.38,7,400,1,1.0,1.0,200
Hegselmann-Krause,0.38,8,400,1,1.0,1.0,4
Deffuant,0.38,8,400,1,1.0,1.0,200
Hegselmann-Krause,0.38,9,400,1,1.0,1.0,4
Deffuant,0.38,9,400,2,1.0050124998429668,0.9975,200
Hegselmann-Krause,0.38,10,400,1,1.0,1.0,4
Deffuant,0.38,10,400,2,1.0151124871524826,0.9925,300
Hegselmann-Krause,0.38,11,400,1,1.0,1.0,4
Deffuant,0.38,11,400,4,1.0254175372034298,0.9875,200
Hegselmann-Krause,0.38,12,400,1,1.0,1.0,4
Deffuant,0.38,12,400,1,1.0,1.0,200
Hegselmann-Krause,0.38,13,400,1,1.0,1.0,4
Deffuant,0.38,13,400,1,1.0,1.0,200
Hegselmann-Krause,0.38,14,400,1,1.0,1.0,4
Deffuant,0.38,14,400,1,1.0,1.0,200
Hegselmann-Krause,0.38,15,400,1,1.0,1.0,4
Deffuant,0.38,15,400,2,1.0050124998429668,0.9975,200
Hegselmann-Krause,0.38,16,400,1,1.0,1.0,4
Deffuant,0.38,16,400,2,1.0050124998429668,0.9975,200
Hegselmann-Krause,0.38,17,400,1,1.0,1.0,4
Deffuant,0.38,17,400,1,1.0,1.0,200
Hegselmann-Krause,0.38,18,400,1,1.0,1.0,4
Deffuant,0.38,18,400,1,1.0,1.0,200
Hegselmann-Krause,0.38,19,400,1,1.0,1.0,4
Deffuant,0.38,19,400,1,1.0,1.0,200
Hegselmann-Krause,0.38,20,400,1,1.0,1.0,4
Deffuant,0.38,20,400,1,1.0,1.0,200
Hegselmann-Krause,0.38,21,400,1,1.0,1.0,4
Deffuant,0.38,21,400,2,1.0050124998429668,0.9975,200
Hegselmann-Krause,0.38,22,400,1,1.0,1.0,4
Deffuant,0.38,22,400,2,1.0050124998429668,0.9975,200
Hegselmann-Krause,0.38,23,400,1,1.0,1.0,4
Deffuant,0.38,23,400,2,1.0050124998429668,0.9975,200
Hegselmann-Krause,0.38,24,400,1,1.0,1.0,4
Deffuant,0.38,24,400,2,1.010049997474875,0.995,200
Hegselmann-Krause,0.38,25,400,1,1.0,1.0,4
Deffuant,0.38,25,400,1,1.0,1.0,200
Hegselmann-Krause,0.38,26,400,1,1.0,1.0,4
Deffuant,0.38,26,400,1,1.0,1.0,200
Hegselmann-Krause,0.38,27,400,1,1.0,1.0,4
Deffuant,0.38,27,400,2,1.0050124998429668,0.9975,200
Hegselmann-Krause,0.38,28,400,1,1.0,1.0,4
Deffuant,0.38,28,400,1,1.0,1.0,200
Hegselmann-Krause,0.38,29,400,1,1.0,1.0,4
Deffuant,0.38,29,400,3,1.010062750148353,0.995,200
Hegselmann-Krause,0.39,0,400,1,1.0,1.0,4
Deffuant,0.39,0,400,2,1.0050124998429668,0.9975,200
Hegselmann-Krause,0.39,1,400,1,1.0,1.0,4
Deffuant,0.39,1,400,1,1.0,1.0,200
Hegselmann-Krause,0.39,2,400,1,1.0,1.0,4
Deffuant,0.39,2,400,2,1.0050124998429668,0.9975,200
Hegselmann-Krause,0.39,3,400,1,1.0,1.0,4
Deffuant,0.39,3,400,1,1.0,1.0,200
Hegselmann-Krause,0.39,4,400,1,1.0,1.0,4
Deffuant,0.39,4,400,2,1.0050124998429668,0.9975,200
Hegselmann-Krause,0.39,5,400,1,1.0,1.0,4
Deffuant,0.39,5,400,1,1.0,1.0,200
Hegselmann-Krause,0.39,6,400,1,1.0,1.0,4
Deffuant,0.39,6,400,1,1.0,1.0,200
Hegselmann-Krause,0.39,7,400,1,1.0,1.0,4
Deffuant,0.39,7,400,1,1.0,1.0,200
Hegselmann-Krause,0.39,8,400,1,1.0,1.0,4
Deffuant,0.39,8,400,2,1.0050124998429668,0.9975,200
Hegselmann-Krause,0.39,9,400,1,1.0,1.0,4
Deffuant,0.39,9,400,1,1.0,1.0,200
Hegselmann-Krause,0.39,10,400,1,1.0,1.0,4
Deffuant,0.39,10,400,2,1.0151124871524826,0.9925,300
Hegselmann-Krause,0.39,11,400,1,1.0,1.0,4
Deffuant,0.39,11,400,4,1.0202650138373444,0.99,200
Hegselmann-Krause,0.39,12,400,1,1.0,1.0,4
Deffuant,0.39,12,400,1,1.0,1.0,200
Hegselmann-Krause,0.39,13,400,1,1.0,1.0,4
Deffuant,0.39,13,400,2,1.0050124998429668,0.9975,200
Hegselmann-Krause,0.39,14,400,1,1.0,1.0,4
Deffuant,0.39,14,400,1,1.0,1.0,200
Hegselmann-Krause,0.39,15,400,1,1.0,1.0,4
Deffuant,0.39,15,400,1,1.0,1.0,200
Hegselmann-Krause,0.39,16,400,1,1.0,1.0,4
Deffuant,0.39,16,400,2,1.0050124998429668,0.9975,200
Hegselmann-Krause,0.39,17,400,1,1.0,1.0,4
Deffuant,0.39,17,400,1,1.0,1.0,200
Hegselmann-Krause,0.39,18,400,1,1.0,1.0,4
Deffuant,0.39,18,400,1,1.0,1.0,200
Hegselmann-Krause,0.39,19,400,1,1.0,1.0,4
Deffuant,0.39,19,400,1,1.0,1.0,200
Hegselmann-Krause,0.39,20,400,1,1.0,1.0,4
Deffuant,0.39,20,400,2,1.0050124998429668,0.9975,200
Hegselmann-Krause,0.39,21,400,1,1.0,1.0,4
Deffuant,0.39,21,400,1,1.0,1.0,200
Hegselmann-Krause,0.39,22,400,1,1.0,1.0,4
Deffuant,0.39,22,400,2,1.0050124998429668,0.9975,200
Hegselmann-Krause,0.39,23,400,1,1.0,1.0,4
Deffuant,0.39,23,400,1,1.0,1.0,200
Hegselmann-Krause,0.39,24,400,1,1.0,1.0,4
Deffuant,0.39,24,400,2,1.0050124998429668,0.9975,200
Hegselmann-Krause,0.39,25,400,1,1.0,1.0,4
Deffuant,0.39,25,400,1,1.0,1.0,200
Hegselmann-Krause,0.39,26,400,1,1.0,1.0,4
Deffuant,0.39,26,400,1,1.0,1.0,200
Hegselmann-Krause,0.39,27,400,1,1.0,1.0,4
Deffuant,0.39,27,400,1,1.0,1.0,200
Hegselmann-Krause,0.39,28,400,1,1.0,1.0,4
Deffuant,0.39,28,400,1,1.0,1.0,200
Hegselmann-Krause,0.39,29,400,1,1.0,1.0,4
Deffuant,0.39,29,400,2,1.010049997474875,0.995,300
Hegselmann-Krause,0.4,0,400,1,1.0,1.0,4
Deffuant,0.4,0,400,1,1.0,1.0,200
Hegselmann-Krause,0.4,1,400,1,1.0,1.0,4
Deffuant,0.4,1,400,1,1.0,1.0,200
Hegselmann-Krause,0.4,2,400,1,1.0,1.0,4
Deffuant,0.4,2,400,1,1.0,1.0,200
Hegselmann-Krause,0.4,3,400,1,1.0,1.0,4
Deffuant,0.4,3,400,1,1.0,1.0,200
Hegselmann-Krause,0.4,4,400,1,1.0,1.0,4
Deffuant,0.4,4,400,1,1.0,1.0,200
Hegselmann-Krause,0.4,5,400,1,1.0,1.0,4
Deffuant,0.4,5,400,1,1.0,1.0,200
Hegselmann-Krause,0.4,6,400,1,1.0,1.0,4
Deffuant,0.4,6,400,1,1.0,1.0,200
Hegselmann-Krause,0.4,7,400,1,1.0,1.0,4
Deffuant,0.4,7,400,1,1.0,1.0,200
Hegselmann-Krause,0.4,8,400,1,1.0,1.0,4
Deffuant,0.4,8,400,2,1.0050124998429668,0.9975,200
Hegselmann-Krause,0.4,9,400,1,1.0,1.0,4
Deffuant,0.4,9,400,1,1.0,1.0,200
Hegselmann-Krause,0.4,10,400,1,1.0,1.0,4
Deffuant,0.4,10,400,1,1.0,1.0,200
Hegselmann-Krause,0.4,11,400,1,1.0,1.0,4
Deffuant,0.4,11,400,2,1.0050124998429668,0.9975,200
Hegselmann-Krause,0.4,12,400,1,1.0,1.0,4
Deffuant,0.4,12,400,1,1.0,1.0,200
Hegselmann-Krause,0.4,13,400,1,1.0,1.0,4
Deffuant,0.4,13,400,2,1.0050124998429668,0.9975,200
Hegselmann-Krause,0.4,14,400,1,1.0,1.0,4
Deffuant,0.4,14,400,1,1.0,1.0,200
Hegselmann-Krause,0.4,15,400,1,1.0,1.0,4
Deffuant,0.4,15,400,1,1.0,1.0,200
Hegselmann-Krause,0.4,16,400,1,1.0,1.0,4
Deffuant,0.4,16,400,2,1.0050124998429668,0.9975,200
Hegselmann-Krause,0.4,17,400,1,1.0,1.0,4
Deffuant,0.4,17,400,1,1.0,1.0,200
Hegselmann-Krause,0.4,18,400,1,1.0,1.0,4
Deffuant,0.4,18,400,1,1.0,1.0,200
Hegselmann-Krause,0.4,19,400,1,1.0,1.0,4
Deffuant,0.4,19,400,1,1.0,1.0,200
Hegselmann-Krause,0.4,20,400,1,1.0,1.0,4
Deffuant,0.4,20,400,1,1.0,1.0,200
Hegselmann-Krause,0.4,21,400,1,1.0,1.0,4
Deffuant,0.4,21,400,1,1.0,1.0,200
Hegselmann-Krause,0.4,22,400,1,1.0,1.0,4
Deffuant,0.4,22,400,2,1.0050124998429668,0.9975,200
Hegselmann-Krause,0.4,23,400,1,1.0,1.0,4
Deffuant,0.4,23,400,1,1.0,1.0,200
Hegselmann-Krause,0.4,24,400,1,1.0,1.0,4
Deffuant,0.4,24,400,2,1.0151124871524826,0.9925,400
Hegselmann-Krause,0.4,25,400,1,1.0,1.0,4
Deffuant,0.4,25,400,1,1.0,1.0,200
Hegselmann-Krause,0.4,26,400,1,1.0,1.0,4
Deffuant,0.4,26,400,1,1.0,1.0,200
Hegselmann-Krause,0.4,27,400,1,1.0,1.0,4
Deffuant,0.4,27,400,1,1.0,1.0,200
Hegselmann-Krause,0.4,28,400,1,1.0,1.0,4
Deffuant,0.4,28,400,1,1.0,1.0,200
Hegselmann-Krause,0.4,29,400,1,1.0,1.0,4
Deffuant,0.4,29,400,1,1.0,1.0,200
Hegselmann-Krause,0.41,0,400,1,1.0,1.0,4
Deffuant,0.41,0,400,1,1.0,1.0,200
Hegselmann-Krause,0.41,1,400,1,1.0,1.0,4
Deffuant,0.41,1,400,1,1.0,1.0,200
Hegselmann-Krause,0.41,2,400,1,1.0,1.0,4
Deffuant,0.41,2,400,1,1.0,1.0,200
Hegselmann-Krause,0.41,3,400,1,1.0,1.0,4
Deffuant,0.41,3,400,1,1.0,1.0,200
Hegselmann-Krause,0.41,4,400,1,1.0,1.0,4
Deffuant,0.41,4,400,2,1.0050124998429668,0.9975,200
Hegselmann-Krause,0.41,5,400,1,1.0,1.0,4
Deffuant,0.41,5,400,1,1.0,1.0,200
Hegselmann-Krause,0.41,6,400,1,1.0,1.0,4
Deffuant,0.41,6,400,1,1.0,1.0,200
Hegselmann-Krause,0.41,7,400,1,1.0,1.0,4
Deffuant,0.41,7,400,1,1.0,1.0,200
Hegselmann-Krause,0.41,8,400,1,1.0,1.0,4
Deffuant,0.41,8,400,1,1.0,1.0,200
Hegselmann-Krause,0.41,9,400,1,1.0,1.0,4
Deffuant,0.41,9,400,1,1.0,1.0,200
Hegselmann-Krause,0.41,10,400,1,1.0,1.0,4
Deffuant,0.41,10,400,3,1.010062750148353,0.995,200
Hegselmann-Krause,0.41,11,400,1,1.0,1.0,4
Deffuant,0.41,11,400,2,1.0050124998429668,0.9975,200
Hegselmann-Krause,0.41,12,400,1,1.0,1.0,4
Deffuant,0.41,12,400,1,1.0,1.0,200
Hegselmann-Krause,0.41,13,400,1,1.0,1.0,4
Deffuant,0.41,13,400,2,1.0050124998429668,0.9975,200
Hegselmann-Krause,0.41,14,400,1,1.0,1.0,4
Deffuant,0.41,14,400,1,1.0,1.0,200
Hegselmann-Krause,0.41,15,400,1,1.0,1.0,4
Deffuant,0.41,15,400,1,1.0,1.0,200
Hegselmann-Krause,0.41,16,400,1,1.0,1.0,4
Deffuant,0.41,16,400,3,1.010062750148353,0.995,200
Hegselmann-Krause,0.41,17,400,1,1.0,1.0,4
Deffuant,0.41,17,400,1,1.0,1.0,200
Hegselmann-Krause,0.41,18,400,1,1.0,1.0,4
Deffuant,0.41,18,400,2,1.0050124998429668,0.9975,200
Hegselmann-Krause,0.41,19,400,1,1.0,1.0,4
Deffuant,0.41,19,400,1,1.0,1.0,200
Hegselmann-Krause,0.41,20,400,1,1.0,1.0,4
Deffuant,0.41,20,400,1,1.0,1.0,200
Hegselmann-Krause,0.41,21,400,1,1.0,1.0,4
Deffuant,0.41,21,400,1,1.0,1.0,200
Hegselmann-Krause,0.41,22,400,1,1.0,1.0,4
Deffuant,0.41,22,400,2,1.0050124998429668,0.9975,200
Hegselmann-Krause,0.41,23,400,1,1.0,1.0,4
Deffuant,0.41,23,400,1,1.0,1.0,200
Hegselmann-Krause,0.41,24,400,1,1.0,1.0,4
Deffuant,0.41,24,400,3,1.010062750148353,0.995,200
Hegselmann-Krause,0.41,25,400,1,1.0,1.0,4
Deffuant,0.41,25,400,1,1.0,1.0,200
Hegselmann-Krause,0.41,26,400,1,1.0,1.0,4
Deffuant,0.41,26,400,1,1.0,1.0,200
Hegselmann-Krause,0.41,27,400,1,1.0,1.0,4
Deffuant,0.41,27,400,1,1.0,1.0,200
Hegselmann-Krause,0.41,28,400,1,1.0,1.0,4
Deffuant,0.41,28,400,1,1.0,1.0,200
Hegselmann-Krause,0.41,29,400,1,1.0,1.0,4
Deffuant,0.41,29,400,1,1.0,1.0,200
Hegselmann-Krause,0.42,0,400,1,1.0,1.0,4
Deffuant,0.42,0,400,1,1.0,1.0,200
Hegselmann-Krause,0.42,1,400,1,1.0,1.0,4
Deffuant,0.42,1,400,1,1.0,1.0,200
Hegselmann-Krause,0.42,2,400,1,1.0,1.0,4
Deffuant,0.42,2,400,1,1.0,1.0,200
Hegselmann-Krause,0.42,3,400,1,1.0,1.0,4
Deffuant,0.42,3,400,1,1.0,1.0,200
Hegselmann-Krause,0.42,4,400,1,1.0,1.0,4
Deffuant,0.42,4,400,1,1.0,1.0,200
Hegselmann-Krause,0.42,5,400,1,1.0,1.0,4
Deffuant,0.42,5,400,1,1.0,1.0,200
Hegselmann-Krause,0.42,6,400,1,1.0,1.0,4
Deffuant,0.42,6,400,1,1.0,1.0,200
Hegselmann-Krause,0.42,7,400,1,1.0,1.0,4
Deffuant,0.42,7,400,1,1.0,1.0,200
Hegselmann-Krause,0.42,8,400,1,1.0,1.0,4
Deffuant,0.42,8,400,1,1.0,1.0,200
Hegselmann-Krause,0.42,9,400,1,1.0,1.0,4
Deffuant,0.42,9,400,1,1.0,1.0,200
Hegselmann-Krause,0.42,10,400,1,1.0,1.0,4
Deffuant,0.42,10,400,2,1.0201999591920017,0.99,300
Hegselmann-Krause,0.42,11,400,1,1.0,1.0,4
Deffuant,0.42,11,400,1,1.0,1.0,200
Hegselmann-Krause,0.42,12,400,1,1.0,1.0,4
Deffuant,0.42,12,400,1,1.0,1.0,200
Hegselmann-Krause,0.42,13,400,1,1.0,1.0,4
Deffuant,0.42,13,400,2,1.0050124998429668,0.9975,200
Hegselmann-Krause,0.42,14,400,1,1.0,1.0,4
Deffuant,0.42,14,400,1,1.0,1.0,200
Hegselmann-Krause,0.42,15,400,1,1.0,1.0,4
Deffuant,0.42,15,400,1,1.0,1.0,200
Hegselmann-Krause,0.42,16,400,1,1.0,1.0,4
Deffuant,0.42,16,400,2,1.0050124998429668,0.9975,200
Hegselmann-Krause,0.42,17,400,1,1.0,1.0,4
Deffuant,0.42,17,400,1,1.0,1.0,200
Hegselmann-Krause,0.42,18,400,1,1.0,1.0,4
Deffuant,0.42,18,400,2,1.010049997474875,0.995,300
Hegselmann-Krause,0.42,19,400,1,1.0,1.0,4
Deffuant,0.42,19,400,1,1.0,1.0,200
Hegselmann-Krause,0.42,20,400,1,1.0,1.0,4
Deffuant,0.42,20,400,1,1.0,1.0,200
Hegselmann-Krause,0.42,21,400,1,1.0,1.0,4
Deffuant,0.42,21,400,1,1.0,1.0,200
Hegselmann-Krause,0.42,22,400,1,1.0,1.0,4
Deffuant,0.42,22,400,2,1.0050124998429668,0.9975,200
Hegselmann-Krause,0.42,23,400,1,1.0,1.0,4
Deffuant,0.42,23,400,1,1.0,1.0,200
Hegselmann-Krause,0.42,24,400,1,1.0,1.0,4
Deffuant,0.42,24,400,2,1.0050124998429668,0.9975,200
Hegselmann-Krause,0.42,25,400,1,1.0,1.0,4
Deffuant,0.42,25,400,1,1.0,1.0,200
Hegselmann-Krause,0.42,26,400,1,1.0,1.0,4
Deffuant,0.42,26,400,2,1.0050124998429668,0.9975,200
Hegselmann-Krause,0.42,27,400,1,1.0,1.0,4
Deffuant,0.42,27,400,1,1.0,1.0,200
Hegselmann-Krause,0.42,28,400,1,1.0,1.0,4
Deffuant,0.42,28,400,1,1.0,1.0,200
Hegselmann-Krause,0.42,29,400,1,1.0,1.0,4
Deffuant,0.42,29,400,1,1.0,1.0,200
Hegselmann-Krause,0.43,0,400,1,1.0,1.0,4
Deffuant,0.43,0,400,1,1.0,1.0,200
Hegselmann-Krause,0.43,1,400,1,1.0,1.0,4
Deffuant,0.43,1,400,1,1.0,1.0,200
Hegselmann-Krause,0.43,2,400,1,1.0,1.0,4
Deffuant,0.43,2,400,1,1.0,1.0,200
Hegselmann-Krause,0.43,3,400,1,1.0,1.0,4
Deffuant,0.43,3,400,1,1.0,1.0,200
Hegselmann-Krause,0.43,4,400,1,1.0,1.0,4
Deffuant,0.43,4,400,1,1.0,1.0,200
Hegselmann-Krause,0.43,5,400,1,1.0,1.0,4
Deffuant,0.43,5,400,1,1.0,1.0,200
Hegselmann-Krause,0.43,6,400,1,1.0,1.0,4
Deffuant,0.43,6,400,1,1.0,1.0,200
Hegselmann-Krause,0.43,7,400,1,1.0,1.0,4
Deffuant,0.43,7,400,1,1.0,1.0,200
Hegselmann-Krause,0.43,8,400,1,1.0,1.0,4
Deffuant,0.43,8,400,1,1.0,1.0,200
Hegselmann-Krause,0.43,9,400,1,1.0,1.0,4
Deffuant,0.43,9,400,1,1.0,1.0,200
Hegselmann-Krause,0.43,10,400,1,1.0,1.0,4
Deffuant,0.43,10,400,3,1.0253649658425295,0.9875,300
Hegselmann-Krause,0.43,11,400,1,1.0,1.0,4
Deffuant,0.43,11,400,1,1.0,1.0,200
Hegselmann-Krause,0.43,12,400,1,1.0,1.0,4
Deffuant,0.43,12,400,1,1.0,1.0,200
Hegselmann-Krause,0.43,13,400,1,1.0,1.0,4
Deffuant,0.43,13,400,2,1.0050124998429668,0.9975,200
Hegselmann-Krause,0.43,14,400,1,1.0,1.0,4
Deffuant,0.43,14,400,1,1.0,1.0,200
Hegselmann-Krause,0.43,15,400,1,1.0,1.0,4
Deffuant,0.43,15,400,1,1.0,1.0,200
Hegselmann-Krause,0.43,16,400,1,1.0,1.0,4
Deffuant,0.43,16,400,2,1.0050124998429668,0.9975,200
Hegselmann-Krause,0.43,17,400,1,1.0,1.0,4
Deffuant,0.43,17,400,1,1.0,1.0,200
Hegselmann-Krause,0.43,18,400,1,1.0,1.0,4
Deffuant,0.43,18,400,2,1.0050124998429668,0.9975,200
Hegselmann-Krause,0.43,19,400,1,1.0,1.0,4
Deffuant,0.43,19,400,1,1.0,1.0,200
Hegselmann-Krause,0.43,20,400,1,1.0,1.0,4
Deffuant,0.43,20,400,1,1.0,1.0,200
Hegselmann-Krause,0.43,21,400,1,1.0,1.0,4
Deffuant,0.43,21,400,1,1.0,1.0,200
Hegselmann-Krause,0.43,22,400,1,1.0,1.0,4
Deffuant,0.43,22,400,2,1.0050124998429668,0.9975,200
Hegselmann-Krause,0.43,23,400,1,1.0,1.0,4
Deffuant,0.43,23,400,1,1.0,1.0,200
Hegselmann-Krause,0.43,24,400,1,1.0,1.0,4
Deffuant,0.43,24,400,2,1.0050124998429668,0.9975,200
Hegselmann-Krause,0.43,25,400,1,1.0,1.0,4
Deffuant,0.43,25,400,1,1.0,1.0,200
Hegselmann-Krause,0.43,26,400,1,1.0,1.0,4
Deffuant,0.43,26,400,1,1.0,1.0,200
Hegselmann-Krause,0.43,27,400,1,1.0,1.0,4
Deffuant,0.43,27,400,1,1.0,1.0,200
Hegselmann-Krause,0.43,28,400,1,1.0,1.0,4
Deffuant,0.43,28,400,2,1.0050124998429668,0.9975,200
Hegselmann-Krause,0.43,29,400,1,1.0,1.0,4
Deffuant,0.43,29,400,1,1.0,1.0,200
Hegselmann-Krause,0.44,0,400,1,1.0,1.0,4
Deffuant,0.44,0,400,1,1.0,1.0,200
Hegselmann-Krause,0.44,1,400,1,1.0,1.0,4
Deffuant,0.44,1,400,1,1.0,1.0,200
Hegselmann-Krause,0.44,2,400,1,1.0,1.0,4
Deffuant,0.44,2,400,1,1.0,1.0,200
Hegselmann-Krause,0.44,3,400,1,1.0,1.0,4
Deffuant,0.44,3,400,1,1.0,1.0,200
Hegselmann-Krause,0.44,4,400,1,1.0,1.0,4
Deffuant,0.44,4,400,1,1.0,1.0,200
Hegselmann-Krause,0.44,5,400,1,1.0,1.0,4
Deffuant,0.44,5,400,1,1.0,1.0,200
Hegselmann-Krause,0.44,6,400,1,1.0,1.0,4
Deffuant,0.44,6,400,1,1.0,1.0,200
Hegselmann-Krause,0.44,7,400,1,1.0,1.0,4
Deffuant,0.44,7,400,1,1.0,1.0,200
Hegselmann-Krause,0.44,8,400,1,1.0,1.0,4
Deffuant,0.44,8,400,1,1.0,1.0,200
Hegselmann-Krause,0.44,9,400,1,1.0,1.0,4
Deffuant,0.44,9,400,1,1.0,1.0,200
Hegselmann-Krause,0.44,10,400,1,1.0,1.0,4
Deffuant,0.44,10,400,2,1.010049997474875,0.995,200
Hegselmann-Krause,0.44,11,400,1,1.0,1.0,4
Deffuant,0.44,11,400,3,1.010062750148353,0.995,200
Hegselmann-Krause,0.44,12,400,1,1.0,1.0,4
Deffuant,0.44,12,400,1,1.0,1.0,200
Hegselmann-Krause,0.44,13,400,1,1.0,1.0,4
Deffuant,0.44,13,400,2,1.0050124998429668,0.9975,200
Hegselmann-Krause,0.44,14,400,1,1.0,1.0,4
Deffuant,0.44,14,400,1,1.0,1.0,200
Hegselmann-Krause,0.44,15,400,1,1.0,1.0,4
Deffuant,0.44,15,400,1,1.0,1.0,200
Hegselmann-Krause,0.44,16,400,1,1.0,1.0,4
Deffuant,0.44,16,400,1,1.0,1.0,200
Hegselmann-Krause,0.44,17,400,1,1.0,1.0,4
Deffuant,0.44,17,400,1,1.0,1.0,200
Hegselmann-Krause,0.44,18,400,1,1.0,1.0,4
Deffuant,0.44,18,400,2,1.0050124998429668,0.9975,200
Hegselmann-Krause,0.44,19,400,1,1.0,1.0,4
Deffuant,0.44,19,400,1,1.0,1.0,200
Hegselmann-Krause,0.44,20,400,1,1.0,1.0,4
Deffuant,0.44,20,400,1,1.0,1.0,200
Hegselmann-Krause,0.44,21,400,1,1.0,1.0,4
Deffuant,0.44,21,400,1,1.0,1.0,200
Hegselmann-Krause,0.44,22,400,1,1.0,1.0,4
Deffuant,0.44,22,400,1,1.0,1.0,200
Hegselmann-Krause,0.44,23,400,1,1.0,1.0,4
Deffuant,0.44,23,400,1,1.0,1.0,200
Hegselmann-Krause,0.44,24,400,1,1.0,1.0,4
Deffuant,0.44,24,400,3,1.010062750148353,0.995,200
Hegselmann-Krause,0.44,25,400,1,1.0,1.0,4
Deffuant,0.44,25,400,1,1.0,1.0,200
Hegselmann-Krause,0.44,26,400,1,1.0,1.0,4
Deffuant,0.44,26,400,1,1.0,1.0,200
Hegselmann-Krause,0.44,27,400,1,1.0,1.0,4
Deffuant,0.44,27,400,1,1.0,1.0,200
Hegselmann-Krause,0.44,28,400,1,1.0,1.0,4
Deffuant,0.44,28,400,2,1.0050124998429668,0.9975,200
Hegselmann-Krause,0.44,29,400,1,1.0,1.0,4
Deffuant,0.44,29,400,1,1.0,1.0,200
Hegselmann-Krause,0.45,0,400,1,1.0,1.0,4
Deffuant,0.45,0,400,1,1.0,1.0,200
Hegselmann-Krause,0.45,1,400,1,1.0,1.0,4
Deffuant,0.45,1,400,1,1.0,1.0,200
Hegselmann-Krause,0.45,2,400,1,1.0,1.0,4
Deffuant,0.45,2,400,1,1.0,1.0,200
Hegselmann-Krause,0.45,3,400,1,1.0,1.0,4
Deffuant,0.45,3,400,1,1.0,1.0,200
Hegselmann-Krause,0.45,4,400,1,1.0,1.0,4
Deffuant,0.45,4,400,1,1.0,1.0,200
Hegselmann-Krause,0.45,5,400,1,1.0,1.0,4
Deffuant,0.45,5,400,1,1.0,1.0,200
Hegselmann-Krause,0.45,6,400,1,1.0,1.0,4
Deffuant,0.45,6,400,1,1.0,1.0,200
Hegselmann-Krause,0.45,7,400,1,1.0,1.0,4
Deffuant,0.45,7,400,1,1.0,1.0,200
Hegselmann-Krause,0.45,8,400,1,1.0,1.0,4
Deffuant,0.45,8,400,1,1.0,1.0,200
Hegselmann-Krause,0.45,9,400,1,1.0,1.0,4
Deffuant,0.45,9,400,1,1.0,1.0,200
Hegselmann-Krause,0.45,10,400,1,1.0,1.0,4
Deffuant,0.45,10,400,2,1.0050124998429668,0.9975,200
Hegselmann-Krause,0.45,11,400,1,1.0,1.0,4
Deffuant,0.45,11,400,3,1.010062750148353,0.995,200
Hegselmann-Krause,0.45,12,400,1,1.0,1.0,4
Deffuant,0.45,12,400,1,1.0,1.0,200
Hegselmann-Krause,0.45,13,400,1,1.0,1.0,4
Deffuant,0.45,13,400,1,1.0,1.0,200
Hegselmann-Krause,0.45,14,400,1,1.0,1.0,4
Deffuant,0.45,14,400,1,1.0,1.0,200
Hegselmann-Krause,0.45,15,400,1,1.0,1.0,4
Deffuant,0.45,15,400,1,1.0,1.0,200
Hegselmann-Krause,0.45,16,400,1,1.0,1.0,4
Deffuant,0.45,16,400,1,1.0,1.0,200
Hegselmann-Krause,0.45,17,400,1,1.0,1.0,4
Deffuant,0.45,17,400,1,1.0,1.0,200
Hegselmann-Krause,0.45,18,400,1,1.0,1.0,4
Deffuant,0.45,18,400,2,1.0050124998429668,0.9975,200
Hegselmann-Krause,0.45,19,400,1,1.0,1.0,4
Deffuant,0.45,19,400,1,1.0,1.0,200
Hegselmann-Krause,0.45,20,400,1,1.0,1.0,4
Deffuant,0.45,20,400,1,1.0,1.0,200
Hegselmann-Krause,0.45,21,400,1,1.0,1.0,4
Deffuant,0.45,21,400,1,1.0,1.0,200
Hegselmann-Krause,0.45,22,400,1,1.0,1.0,4
Deffuant,0.45,22,400,1,1.0,1.0,200
Hegselmann-Krause,0.45,23,400,1,1.0,1.0,4
Deffuant,0.45,23,400,1,1.0,1.0,200
Hegselmann-Krause,0.45,24,400,1,1.0,1.0,4
Deffuant,0.45,24,400,2,1.0050124998429668,0.9975,200
Hegselmann-Krause,0.45,25,400,1,1.0,1.0,4
Deffuant,0.45,25,400,1,1.0,1.0,200
Hegselmann-Krause,0.45,26,400,1,1.0,1.0,4
Deffuant,0.45,26,400,1,1.0,1.0,200
Hegselmann-Krause,0.45,27,400,1,1.0,1.0,4
Deffuant,0.45,27,400,1,1.0,1.0,200
Hegselmann-Krause,0.45,28,400,1,1.0,1.0,4
Deffuant,0.45,28,400,1,1.0,1.0,200
Hegselmann-Krause,0.45,29,400,1,1.0,1.0,4
Deffuant,0.45,29,400,1,1.0,1.0,200
Hegselmann-Krause,0.46,0,400,1,1.0,1.0,4
Deffuant,0.46,0,400,1,1.0,1.0,200
Hegselmann-Krause,0.46,1,400,1,1.0,1.0,4
Deffuant,0.46,1,400,1,1.0,1.0,200
Hegselmann-Krause,0.46,2,400,1,1.0,1.0,4
Deffuant,0.46,2,400,1,1.0,1.0,200
Hegselmann-Krause,0.46,3,400,1,1.0,1.0,4
Deffuant,0.46,3,400,1,1.0,1.0,200
Hegselmann-Krause,0.46,4,400,1,1.0,1.0,4
Deffuant,0.46,4,400,1,1.0,1.0,200
Hegselmann-Krause,0.46,5,400,1,1.0,1.0,4
Deffuant,0.46,5,400,1,1.0,1.0,200
Hegselmann-Krause,0.46,6,400,1,1.0,1.0,4
Deffuant,0.46,6,400,1,1.0,1.0,200
Hegselmann-Krause,0.46,7,400,1,1.0,1.0,4
Deffuant,0.46,7,400,1,1.0,1.0,200
Hegselmann-Krause,0.46,8,400,1,1.0,1.0,4
Deffuant,0.46,8,400,1,1.0,1.0,200
Hegselmann-Krause,0.46,9,400,1,1.0,1.0,4
Deffuant,0.46,9,400,1,1.0,1.0,200
Hegselmann-Krause,0.46,10,400,1,1.0,1.0,4
Deffuant,0.46,10,400,2,1.0050124998429668,0.9975,200
Hegselmann-Krause,0.46,11,400,1,1.0,1.0,4
Deffuant,0.46,11,400,2,1.0050124998429668,0.9975,200
Hegselmann-Krause,0.46,12,400,1,1.0,1.0,4
Deffuant,0.46,12,400,1,1.0,1.0,200
Hegselmann-Krause,0.46,13,400,1,1.0,1.0,4
Deffuant,0.46,13,400,1,1.0,1.0,200
Hegselmann-Krause,0.46,14,400,1,1.0,1.0,4
Deffuant,0.46,14,400,1,1.0,1.0,200
Hegselmann-Krause,0.46,15,400,1,1.0,1.0,4
Deffuant,0.46,15,400,1,1.0,1.0,200
Hegselmann-Krause,0.46,16,400,1,1.0,1.0,4
Deffuant,0.46,16,400,1,1.0,1.0,200
Hegselmann-Krause,0.46,17,400,1,1.0,1.0,4
Deffuant,0.46,17,400,1,1.0,1.0,200
Hegselmann-Krause,0.46,18,400,1,1.0,1.0,4
Deffuant,0.46,18,400,2,1.0050124998429668,0.9975,200
Hegselmann-Krause,0.46,19,400,1,1.0,1.0,4
Deffuant,0.46,19,400,1,1.0,1.0,200
Hegselmann-Krause,0.46,20,400,1,1.0,1.0,4
Deffuant,0.46,20,400,1,1.0,1.0,200
Hegselmann-Krause,0.46,21,400,1,1.0,1.0,4
Deffuant,0.46,21,400,1,1.0,1.0,200
Hegselmann-Krause,0.46,22,400,1,1.0,1.0,4
Deffuant,0.46,22,400,1,1.0,1.0,200
Hegselmann-Krause,0.46,23,400,1,1.0,1.0,4
Deffuant,0.46,23,400,1,1.0,1.0,200
Hegselmann-Krause,0.46,24,400,1,1.0,1.0,4
Deffuant,0.46,24,400,1,1.0,1.0,200
Hegselmann-Krause,0.46,25,400,1,1.0,1.0,4
Deffuant,0.46,25,400,1,1.0,1.0,200
Hegselmann-Krause,0.46,26,400,1,1.0,1.0,4
Deffuant,0.46,26,400,1,1.0,1.0,200
Hegselmann-Krause,0.46,27,400,1,1.0,1.0,4
Deffuant,0.46,27,400,1,1.0,1.0,200
Hegselmann-Krause,0.46,28,400,1,1.0,1.0,4
Deffuant,0.46,28,400,1,1.0,1.0,200
Hegselmann-Krause,0.46,29,400,1,1.0,1.0,4
Deffuant,0.46,29,400,1,1.0,1.0,200
Hegselmann-Krause,0.47,0,400,1,1.0,1.0,4
Deffuant,0.47,0,400,1,1.0,1.0,200
Hegselmann-Krause,0.47,1,400,1,1.0,1.0,4
Deffuant,0.47,1,400,1,1.0,1.0,200
Hegselmann-Krause,0.47,2,400,1,1.0,1.0,4
Deffuant,0.47,2,400,1,1.0,1.0,200
Hegselmann-Krause,0.47,3,400,1,1.0,1.0,4
Deffuant,0.47,3,400,1,1.0,1.0,200
Hegselmann-Krause,0.47,4,400,1,1.0,1.0,4
Deffuant,0.47,4,400,1,1.0,1.0,200
Hegselmann-Krause,0.47,5,400,1,1.0,1.0,4
Deffuant,0.47,5,400,1,1.0,1.0,200
Hegselmann-Krause,0.47,6,400,1,1.0,1.0,4
Deffuant,0.47,6,400,1,1.0,1.0,200
Hegselmann-Krause,0.47,7,400,1,1.0,1.0,4
Deffuant,0.47,7,400,1,1.0,1.0,200
Hegselmann-Krause,0.47,8,400,1,1.0,1.0,4
Deffuant,0.47,8,400,1,1.0,1.0,200
Hegselmann-Krause,0.47,9,400,1,1.0,1.0,4
Deffuant,0.47,9,400,1,1.0,1.0,200
Hegselmann-Krause,0.47,10,400,1,1.0,1.0,4
Deffuant,0.47,10,400,2,1.0050124998429668,0.9975,200
Hegselmann-Krause,0.47,11,400,1,1.0,1.0,4
Deffuant,0.47,11,400,2,1.0050124998429668,0.9975,200
Hegselmann-Krause,0.47,12,400,1,1.0,1.0,4
Deffuant,0.47,12,400,1,1.0,1.0,200
Hegselmann-Krause,0.47,13,400,1,1.0,1.0,4
Deffuant,0.47,13,400,1,1.0,1.0,200
Hegselmann-Krause,0.47,14,400,1,1.0,1.0,4
Deffuant,0.47,14,400,1,1.0,1.0,200
Hegselmann-Krause,0.47,15,400,1,1.0,1.0,4
Deffuant,0.47,15,400,1,1.0,1.0,200
Hegselmann-Krause,0.47,16,400,1,1.0,1.0,4
Deffuant,0.47,16,400,1,1.0,1.0,200
Hegselmann-Krause,0.47,17,400,1,1.0,1.0,4
Deffuant,0.47,17,400,1,1.0,1.0,200
Hegselmann-Krause,0.47,18,400,1,1.0,1.0,4
Deffuant,0.47,18,400,1,1.0,1.0,200
Hegselmann-Krause,0.47,19,400,1,1.0,1.0,4
Deffuant,0.47,19,400,1,1.0,1.0,200
Hegselmann-Krause,0.47,20,400,1,1.0,1.0,4
Deffuant,0.47,20,400,1,1.0,1.0,200
Hegselmann-Krause,0.47,21,400,1,1.0,1.0,4
Deffuant,0.47,21,400,1,1.0,1.0,200
Hegselmann-Krause,0.47,22,400,1,1.0,1.0,4
Deffuant,0.47,22,400,1,1.0,1.0,200
Hegselmann-Krause,0.47,23,400,1,1.0,1.0,4
Deffuant,0.47,23,400,1,1.0,1.0,200
Hegselmann-Krause,0.47,24,400,1,1.0,1.0,4
Deffuant,0.47,24,400,1,1.0,1.0,200
Hegselmann-Krause,0.47,25,400,1,1.0,1.0,4
Deffuant,0.47,25,400,1,1.0,1.0,200
Hegselmann-Krause,0.47,26,400,1,1.0,1.0,4
Deffuant,0.47,26,400,1,1.0,1.0,200
Hegselmann-Krause,0.47,27,400,1,1.0,1.0,4
Deffuant,0.47,27,400,1,1.0,1.0,200
Hegselmann-Krause,0.47,28,400,1,1.0,1.0,4
Deffuant,0.47,28,400,1,1.0,1.0,200
Hegselmann-Krause,0.47,29,400,1,1.0,1.0,4
Deffuant,0.47,29,400,1,1.0,1.0,200
Hegselmann-Krause,0.48,0,400,1,1.0,1.0,4
Deffuant,0.48,0,400,1,1.0,1.0,200
Hegselmann-Krause,0.48,1,400,1,1.0,1.0,4
Deffuant,0.48,1,400,1,1.0,1.0,200
Hegselmann-Krause,0.48,2,400,1,1.0,1.0,4
Deffuant,0.48,2,400,1,1.0,1.0,200
Hegselmann-Krause,0.48,3,400,1,1.0,1.0,4
Deffuant,0.48,3,400,1,1.0,1.0,200
Hegselmann-Krause,0.48,4,400,1,1.0,1.0,4
Deffuant,0.48,4,400,1,1.0,1.0,200
Hegselmann-Krause,0.48,5,400,1,1.0,1.0,4
Deffuant,0.48,5,400,1,1.0,1.0,200
Hegselmann-Krause,0.48,6,400,1,1.0,1.0,4
Deffuant,0.48,6,400,1,1.0,1.0,200
Hegselmann-Krause,0.48,7,400,1,1.0,1.0,4
Deffuant,0.48,7,400,1,1.0,1.0,200
Hegselmann-Krause,0.48,8,400,1,1.0,1.0,4
Deffuant,0.48,8,400,1,1.0,1.0,200
Hegselmann-Krause,0.48,9,400,1,1.0,1.0,4
Deffuant,0.48,9,400,1,1.0,1.0,200
Hegselmann-Krause,0.48,10,400,1,1.0,1.0,4
Deffuant,0.48,10,400,1,1.0,1.0,200
Hegselmann-Krause,0.48,11,400,1,1.0,1.0,4
Deffuant,0.48,11,400,2,1.0050124998429668,0.9975,200
Hegselmann-Krause,0.48,12,400,1,1.0,1.0,4
Deffuant,0.48,12,400,1,1.0,1.0,200
Hegselmann-Krause,0.48,13,400,1,1.0,1.0,4
Deffuant,0.48,13,400,1,1.0,1.0,200
Hegselmann-Krause,0.48,14,400,1,1.0,1.0,4
Deffuant,0.48,14,400,1,1.0,1.0,200
Hegselmann-Krause,0.48,15,400,1,1.0,1.0,4
Deffuant,0.48,15,400,1,1.0,1.0,200
Hegselmann-Krause,0.48,16,400,1,1.0,1.0,4
Deffuant,0.48,16,400,1,1.0,1.0,200
Hegselmann-Krause,0.48,17,400,1,1.0,1.0,4
Deffuant,0.48,17,400,1,1.0,1.0,200
Hegselmann-Krause,0.48,18,400,1,1.0,1.0,4
Deffuant,0.48,18,400,1,1.0,1.0,200
Hegselmann-Krause,0.48,19,400,1,1.0,1.0,4
Deffuant,0.48,19,400,1,1.0,1.0,200
Hegselmann-Krause,0.48,20,400,1,1.0,1.0,4
Deffuant,0.48,20,400,1,1.0,1.0,200
Hegselmann-Krause,0.48,21,400,1,1.0,1.0,4
Deffuant,0.48,21,400,1,1.0,1.0,200
Hegselmann-Krause,0.48,22,400,1,1.0,1.0,4
Deffuant,0.48,22,400,1,1.0,1.0,200
Hegselmann-Krause,0.48,23,400,1,1.0,1.0,4
Deffuant,0.48,23,400,1,1.0,1.0,200
Hegselmann-Krause,0.48,24,400,1,1.0,1.0,4
Deffuant,0.48,24,400,1,1.0,1.0,200
Hegselmann-Krause,0.48,25,400,1,1.0,1.0,4
Deffuant,0.48,25,400,1,1.0,1.0,200
Hegselmann-Krause,0.48,26,400,1,1.0,1.0,4
Deffuant,0.48,26,400,1,1.0,1.0,200
Hegselmann-Krause,0.48,27,400,1,1.0,1.0,4
Deffuant,0.48,27,400,1,1.0,1.0,200
Hegselmann-Krause,0.48,28,400,1,1.0,1.0,4
Deffuant,0.48,28,400,1,1.0,1.0,200
Hegselmann-Krause,0.48,29,400,1,1.0,1.0,4
Deffuant,0.48,29,400,1,1.0,1.0,200
Hegselmann-Krause,0.49,0,400,1,1.0,1.0,4
Deffuant,0.49,0,400,1,1.0,1.0,200
Hegselmann-Krause,0.49,1,400,1,1.0,1.0,4
Deffuant,0.49,1,400,1,1.0,1.0,200
Hegselmann-Krause,0.49,2,400,1,1.0,1.0,4
Deffuant,0.49,2,400,1,1.0,1.0,200
Hegselmann-Krause,0.49,3,400,1,1.0,1.0,4
Deffuant,0.49,3,400,1,1.0,1.0,200
Hegselmann-Krause,0.49,4,400,1,1.0,1.0,4
Deffuant,0.49,4,400,1,1.0,1.0,200
Hegselmann-Krause,0.49,5,400,1,1.0,1.0,3
Deffuant,0.49,5,400,1,1.0,1.0,200
Hegselmann-Krause,0.49,6,400,1,1.0,1.0,4
Deffuant,0.49,6,400,1,1.0,1.0,200
Hegselmann-Krause,0.49,7,400,1,1.0,1.0,3
Deffuant,0.49,7,400,1,1.0,1.0,200
Hegselmann-Krause,0.49,8,400,1,1.0,1.0,4
Deffuant,0.49,8,400,1,1.0,1.0,200
Hegselmann-Krause,0.49,9,400,1,1.0,1.0,4
Deffuant,0.49,9,400,1,1.0,1.0,200
Hegselmann-Krause,0.49,10,400,1,1.0,1.0,4
Deffuant,0.49,10,400,1,1.0,1.0,200
Hegselmann-Krause,0.49,11,400,1,1.0,1.0,4
Deffuant,0.49,11,400,1,1.0,1.0,200
Hegselmann-Krause,0.49,12,400,1,1.0,1.0,4
Deffuant,0.49,12,400,1,1.0,1.0,200
Hegselmann-Krause,0.49,13,400,1,1.0,1.0,4
Deffuant,0.49,13,400,1,1.0,1.0,200
Hegselmann-Krause,0.49,14,400,1,1.0,1.0,4
Deffuant,0.49,14,400,1,1.0,1.0,200
Hegselmann-Krause,0.49,15,400,1,1.0,1.0,4
Deffuant,0.49,15,400,1,1.0,1.0,200
Hegselmann-Krause,0.49,16,400,1,1.0,1.0,4
Deffuant,0.49,16,400,1,1.0,1.0,200
Hegselmann-Krause,0.49,17,400,1,1.0,1.0,4
Deffuant,0.49,17,400,1,1.0,1.0,200
Hegselmann-Krause,0.49,18,400,1,1.0,1.0,4
Deffuant,0.49,18,400,1,1.0,1.0,200
Hegselmann-Krause,0.49,19,400,1,1.0,1.0,4
Deffuant,0.49,19,400,1,1.0,1.0,200
Hegselmann-Krause,0.49,20,400,1,1.0,1.0,4
Deffuant,0.49,20,400,1,1.0,1.0,200
Hegselmann-Krause,0.49,21,400,1,1.0,1.0,4
Deffuant,0.49,21,400,2,1.0050124998429668,0.9975,200
Hegselmann-Krause,0.49,22,400,1,1.0,1.0,4
Deffuant,0.49,22,400,1,1.0,1.0,200
Hegselmann-Krause,0.49,23,400,1,1.0,1.0,4
Deffuant,0.49,23,400,1,1.0,1.0,200
Hegselmann-Krause,0.49,24,400,1,1.0,1.0,4
Deffuant,0.49,24,400,1,1.0,1.0,200
Hegselmann-Krause,0.49,25,400,1,1.0,1.0,4
Deffuant,0.49,25,400,1,1.0,1.0,200
Hegselmann-Krause,0.49,26,400,1,1.0,1.0,4
Deffuant,0.49,26,400,1,1.0,1.0,200
Hegselmann-Krause,0.49,27,400,1,1.0,1.0,4
Deffuant,0.49,27,400,1,1.0,1.0,200
Hegselmann-Krause,0.49,28,400,1,1.0,1.0,4
Deffuant,0.49,28,400,1,1.0,1.0,200
Hegselmann-Krause,0.49,29,400,1,1.0,1.0,4
Deffuant,0.49,29,400,1,1.0,1.0,200
Hegselmann-Krause,0.5,0,400,1,1.0,1.0,3
Deffuant,0.5,0,400,1,1.0,1.0,200
Hegselmann-Krause,0.5,1,400,1,1.0,1.0,3
Deffuant,0.5,1,400,1,1.0,1.0,200
Hegselmann-Krause,0.5,2,400,1,1.0,1.0,4
Deffuant,0.5,2,400,1,1.0,1.0,200
Hegselmann-Krause,0.5,3,400,1,1.0,1.0,3
Deffuant,0.5,3,400,1,1.0,1.0,200
Hegselmann-Krause,0.5,4,400,1,1.0,1.0,3
Deffuant,0.5,4,400,1,1.0,1.0,200
Hegselmann-Krause,0.5,5,400,1,1.0,1.0,3
Deffuant,0.5,5,400,1,1.0,1.0,200
Hegselmann-Krause,0.5,6,400,1,1.0,1.0,4
Deffuant,0.5,6,400,1,1.0,1.0,200
Hegselmann-Krause,0.5,7,400,1,1.0,1.0,3
Deffuant,0.5,7,400,1,1.0,1.0,200
Hegselmann-Krause,0.5,8,400,1,1.0,1.0,4
Deffuant,0.5,8,400,1,1.0,1.0,200
Hegselmann-Krause,0.5,9,400,1,1.0,1.0,4
Deffuant,0.5,9,400,1,1.0,1.0,200
Hegselmann-Krause,0.5,10,400,1,1.0,1.0,3
Deffuant,0.5,10,400,1,1.0,1.0,200
Hegselmann-Krause,0.5,11,400,1,1.0,1.0,3
Deffuant,0.5,11,400,1,1.0,1.0,200
Hegselmann-Krause,0.5,12,400,1,1.0,1.0,4
Deffuant,0.5,12,400,1,1.0,1.0,200
Hegselmann-Krause,0.5,13,400,1,1.0,1.0,3
Deffuant,0.5,13,400,1,1.0,1.0,200
Hegselmann-Krause,0.5,14,400,1,1.0,1.0,4
Deffuant,0.5,14,400,1,1.0,1.0,200
Hegselmann-Krause,0.5,15,400,1,1.0,1.0,3
Deffuant,0.5,15,400,1,1.0,1.0,200
Hegselmann-Krause,0.5,16,400,1,1.0,1.0,3
Deffuant,0.5,16,400,1,1.0,1.0,200
Hegselmann-Krause,0.5,17,400,1,1.0,1.0,4
Deffuant,0.5,17,400,1,1.0,1.0,200
Hegselmann-Krause,0.5,18,400,1,1.0,1.0,4
Deffuant,0.5,18,400,1,1.0,1.0,200
Hegselmann-Krause,0.5,19,400,1,1.0,1.0,3
Deffuant,0.5,19,400,1,1.0,1.0,200
Hegselmann-Krause,0.5,20,400,1,1.0,1.0,4
Deffuant,0.5,20,400,1,1.0,1.0,200
Hegselmann-Krause,0.5,21,400,1,1.0,1.0,3
Deffuant,0.5,21,400,1,1.0,1.0,200
Hegselmann-Krause,0.5,22,400,1,1.0,1.0,4
Deffuant,0.5,22,400,1,1.0,1.0,200
Hegselmann-Krause,0.5,23,400,1,1.0,1.0,4
Deffuant,0.5,23,400,1,1.0,1.0,200
Hegselmann-Krause,0.5,24,400,1,1.0,1.0,3
Deffuant,0.5,24,400,1,1.0,1.0,200
Hegselmann-Krause,0.5,25,400,1,1.0,1.0,4
Deffuant,0.5,25,400,1,1.0,1.0,200
Hegselmann-Krause,0.5,26,400,1,1.0,1.0,4
Deffuant,0.5,26,400,1,1.0,1.0,200
Hegselmann-Krause,0.5,27,400,1,1.0,1.0,4
Deffuant,0.5,27,400,1,1.0,1.0,200
Hegselmann-Krause,0.5,28,400,1,1.0,1.0,4
Deffuant,0.5,28,400,1,1.0,1.0,200
Hegselmann-Krause,0.5,29,400,1,1.0,1.0,4
Deffuant,0.5,29,400,1,1.0,1.0,200
