N,eps,seed,n_clusters,n_eff,largest_frac,steps
50,0.12,0,3,2.5933609958506225,0.48,8
50,0.12,1,4,3.9432176656151414,0.28,5
50,0.12,2,3,2.50501002004008,0.5,6
50,0.12,3,3,2.9137529137529135,0.4,5
50,0.12,4,2,1.9716088328075707,0.56,6
50,0.12,5,3,2.653927813163482,0.5,6
50,0.12,6,3,2.8473804100227795,0.44,5
50,0.12,7,3,2.515090543259557,0.54,6
50,0.12,8,4,3.644314868804665,0.32,6
50,0.12,9,4,3.7878787878787876,0.34,4
50,0.12,10,3,2.3540489642184554,0.52,6
50,0.12,11,3,2.4366471734892783,0.56,7
50,0.12,12,4,3.369272237196766,0.42,6
50,0.12,13,3,2.7114967462039044,0.48,10
50,0.12,14,3,2.880184331797235,0.4,6
50,0.12,15,3,2.900232018561485,0.42,6
50,0.12,16,3,2.821670428893906,0.42,6
50,0.12,17,3,2.1294718909710393,0.58,7
50,0.12,18,4,3.5211267605633805,0.36,5
50,0.12,19,3,2.4084778420038533,0.46,5
50,0.12,20,3,2.6315789473684212,0.5,8
50,0.12,21,4,3.930817610062893,0.3,5
50,0.12,22,4,3.8343558282208594,0.3,5
50,0.12,23,3,2.6997840172786183,0.44,6
50,0.12,24,3,2.23613595706619,0.5,6
50,0.12,25,3,2.821670428893906,0.42,6
50,0.12,26,4,3.5816618911174785,0.38,6
50,0.12,27,3,2.4461839530332683,0.5,10
50,0.12,28,3,2.9550827423167845,0.38,5
50,0.12,29,4,3.180661577608143,0.42,6
50,0.12,30,3,2.9274004683840746,0.38,9
50,0.12,31,4,3.6023054755043225,0.34,5
50,0.12,32,4,3.930817610062893,0.28,6
50,0.12,33,3,2.886836027713626,0.42,8
50,0.12,34,3,2.7964205816554806,0.46,7
50,0.12,35,4,3.73134328358209,0.36,6
50,0.12,36,3,2.900232018561485,0.42,5
50,0.12,37,3,2.828054298642534,0.44,7
50,0.12,38,2,1.9716088328075707,0.56,8
50,0.12,39,3,2.7964205816554806,0.46,6
50,0.13,0,3,2.642706131078224,0.48,7
50,0.13,1,3,2.8538812785388123,0.44,11
50,0.13,2,3,2.50501002004008,0.5,6
50,0.13,3,3,2.9550827423167845,0.38,5
50,0.13,4,3,2.059308072487644,0.54,5
50,0.13,5,3,2.515090543259557,0.54,8
50,0.13,6,3,2.783964365256125,0.46,5
50,0.13,7,3,2.593360995850622,0.52,6
50,0.13,8,4,3.644314868804665,0.32,6
50,0.13,9,4,3.7878787878787876,0.34,5
50,0.13,10,3,2.260397830018083,0.54,6
50,0.13,11,3,2.4366471734892783,0.56,6
50,0.13,12,3,2.900232018561485,0.42,6
50,0.13,13,3,2.7114967462039044,0.48,8
50,0.13,14,3,2.9137529137529135,0.4,6
50,0.13,15,3,2.900232018561485,0.42,6
50,0.13,16,3,2.886836027713626,0.42,5
50,0.13,17,4,2.1440823327615783,0.6,6
50,0.13,18,3,2.9904306220095696,0.36,6
50,0.13,19,3,2.4084778420038533,0.46,5
50,0.13,20,4,2.927400468384075,0.44,7
50,0.13,21,3,2.7114967462039044,0.48,11
50,0.13,22,4,3.8343558282208594,0.3,5
50,0.13,23,3,2.6997840172786183,0.44,5
50,0.13,24,3,2.23613595706619,0.5,6
50,0.13,25,3,2.821670428893906,0.42,6
50,0.13,26,4,3.52112676056338,0.38,7
50,0.13,27,4,2.7964205816554806,0.52,6
50,0.13,28,3,2.9550827423167845,0.38,5
50,0.13,29,3,2.6997840172786183,0.44,6
50,0.13,30,3,2.900232018561485,0.42,8
50,0.13,31,4,3.351206434316354,0.38,7
50,0.13,32,3,2.5720164609053495,0.52,8
50,0.13,33,2,1.6254876462938883,0.74,11
50,0.13,34,3,2.900232018561485,0.42,6
50,0.13,35,4,3.73134328358209,0.36,5
50,0.13,36,3,2.900232018561485,0.42,5
50,0.13,37,3,2.783964365256125,0.46,7
50,0.13,38,2,1.9716088328075707,0.56,8
50,0.13,39,3,2.7964205816554806,0.46,6
50,0.14,0,3,2.723311546840958,0.46,7
50,0.14,1,2,1.9872813990461045,0.54,12
50,0.14,2,3,2.4654832347140037,0.52,6
50,0.14,3,3,2.9550827423167845,0.38,4
50,0.14,4,3,2.059308072487644,0.54,4
50,0.14,5,3,2.4177949709864603,0.56,7
50,0.14,6,3,2.783964365256125,0.46,5
50,0.14,7,3,2.431906614785992,0.56,7
50,0.14,8,3,2.9137529137529135,0.4,5
50,0.14,9,3,2.587991718426501,0.52,6
50,0.14,10,2,1.8910741301059,0.62,7
50,0.14,11,3,2.515090543259557,0.54,6
50,0.14,12,3,2.900232018561485,0.42,6
50,0.14,13,3,2.783964365256125,0.46,7
50,0.14,14,3,2.9137529137529135,0.4,7
50,0.14,15,3,2.9411764705882355,0.4,6
50,0.14,16,3,2.821670428893906,0.42,6
50,0.14,17,3,2.039151712887439,0.62,6
50,0.14,18,3,2.9904306220095696,0.36,6
50,0.14,19,3,2.485089463220676,0.46,5
50,0.14,20,3,2.900232018561485,0.42,7
50,0.14,21,2,1.996805111821086,0.52,7
50,0.14,22,4,3.8343558282208594,0.3,5
50,0.14,23,3,2.6997840172786183,0.44,5
50,0.14,24,2,1.9716088328075707,0.56,7
50,0.14,25,2,1.8545994065281899,0.64,7
50,0.14,26,3,2.0764119601328903,0.64,7
50,0.14,27,3,2.4177949709864603,0.54,5
50,0.14,28,3,2.9550827423167845,0.38,5
50,0.14,29,2,1.8142235123367199,0.66,9
50,0.14,30,3,2.900232018561485,0.42,8
50,0.14,31,3,2.7839643652561246,0.46,6
50,0.14,32,3,2.5720164609053495,0.52,7
50,0.14,33,2,1.675603217158177,0.72,11
50,0.14,34,3,2.900232018561485,0.42,6
50,0.14,35,3,2.515090543259557,0.54,6
50,0.14,36,3,2.900232018561485,0.42,5
50,0.14,37,3,2.7292576419213974,0.48,7
50,0.14,38,2,1.9716088328075707,0.56,7
50,0.14,39,3,2.7964205816554806,0.46,6
50,0.15,0,2,1.8910741301059,0.62,9
50,0.15,1,2,1.9872813990461045,0.54,8
50,0.15,2,3,2.4654832347140037,0.52,5
50,0.15,3,3,2.9137529137529135,0.4,4
50,0.15,4,3,2.059308072487644,0.54,4
50,0.15,5,3,2.4366471734892783,0.56,7
50,0.15,6,3,2.7292576419213974,0.48,6
50,0.15,7,4,2.5667351129363447,0.54,5
50,0.15,8,3,2.9137529137529135,0.4,5
50,0.15,9,3,2.587991718426501,0.52,6
50,0.15,10,2,1.8910741301059,0.62,6
50,0.15,11,3,2.515090543259557,0.54,5
50,0.15,12,3,2.900232018561485,0.42,5
50,0.15,13,3,2.9411764705882355,0.4,8
50,0.15,14,3,2.9976019184652274,0.34,6
50,0.15,15,3,2.9411764705882355,0.4,5
50,0.15,16,3,2.880184331797235,0.4,6
50,0.15,17,3,2.039151712887439,0.62,6
50,0.15,18,3,2.9904306220095696,0.36,5
50,0.15,19,3,2.485089463220676,0.46,5
50,0.15,20,2,1.7241379310344829,0.7,8
50,0.15,21,2,1.996805111821086,0.52,7
50,0.15,22,3,2.7114967462039044,0.48,9
50,0.15,23,3,2.7533039647577096,0.44,6
50,0.15,24,2,1.9716088328075707,0.56,6
50,0.15,25,2,1.8545994065281899,0.64,6
50,0.15,26,2,1.8545994065281899,0.64,7
50,0.15,27,3,2.4177949709864603,0.54,8
50,0.15,28,3,2.9550827423167845,0.38,5
50,0.15,29,2,1.8142235123367199,0.66,7
50,0.15,30,3,2.1294718909710393,0.58,8
50,0.15,31,4,3.0712530712530715,0.42,6
50,0.15,32,3,2.5720164609053495,0.52,8
50,0.15,33,2,1.675603217158177,0.72,10
50,0.15,34,3,2.9411764705882355,0.4,6
50,0.15,35,3,2.515090543259557,0.54,6
50,0.15,36,3,2.900232018561485,0.42,4
50,0.15,37,3,2.7292576419213974,0.48,7
50,0.15,38,2,1.9716088328075707,0.56,6
50,0.15,39,3,2.8538812785388123,0.44,5
50,0.16,0,2,1.8545994065281899,0.64,8
50,0.16,1,2,1.8910741301059,0.62,9
50,0.16,2,3,2.4654832347140037,0.52,5
50,0.16,3,3,2.9137529137529135,0.4,4
50,0.16,4,3,2.059308072487644,0.54,4
50,0.16,5,3,2.431906614785992,0.56,7
50,0.16,6,3,2.7114967462039044,0.48,6
50,0.16,7,3,2.5050100200400798,0.54,5
50,0.16,8,3,2.9137529137529135,0.4,5
50,0.16,9,3,2.587991718426501,0.52,5
50,0.16,10,3,1.9809825673534072,0.6,5
50,0.16,11,3,2.515090543259557,0.54,5
50,0.16,12,3,2.8538812785388123,0.44,6
50,0.16,13,3,2.969121140142518,0.38,7
50,0.16,14,2,1.8142235123367199,0.66,7
50,0.16,15,3,2.9411764705882355,0.4,6
50,0.16,16,3,2.860411899313501,0.42,5
50,0.16,17,3,2.039151712887439,0.62,6
50,0.16,18,3,2.9904306220095696,0.36,5
50,0.16,19,3,2.5562372188139055,0.46,5
50,0.16,20,2,1.7241379310344829,0.7,7
50,0.16,21,3,2.0798668885191347,0.5,6
50,0.16,22,3,2.7114967462039044,0.48,7
50,0.16,23,2,1.9716088328075707,0.56,6
50,0.16,24,2,1.9716088328075707,0.56,6
50,0.16,25,2,1.8545994065281899,0.64,5
50,0.16,26,3,2.1150592216582065,0.62,7
50,0.16,27,3,2.3629489603024574,0.56,7
50,0.16,28,2,1.923076923076923,0.6,14
50,0.16,29,2,1.8910741301059,0.62,6
50,0.16,30,2,1.950078003120125,0.58,7
50,0.16,31,2,1.9872813990461045,0.54,7
50,0.16,32,2,1.675603217158177,0.72,11
50,0.16,33,2,1.675603217158177,0.72,7
50,0.16,34,2,1.675603217158177,0.72,9
50,0.16,35,3,2.653927813163482,0.5,6
50,0.16,36,3,2.900232018561485,0.42,5
50,0.16,37,3,2.900232018561485,0.42,6
50,0.16,38,2,1.9716088328075707,0.56,5
50,0.16,39,3,2.8538812785388123,0.44,5
50,0.17,0,2,1.8545994065281899,0.64,8
50,0.17,1,2,1.923076923076923,0.6,8
50,0.17,2,3,2.4654832347140037,0.52,5
50,0.17,3,3,2.9137529137529135,0.4,5
50,0.17,4,2,1.9872813990461045,0.54,4
50,0.17,5,2,1.7241379310344829,0.7,9
50,0.17,6,2,1.7241379310344829,0.7,7
50,0.17,7,3,2.5050100200400798,0.54,5
50,0.17,8,3,2.9137529137529135,0.4,5
50,0.17,9,3,2.587991718426501,0.52,5
50,0.17,10,2,1.923076923076923,0.6,4
50,0.17,11,3,2.653927813163482,0.5,6
50,0.17,12,2,1.675603217158177,0.72,12
50,0.17,13,3,2.9411764705882355,0.4,7
50,0.17,14,2,1.8142235123367199,0.66,7
50,0.17,15,2,1.8910741301059,0.62,10
50,0.17,16,2,1.950078003120125,0.58,7
50,0.17,17,3,2.039151712887439,0.62,6
50,0.17,18,2,1.6254876462938883,0.74,10
50,0.17,19,3,2.49003984063745,0.44,5
50,0.17,20,2,1.7705382436260622,0.68,7
50,0.17,21,2,1.996805111821086,0.52,6
50,0.17,22,3,2.7114967462039044,0.48,7
50,0.17,23,2,1.950078003120125,0.58,6
50,0.17,24,2,1.9872813990461045,0.54,5
50,0.17,25,2,1.8545994065281899,0.64,5
50,0.17,26,3,2.1150592216582065,0.62,7
50,0.17,27,2,1.950078003120125,0.58,7
50,0.17,28,3,2.900232018561485,0.42,5
50,0.17,29,2,1.8910741301059,0.62,6
50,0.17,30,2,1.8910741301059,0.62,8
50,0.17,31,2,1.9872813990461045,0.54,7
50,0.17,32,2,1.675603217158177,0.72,9
50,0.17,33,2,1.675603217158177,0.72,8
50,0.17,34,2,1.7241379310344829,0.7,7
50,0.17,35,3,2.653927813163482,0.5,5
50,0.17,36,2,1.7241379310344829,0.7,12
50,0.17,37,3,2.8538812785388123,0.44,6
50,0.17,38,2,1.9716088328075707,0.56,5
50,0.17,39,3,2.7964205816554806,0.46,5
50,0.18,0,2,1.8545994065281899,0.64,7
50,0.18,1,2,1.9716088328075707,0.56,7
50,0.18,2,3,2.4654832347140037,0.52,5
50,0.18,3,3,2.9137529137529135,0.4,4
50,0.18,4,2,1.9872813990461045,0.54,4
50,0.18,5,2,1.8142235123367199,0.66,7
50,0.18,6,2,1.7241379310344829,0.7,6
50,0.18,7,3,2.5050100200400798,0.54,5
50,0.18,8,3,2.9137529137529135,0.4,5
50,0.18,9,2,1.996805111821086,0.52,7
50,0.18,10,2,1.923076923076923,0.6,4
50,0.18,11,3,2.6652452025586357,0.5,6
50,0.18,12,2,1.7241379310344829,0.7,7
50,0.18,13,2,1.7241379310344829,0.7,9
50,0.18,14,2,1.8142235123367199,0.66,7
50,0.18,15,3,2.9137529137529135,0.4,7
50,0.18,16,2,1.950078003120125,0.58,6
50,0.18,17,2,1.8910741301059,0.62,6
50,0.18,18,2,1.7241379310344829,0.7,7
50,0.18,19,2,1.9716088328075707,0.56,7
50,0.18,20,2,1.7241379310344829,0.7,6
50,0.18,21,2,1.996805111821086,0.52,5
50,0.18,22,2,1.522533495736906,0.78,10
50,0.18,23,2,1.950078003120125,0.58,6
50,0.18,24,2,1.9872813990461045,0.54,5
50,0.18,25,2,1.8545994065281899,0.64,5
50,0.18,26,2,1.675603217158177,0.72,7
50,0.18,27,2,1.950078003120125,0.58,6
50,0.18,28,2,1.7241379310344829,0.7,10
50,0.18,29,2,1.8910741301059,0.62,6
50,0.18,30,2,1.950078003120125,0.58,6
50,0.18,31,2,1.9872813990461045,0.54,6
50,0.18,32,2,1.7705382436260622,0.68,8
50,0.18,33,2,1.675603217158177,0.72,7
50,0.18,34,2,1.7241379310344829,0.7,7
50,0.18,35,3,2.653927813163482,0.5,5
50,0.18,36,3,2.900232018561485,0.42,5
50,0.18,37,3,2.900232018561485,0.42,6
50,0.18,38,2,1.9716088328075707,0.56,5
50,0.18,39,3,2.7964205816554806,0.46,5
50,0.19,0,2,1.923076923076923,0.6,7
50,0.19,1,3,2.3105360443622924,0.5,6
50,0.19,2,3,2.50501002004008,0.5,6
50,0.19,3,3,2.9137529137529135,0.4,5
50,0.19,4,2,1.9872813990461045,0.54,4
50,0.19,5,2,1.8142235123367199,0.66,6
50,0.19,6,2,1.7241379310344829,0.7,6
50,0.19,7,3,2.485089463220676,0.54,5
50,0.19,8,3,2.9137529137529135,0.4,5
50,0.19,9,2,1.996805111821086,0.52,6
50,0.19,10,2,1.923076923076923,0.6,4
50,0.19,11,3,2.735229759299781,0.48,6
50,0.19,12,2,1.675603217158177,0.72,7
50,0.19,13,2,1.7241379310344829,0.7,8
50,0.19,14,2,1.923076923076923,0.6,6
50,0.19,15,2,1.923076923076923,0.6,7
50,0.19,16,2,1.950078003120125,0.58,6
50,0.19,17,2,1.923076923076923,0.6,6
50,0.19,18,2,1.7705382436260622,0.68,7
50,0.19,19,2,1.9872813990461045,0.54,6
50,0.19,20,2,1.7705382436260622,0.68,6
50,0.19,21,2,1.996805111821086,0.52,5
50,0.19,22,1,1.0,1.0,16
50,0.19,23,2,1.9716088328075707,0.56,5
50,0.19,24,2,1.996805111821086,0.52,4
50,0.19,25,2,1.8545994065281899,0.64,4
50,0.19,26,2,1.675603217158177,0.72,6
50,0.19,27,2,1.950078003120125,0.58,5
50,0.19,28,2,1.7241379310344829,0.7,8
50,0.19,29,2,1.8910741301059,0.62,5
50,0.19,30,2,1.950078003120125,0.58,6
50,0.19,31,2,1.9872813990461045,0.54,6
50,0.19,32,2,1.7241379310344829,0.7,7
50,0.19,33,1,1.0,1.0,11
50,0.19,34,2,1.7705382436260622,0.68,6
50,0.19,35,3,2.653927813163482,0.5,5
50,0.19,36,2,1.7241379310344829,0.7,7
50,0.19,37,2,1.7241379310344829,0.7,7
50,0.19,38,2,1.9716088328075707,0.56,5
50,0.19,39,3,2.8538812785388123,0.44,6
50,0.2,0,2,1.9716088328075707,0.56,7
50,0.2,1,2,1.9716088328075707,0.56,6
50,0.2,2,2,1.3171759747102214,0.86,7
50,0.2,3,2,1.8142235123367199,0.66,8
50,0.2,4,2,1.9872813990461045,0.54,4
50,0.2,5,2,1.8142235123367199,0.66,6
50,0.2,6,2,1.7241379310344829,0.7,6
50,0.2,7,3,2.39463601532567,0.56,5
50,0.2,8,2,1.675603217158177,0.72,9
50,0.2,9,2,1.9716088328075707,0.56,7
50,0.2,10,2,1.923076923076923,0.6,4
50,0.2,11,2,1.6254876462938883,0.74,7
50,0.2,12,2,1.7241379310344829,0.7,7
50,0.2,13,2,1.7705382436260622,0.68,7
50,0.2,14,2,1.923076923076923,0.6,5
50,0.2,15,2,1.950078003120125,0.58,7
50,0.2,16,2,1.950078003120125,0.58,6
50,0.2,17,2,1.923076923076923,0.6,6
50,0.2,18,2,1.7705382436260622,0.68,7
50,0.2,19,2,1.9872813990461045,0.54,6
50,0.2,20,2,1.7705382436260622,0.68,5
50,0.2,21,2,1.996805111821086,0.52,5
50,0.2,22,2,2.0,0.5,7
50,0.2,23,2,1.9716088328075707,0.56,5
50,0.2,24,3,2.0729684908789383,0.52,5
50,0.2,25,2,1.8545994065281899,0.64,5
50,0.2,26,2,1.7705382436260622,0.68,6
50,0.2,27,2,1.950078003120125,0.58,5
50,0.2,28,2,1.8545994065281899,0.64,8
50,0.2,29,2,1.8910741301059,0.62,5
50,0.2,30,2,1.8910741301059,0.62,6
50,0.2,31,2,1.950078003120125,0.58,6
50,0.2,32,2,1.8910741301059,0.62,6
50,0.2,33,1,1.0,1.0,9
50,0.2,34,2,1.7705382436260622,0.68,6
50,0.2,35,3,2.653927813163482,0.5,5
50,0.2,36,2,1.7241379310344829,0.7,6
50,0.2,37,2,1.7241379310344829,0.7,6
50,0.2,38,2,1.9716088328075707,0.56,6
50,0.2,39,3,2.900232018561485,0.42,5
50,0.21,0,2,1.9716088328075707,0.56,6
50,0.21,1,2,1.950078003120125,0.58,6
50,0.21,2,2,1.3171759747102214,0.86,6
50,0.21,3,2,1.8142235123367199,0.66,7
50,0.21,4,2,1.9872813990461045,0.54,4
50,0.21,5,2,1.8142235123367199,0.66,6
50,0.21,6,2,1.7241379310344829,0.7,5
50,0.21,7,3,2.39463601532567,0.56,6
50,0.21,8,2,1.923076923076923,0.6,7
50,0.21,9,2,1.8545994065281899,0.64,7
50,0.21,10,2,1.923076923076923,0.6,4
50,0.21,11,2,1.6254876462938883,0.74,8
50,0.21,12,2,1.7705382436260622,0.68,7
50,0.21,13,2,1.8142235123367199,0.66,7
50,0.21,14,2,1.923076923076923,0.6,6
50,0.21,15,2,1.9872813990461045,0.54,7
50,0.21,16,2,1.950078003120125,0.58,5
50,0.21,17,2,1.8910741301059,0.62,6
50,0.21,18,1,1.0,1.0,8
50,0.21,19,1,1.0,1.0,18
50,0.21,20,2,1.7705382436260622,0.68,5
50,0.21,21,2,1.996805111821086,0.52,6
50,0.21,22,2,2.0,0.5,7
50,0.21,23,2,1.9716088328075707,0.56,5
50,0.21,24,3,2.0729684908789383,0.52,5
50,0.21,25,2,1.8142235123367199,0.66,5
50,0.21,26,2,1.7705382436260622,0.68,5
50,0.21,27,2,1.950078003120125,0.58,5
50,0.21,28,2,1.9716088328075707,0.56,7
50,0.21,29,2,1.8910741301059,0.62,5
50,0.21,30,2,1.8910741301059,0.62,6
50,0.21,31,2,1.950078003120125,0.58,6
50,0.21,32,2,1.8910741301059,0.62,7
50,0.21,33,1,1.0,1.0,8
50,0.21,34,2,1.7705382436260622,0.68,5
50,0.21,35,3,2.653927813163482,0.5,5
50,0.21,36,2,1.7241379310344829,0.7,6
50,0.21,37,2,1.7705382436260622,0.68,7
50,0.21,38,1,1.0,1.0,9
50,0.21,39,2,1.7241379310344829,0.7,8
50,0.22,0,1,1.0,1.0,11
50,0.22,1,2,1.9716088328075707,0.56,6
50,0.22,2,2,1.3171759747102214,0.86,6
50,0.22,3,2,1.8142235123367199,0.66,7
50,0.22,4,2,1.9872813990461045,0.54,4
50,0.22,5,2,1.8142235123367199,0.66,6
50,0.22,6,2,1.7241379310344829,0.7,5
50,0.22,7,2,1.923076923076923,0.6,7
50,0.22,8,2,1.923076923076923,0.6,7
50,0.22,9,2,1.8545994065281899,0.64,6
50,0.22,10,2,1.923076923076923,0.6,4
50,0.22,11,1,1.0,1.0,9
50,0.22,12,2,1.8142235123367199,0.66,6
50,0.22,13,2,1.8142235123367199,0.66,7
50,0.22,14,2,1.923076923076923,0.6,6
50,0.22,15,2,1.9872813990461045,0.54,7
50,0.22,16,2,1.950078003120125,0.58,5
50,0.22,17,1,1.0,1.0,10
50,0.22,18,1,1.0,1.0,8
50,0.22,19,1,1.0,1.0,11
50,0.22,20,2,1.7705382436260622,0.68,5
50,0.22,21,2,1.996805111821086,0.52,6
50,0.22,22,2,1.923076923076923,0.6,7
50,0.22,23,2,1.9716088328075707,0.56,5
50,0.22,24,3,2.0729684908789383,0.52,5
50,0.22,25,2,1.8142235123367199,0.66,5
50,0.22,26,2,1.8142235123367199,0.66,6
50,0.22,27,2,1.950078003120125,0.58,5
50,0.22,28,2,1.9716088328075707,0.56,6
50,0.22,29,2,1.923076923076923,0.6,5
50,0.22,30,2,1.923076923076923,0.6,6
50,0.22,31,2,1.9872813990461045,0.54,6
50,0.22,32,2,1.8910741301059,0.62,6
50,0.22,33,1,1.0,1.0,7
50,0.22,34,2,1.7705382436260622,0.68,5
50,0.22,35,2,1.522533495736906,0.78,7
50,0.22,36,2,1.7241379310344829,0.7,5
50,0.22,37,2,1.7705382436260622,0.68,6
50,0.22,38,1,1.0,1.0,7
50,0.22,39,2,1.7241379310344829,0.7,7
50,0.23,0,1,1.0,1.0,7
50,0.23,1,2,1.9716088328075707,0.56,5
50,0.23,2,2,1.3171759747102214,0.86,5
50,0.23,3,1,1.0,1.0,10
50,0.23,4,2,1.9872813990461045,0.54,4
50,0.23,5,2,1.675603217158177,0.72,6
50,0.23,6,2,1.7241379310344829,0.7,5
50,0.23,7,2,1.8910741301059,0.62,6
50,0.23,8,2,1.950078003120125,0.58,7
50,0.23,9,1,1.0,1.0,9
50,0.23,10,2,1.923076923076923,0.6,4
50,0.23,11,1,1.0,1.0,8
50,0.23,12,2,1.8142235123367199,0.66,6
50,0.23,13,1,1.0,1.0,10
50,0.23,14,2,1.923076923076923,0.6,6
50,0.23,15,2,1.9872813990461045,0.54,6
50,0.23,16,2,1.950078003120125,0.58,6
50,0.23,17,1,1.0,1.0,7
50,0.23,18,1,1.0,1.0,7
50,0.23,19,1,1.0,1.0,9
50,0.23,20,2,1.8142235123367199,0.66,5
50,0.23,21,2,1.9872813990461045,0.54,6
50,0.23,22,2,1.923076923076923,0.6,7
50,0.23,23,2,1.9716088328075707,0.56,5
50,0.23,24,3,2.0729684908789383,0.52,5
50,0.23,25,2,1.8545994065281899,0.64,5
50,0.23,26,2,1.8142235123367199,0.66,5
50,0.23,27,2,1.950078003120125,0.58,5
50,0.23,28,2,1.9716088328075707,0.56,5
50,0.23,29,2,1.923076923076923,0.6,5
50,0.23,30,2,1.950078003120125,0.58,6
50,0.23,31,2,1.9872813990461045,0.54,5
50,0.23,32,2,1.8910741301059,0.62,6
50,0.23,33,1,1.0,1.0,7
50,0.23,34,2,1.7705382436260622,0.68,5
50,0.23,35,2,1.522533495736906,0.78,6
50,0.23,36,2,1.7241379310344829,0.7,5
50,0.23,37,2,1.7705382436260622,0.68,6
50,0.23,38,1,1.0,1.0,7
50,0.23,39,2,1.6254876462938883,0.74,9
50,0.24,0,1,1.0,1.0,7
50,0.24,1,2,1.9716088328075707,0.56,5
50,0.24,2,2,1.3171759747102214,0.86,5
50,0.24,3,1,1.0,1.0,8
50,0.24,4,2,1.9872813990461045,0.54,4
50,0.24,5,2,1.8142235123367199,0.66,6
50,0.24,6,2,1.7705382436260622,0.68,5
50,0.24,7,2,1.8545994065281899,0.64,5
50,0.24,8,1,1.0,1.0,11
50,0.24,9,1,1.0,1.0,8
50,0.24,10,2,1.923076923076923,0.6,4
50,0.24,11,1,1.0,1.0,8
50,0.24,12,2,1.8142235123367199,0.66,6
50,0.24,13,1,1.0,1.0,12
50,0.24,14,2,1.923076923076923,0.6,6
50,0.24,15,2,1.9872813990461045,0.54,6
50,0.24,16,2,1.950078003120125,0.58,6
50,0.24,17,1,1.0,1.0,6
50,0.24,18,1,1.0,1.0,6
50,0.24,19,1,1.0,1.0,7
50,0.24,20,2,1.8142235123367199,0.66,5
50,0.24,21,2,1.996805111821086,0.52,5
50,0.24,22,1,1.0,1.0,8
50,0.24,23,2,1.9716088328075707,0.56,5
50,0.24,24,2,1.996805111821086,0.52,5
50,0.24,25,2,1.8142235123367199,0.66,6
50,0.24,26,2,1.8545994065281899,0.64,5
50,0.24,27,2,1.950078003120125,0.58,5
50,0.24,28,2,1.9716088328075707,0.56,5
50,0.24,29,2,1.923076923076923,0.6,5
50,0.24,30,2,1.950078003120125,0.58,5
50,0.24,31,2,1.9872813990461045,0.54,5
50,0.24,32,2,1.8910741301059,0.62,6
50,0.24,33,1,1.0,1.0,6
50,0.24,34,2,1.7705382436260622,0.68,6
50,0.24,35,2,1.522533495736906,0.78,6
50,0.24,36,2,1.7241379310344829,0.7,5
50,0.24,37,2,1.7705382436260622,0.68,6
50,0.24,38,1,1.0,1.0,6
50,0.24,39,1,1.0,1.0,9
50,0.25,0,1,1.0,1.0,6
50,0.25,1,2,1.9716088328075707,0.56,6
50,0.25,2,2,1.3171759747102214,0.86,5
50,0.25,3,1,1.0,1.0,7
50,0.25,4,2,1.9872813990461045,0.54,4
50,0.25,5,1,1.0,1.0,9
50,0.25,6,2,1.7705382436260622,0.68,5
50,0.25,7,2,1.8545994065281899,0.64,5
50,0.25,8,2,1.950078003120125,0.58,6
50,0.25,9,1,1.0,1.0,7
50,0.25,10,2,1.923076923076923,0.6,5
50,0.25,11,1,1.0,1.0,7
50,0.25,12,2,1.8142235123367199,0.66,5
50,0.25,13,1,1.0,1.0,10
50,0.25,14,1,1.0,1.0,8
50,0.25,15,1,1.0,1.0,9
50,0.25,16,2,1.950078003120125,0.58,6
50,0.25,17,1,1.0,1.0,6
50,0.25,18,1,1.0,1.0,6
50,0.25,19,1,1.0,1.0,6
50,0.25,20,2,1.8142235123367199,0.66,5
50,0.25,21,2,1.996805111821086,0.52,5
50,0.25,22,1,1.0,1.0,7
50,0.25,23,2,1.9716088328075707,0.56,5
50,0.25,24,2,1.996805111821086,0.52,5
50,0.25,25,1,1.0,1.0,10
50,0.25,26,2,1.8545994065281899,0.64,5
50,0.25,27,2,1.923076923076923,0.6,5
50,0.25,28,2,1.9716088328075707,0.56,6
50,0.25,29,2,1.923076923076923,0.6,5
50,0.25,30,2,1.950078003120125,0.58,5
50,0.25,31,2,1.9872813990461045,0.54,5
50,0.25,32,1,1.0,1.0,10
50,0.25,33,1,1.0,1.0,6
50,0.25,34,2,1.7705382436260622,0.68,5
50,0.25,35,2,1.522533495736906,0.78,6
50,0.25,36,2,1.7241379310344829,0.7,5
50,0.25,37,2,1.7705382436260622,0.68,7
50,0.25,38,1,1.0,1.0,5
50,0.25,39,1,1.0,1.0,8
50,0.26,0,1,1.0,1.0,6
50,0.26,1,1,1.0,1.0,8
50,0.26,2,1,1.0,1.0,8
50,0.26,3,1,1.0,1.0,6
50,0.26,4,2,1.9872813990461045,0.54,4
50,0.26,5,1,1.0,1.0,7
50,0.26,6,2,1.8142235123367199,0.66,5
50,0.26,7,2,1.8142235123367199,0.66,5
50,0.26,8,1,1.0,1.0,8
50,0.26,9,1,1.0,1.0,7
50,0.26,10,2,1.923076923076923,0.6,4
50,0.26,11,1,1.0,1.0,7
50,0.26,12,2,1.8142235123367199,0.66,5
50,0.26,13,1,1.0,1.0,8
50,0.26,14,1,1.0,1.0,8
50,0.26,15,1,1.0,1.0,8
50,0.26,16,2,1.950078003120125,0.58,6
50,0.26,17,1,1.0,1.0,6
50,0.26,18,1,1.0,1.0,6
50,0.26,19,1,1.0,1.0,6
50,0.26,20,2,1.8142235123367199,0.66,5
50,0.26,21,2,1.996805111821086,0.52,5
50,0.26,22,1,1.0,1.0,6
50,0.26,23,1,1.0,1.0,16
50,0.26,24,2,1.996805111821086,0.52,5
50,0.26,25,1,1.0,1.0,9
50,0.26,26,2,1.8545994065281899,0.64,5
50,0.26,27,2,1.8910741301059,0.62,5
50,0.26,28,1,1.0,1.0,8
50,0.26,29,2,1.923076923076923,0.6,5
50,0.26,30,2,1.950078003120125,0.58,5
50,0.26,31,2,1.9872813990461045,0.54,5
50,0.26,32,1,1.0,1.0,7
50,0.26,33,1,1.0,1.0,6
50,0.26,34,1,1.0,1.0,9
50,0.26,35,1,1.0,1.0,7
50,0.26,36,2,1.8142235123367199,0.66,5
50,0.26,37,1,1.0,1.0,11
50,0.26,38,1,1.0,1.0,5
50,0.26,39,1,1.0,1.0,6
50,0.27,0,1,1.0,1.0,6
50,0.27,1,1,1.0,1.0,7
50,0.27,2,1,1.0,1.0,7
50,0.27,3,1,1.0,1.0,6
50,0.27,4,2,1.9872813990461045,0.54,4
50,0.27,5,1,1.0,1.0,7
50,0.27,6,2,1.8142235123367199,0.66,5
50,0.27,7,2,1.8545994065281899,0.64,6
50,0.27,8,1,1.0,1.0,6
50,0.27,9,1,1.0,1.0,6
50,0.27,10,2,1.923076923076923,0.6,5
50,0.27,11,1,1.0,1.0,6
50,0.27,12,2,1.8142235123367199,0.66,5
50,0.27,13,1,1.0,1.0,8
50,0.27,14,1,1.0,1.0,7
50,0.27,15,1,1.0,1.0,7
50,0.27,16,2,1.950078003120125,0.58,5
50,0.27,17,1,1.0,1.0,5
50,0.27,18,1,1.0,1.0,5
50,0.27,19,1,1.0,1.0,5
50,0.27,20,2,1.8142235123367199,0.66,6
50,0.27,21,2,1.996805111821086,0.52,6
50,0.27,22,1,1.0,1.0,6
50,0.27,23,1,1.0,1.0,14
50,0.27,24,2,1.996805111821086,0.52,5
50,0.27,25,1,1.0,1.0,7
50,0.27,26,2,1.8545994065281899,0.64,5
50,0.27,27,2,1.8910741301059,0.62,5
50,0.27,28,1,1.0,1.0,7
50,0.27,29,1,1.0,1.0,14
50,0.27,30,2,1.950078003120125,0.58,5
50,0.27,31,1,1.0,1.0,11
50,0.27,32,1,1.0,1.0,6
50,0.27,33,1,1.0,1.0,5
50,0.27,34,1,1.0,1.0,8
50,0.27,35,1,1.0,1.0,6
50,0.27,36,2,1.7241379310344829,0.7,6
50,0.27,37,1,1.0,1.0,6
50,0.27,38,1,1.0,1.0,5
50,0.27,39,1,1.0,1.0,6
50,0.28,0,1,1.0,1.0,5
50,0.28,1,1,1.0,1.0,6
50,0.28,2,1,1.0,1.0,6
50,0.28,3,1,1.0,1.0,5
50,0.28,4,2,1.9872813990461045,0.54,4
50,0.28,5,1,1.0,1.0,6
50,0.28,6,2,1.8142235123367199,0.66,5
50,0.28,7,2,1.8910741301059,0.62,5
50,0.28,8,1,1.0,1.0,6
50,0.28,9,1,1.0,1.0,6
50,0.28,10,2,1.8910741301059,0.62,5
50,0.28,11,1,1.0,1.0,6
50,0.28,12,2,1.8142235123367199,0.66,5
50,0.28,13,1,1.0,1.0,7
50,0.28,14,1,1.0,1.0,6
50,0.28,15,1,1.0,1.0,6
50,0.28,16,1,1.0,1.0,9
50,0.28,17,1,1.0,1.0,5
50,0.28,18,1,1.0,1.0,5
50,0.28,19,1,1.0,1.0,5
50,0.28,20,1,1.0,1.0,9
50,0.28,21,1,1.0,1.0,17
50,0.28,22,1,1.0,1.0,6
50,0.28,23,1,1.0,1.0,8
50,0.28,24,2,1.996805111821086,0.52,5
50,0.28,25,1,1.0,1.0,6
50,0.28,26,2,1.8545994065281899,0.64,4
50,0.28,27,2,1.8910741301059,0.62,5
50,0.28,28,1,1.0,1.0,6
50,0.28,29,1,1.0,1.0,9
50,0.28,30,2,1.950078003120125,0.58,5
50,0.28,31,2,1.9872813990461045,0.54,5
50,0.28,32,1,1.0,1.0,6
50,0.28,33,1,1.0,1.0,5
50,0.28,34,1,1.0,1.0,8
50,0.28,35,1,1.0,1.0,6
50,0.28,36,1,1.0,1.0,10
50,0.28,37,1,1.0,1.0,6
50,0.28,38,1,1.0,1.0,5
50,0.28,39,1,1.0,1.0,6
50,0.29,0,1,1.0,1.0,5
50,0.29,1,1,1.0,1.0,6
50,0.29,2,1,1.0,1.0,6
50,0.29,3,1,1.0,1.0,5
50,0.29,4,2,1.9872813990461045,0.54,4
50,0.29,5,1,1.0,1.0,6
50,0.29,6,2,1.8142235123367199,0.66,5
50,0.29,7,2,1.8545994065281899,0.64,5
50,0.29,8,1,1.0,1.0,6
50,0.29,9,1,1.0,1.0,5
50,0.29,10,2,1.923076923076923,0.6,5
50,0.29,11,1,1.0,1.0,6
50,0.29,12,2,1.8142235123367199,0.66,5
50,0.29,13,1,1.0,1.0,7
50,0.29,14,1,1.0,1.0,6
50,0.29,15,1,1.0,1.0,6
50,0.29,16,1,1.0,1.0,9
50,0.29,17,1,1.0,1.0,5
50,0.29,18,1,1.0,1.0,5
50,0.29,19,1,1.0,1.0,5
50,0.29,20,1,1.0,1.0,6
50,0.29,21,1,1.0,1.0,10
50,0.29,22,1,1.0,1.0,5
50,0.29,23,1,1.0,1.0,6
50,0.29,24,2,1.996805111821086,0.52,5
50,0.29,25,1,1.0,1.0,5
50,0.29,26,2,1.8545994065281899,0.64,5
50,0.29,27,1,1.0,1.0,9
50,0.29,28,1,1.0,1.0,6
50,0.29,29,1,1.0,1.0,7
50,0.29,30,2,1.950078003120125,0.58,5
50,0.29,31,1,1.0,1.0,8
50,0.29,32,1,1.0,1.0,5
50,0.29,33,1,1.0,1.0,5
50,0.29,34,1,1.0,1.0,7
50,0.29,35,1,1.0,1.0,6
50,0.29,36,1,1.0,1.0,13
50,0.29,37,1,1.0,1.0,6
50,0.29,38,1,1.0,1.0,5
50,0.29,39,1,1.0,1.0,6
50,0.3,0,1,1.0,1.0,5
50,0.3,1,1,1.0,1.0,5
50,0.3,2,1,1.0,1.0,5
50,0.3,3,1,1.0,1.0,5
50,0.3,4,2,1.9872813990461045,0.54,4
50,0.3,5,1,1.0,1.0,5
50,0.3,6,2,1.8142235123367199,0.66,5
50,0.3,7,2,1.8545994065281899,0.64,5
50,0.3,8,1,1.0,1.0,6
50,0.3,9,1,1.0,1.0,5
50,0.3,10,2,1.923076923076923,0.6,5
50,0.3,11,1,1.0,1.0,5
50,0.3,12,1,1.0,1.0,6
50,0.3,13,1,1.0,1.0,6
50,0.3,14,1,1.0,1.0,6
50,0.3,15,1,1.0,1.0,6
50,0.3,16,1,1.0,1.0,7
50,0.3,17,1,1.0,1.0,5
50,0.3,18,1,1.0,1.0,5
50,0.3,19,1,1.0,1.0,5
50,0.3,20,1,1.0,1.0,6
50,0.3,21,1,1.0,1.0,8
50,0.3,22,1,1.0,1.0,5
50,0.3,23,1,1.0,1.0,6
50,0.3,24,1,1.0,1.0,15
50,0.3,25,1,1.0,1.0,5
50,0.3,26,2,1.8545994065281899,0.64,5
50,0.3,27,1,1.0,1.0,8
50,0.3,28,1,1.0,1.0,5
50,0.3,29,1,1.0,1.0,6
50,0.3,30,2,1.950078003120125,0.58,5
50,0.3,31,1,1.0,1.0,8
50,0.3,32,1,1.0,1.0,5
50,0.3,33,1,1.0,1.0,5
50,0.3,34,1,1.0,1.0,6
50,0.3,35,1,1.0,1.0,6
50,0.3,36,1,1.0,1.0,7
50,0.3,37,1,1.0,1.0,5
50,0.3,38,1,1.0,1.0,4
50,0.3,39,1,1.0,1.0,6
50,0.31,0,1,1.0,1.0,5
50,0.31,1,1,1.0,1.0,5
50,0.31,2,1,1.0,1.0,5
50,0.31,3,1,1.0,1.0,5
50,0.31,4,2,1.9872813990461045,0.54,4
50,0.31,5,1,1.0,1.0,5
50,0.31,6,2,1.8142235123367199,0.66,6
50,0.31,7,1,1.0,1.0,14
50,0.31,8,1,1.0,1.0,5
50,0.31,9,1,1.0,1.0,5
50,0.31,10,1,1.0,1.0,14
50,0.31,11,1,1.0,1.0,5
50,0.31,12,1,1.0,1.0,6
50,0.31,13,1,1.0,1.0,6
50,0.31,14,1,1.0,1.0,5
50,0.31,15,1,1.0,1.0,5
50,0.31,16,1,1.0,1.0,6
50,0.31,17,1,1.0,1.0,5
50,0.31,18,1,1.0,1.0,5
50,0.31,19,1,1.0,1.0,5
50,0.31,20,1,1.0,1.0,5
50,0.31,21,1,1.0,1.0,7
50,0.31,22,1,1.0,1.0,5
50,0.31,23,1,1.0,1.0,5
50,0.31,24,1,1.0,1.0,8
50,0.31,25,1,1.0,1.0,5
50,0.31,26,2,1.8545994065281899,0.64,5
50,0.31,27,1,1.0,1.0,7
50,0.31,28,1,1.0,1.0,5
50,0.31,29,1,1.0,1.0,5
50,0.31,30,2,1.950078003120125,0.58,6
50,0.31,31,1,1.0,1.0,7
50,0.31,32,1,1.0,1.0,5
50,0.31,33,1,1.0,1.0,5
50,0.31,34,1,1.0,1.0,6
50,0.31,35,1,1.0,1.0,6
50,0.31,36,1,1.0,1.0,6
50,0.31,37,1,1.0,1.0,5
50,0.31,38,1,1.0,1.0,4
50,0.31,39,1,1.0,1.0,5
50,0.32,0,1,1.0,1.0,5
50,0.32,1,1,1.0,1.0,5
50,0.32,2,1,1.0,1.0,5
50,0.32,3,1,1.0,1.0,5
50,0.32,4,1,1.0,1.0,15
50,0.32,5,1,1.0,1.0,5
50,0.32,6,1,1.0,1.0,10
50,0.32,7,2,1.8545994065281899,0.64,5
50,0.32,8,1,1.0,1.0,5
50,0.32,9,1,1.0,1.0,5
50,0.32,10,1,1.0,1.0,14
50,0.32,11,1,1.0,1.0,5
50,0.32,12,1,1.0,1.0,6
50,0.32,13,1,1.0,1.0,5
50,0.32,14,1,1.0,1.0,5
50,0.32,15,1,1.0,1.0,5
50,0.32,16,1,1.0,1.0,6
50,0.32,17,1,1.0,1.0,4
50,0.32,18,1,1.0,1.0,5
50,0.32,19,1,1.0,1.0,4
50,0.32,20,1,1.0,1.0,5
50,0.32,21,1,1.0,1.0,6
50,0.32,22,1,1.0,1.0,5
50,0.32,23,1,1.0,1.0,5
50,0.32,24,1,1.0,1.0,7
50,0.32,25,1,1.0,1.0,5
50,0.32,26,1,1.0,1.0,8
50,0.32,27,1,1.0,1.0,6
50,0.32,28,1,1.0,1.0,5
50,0.32,29,1,1.0,1.0,5
50,0.32,30,1,1.0,1.0,8
50,0.32,31,1,1.0,1.0,6
50,0.32,32,1,1.0,1.0,5
50,0.32,33,1,1.0,1.0,4
50,0.32,34,1,1.0,1.0,5
50,0.32,35,1,1.0,1.0,5
50,0.32,36,1,1.0,1.0,6
50,0.32,37,1,1.0,1.0,5
50,0.32,38,1,1.0,1.0,4
50,0.32,39,1,1.0,1.0,5
50,0.33,0,1,1.0,1.0,5
50,0.33,1,1,1.0,1.0,5
50,0.33,2,1,1.0,1.0,5
50,0.33,3,1,1.0,1.0,5
50,0.33,4,1,1.0,1.0,14
50,0.33,5,1,1.0,1.0,5
50,0.33,6,1,1.0,1.0,7
50,0.33,7,2,1.8545994065281899,0.64,6
50,0.33,8,1,1.0,1.0,5
50,0.33,9,1,1.0,1.0,5
50,0.33,10,1,1.0,1.0,12
50,0.33,11,1,1.0,1.0,5
50,0.33,12,1,1.0,1.0,5
50,0.33,13,1,1.0,1.0,5
50,0.33,14,1,1.0,1.0,5
50,0.33,15,1,1.0,1.0,5
50,0.33,16,1,1.0,1.0,5
50,0.33,17,1,1.0,1.0,4
50,0.33,18,1,1.0,1.0,4
50,0.33,19,1,1.0,1.0,4
50,0.33,20,1,1.0,1.0,5
50,0.33,21,1,1.0,1.0,6
50,0.33,22,1,1.0,1.0,5
50,0.33,23,1,1.0,1.0,5
50,0.33,24,1,1.0,1.0,7
50,0.33,25,1,1.0,1.0,5
50,0.33,26,1,1.0,1.0,6
50,0.33,27,1,1.0,1.0,6
50,0.33,28,1,1.0,1.0,5
50,0.33,29,1,1.0,1.0,5
50,0.33,30,1,1.0,1.0,6
50,0.33,31,1,1.0,1.0,6
50,0.33,32,1,1.0,1.0,5
50,0.33,33,1,1.0,1.0,4
50,0.33,34,1,1.0,1.0,5
50,0.33,35,1,1.0,1.0,5
50,0.33,36,1,1.0,1.0,5
50,0.33,37,1,1.0,1.0,5
50,0.33,38,1,1.0,1.0,4
50,0.33,39,1,1.0,1.0,5
50,0.34,0,1,1.0,1.0,5
50,0.34,1,1,1.0,1.0,5
50,0.34,2,1,1.0,1.0,5
50,0.34,3,1,1.0,1.0,4
50,0.34,4,1,1.0,1.0,13
50,0.34,5,1,1.0,1.0,5
50,0.34,6,1,1.0,1.0,6
50,0.34,7,1,1.0,1.0,10
50,0.34,8,1,1.0,1.0,5
50,0.34,9,1,1.0,1.0,5
50,0.34,10,1,1.0,1.0,10
50,0.34,11,1,1.0,1.0,5
50,0.34,12,1,1.0,1.0,5
50,0.34,13,1,1.0,1.0,5
50,0.34,14,1,1.0,1.0,5
50,0.34,15,1,1.0,1.0,5
50,0.34,16,1,1.0,1.0,5
50,0.34,17,1,1.0,1.0,4
50,0.34,18,1,1.0,1.0,4
50,0.34,19,1,1.0,1.0,4
50,0.34,20,1,1.0,1.0,5
50,0.34,21,1,1.0,1.0,5
50,0.34,22,1,1.0,1.0,5
50,0.34,23,1,1.0,1.0,5
50,0.34,24,1,1.0,1.0,7
50,0.34,25,1,1.0,1.0,4
50,0.34,26,1,1.0,1.0,6
50,0.34,27,1,1.0,1.0,5
50,0.34,28,1,1.0,1.0,5
50,0.34,29,1,1.0,1.0,5
50,0.34,30,1,1.0,1.0,5
50,0.34,31,1,1.0,1.0,5
50,0.34,32,1,1.0,1.0,5
50,0.34,33,1,1.0,1.0,4
50,0.34,34,1,1.0,1.0,5
50,0.34,35,1,1.0,1.0,5
50,0.34,36,1,1.0,1.0,5
50,0.34,37,1,1.0,1.0,5
50,0.34,38,1,1.0,1.0,4
50,0.34,39,1,1.0,1.0,5
50,0.35,0,1,1.0,1.0,4
50,0.35,1,1,1.0,1.0,5
50,0.35,2,1,1.0,1.0,4
50,0.35,3,1,1.0,1.0,4
50,0.35,4,1,1.0,1.0,10
50,0.35,5,1,1.0,1.0,4
50,0.35,6,1,1.0,1.0,5
50,0.35,7,1,1.0,1.0,6
50,0.35,8,1,1.0,1.0,5
50,0.35,9,1,1.0,1.0,5
50,0.35,10,1,1.0,1.0,6
50,0.35,11,1,1.0,1.0,5
50,0.35,12,1,1.0,1.0,5
50,0.35,13,1,1.0,1.0,5
50,0.35,14,1,1.0,1.0,4
50,0.35,15,1,1.0,1.0,5
50,0.35,16,1,1.0,1.0,5
50,0.35,17,1,1.0,1.0,4
50,0.35,18,1,1.0,1.0,4
50,0.35,19,1,1.0,1.0,4
50,0.35,20,1,1.0,1.0,5
50,0.35,21,1,1.0,1.0,5
50,0.35,22,1,1.0,1.0,5
50,0.35,23,1,1.0,1.0,5
50,0.35,24,1,1.0,1.0,6
50,0.35,25,1,1.0,1.0,4
50,0.35,26,1,1.0,1.0,6
50,0.35,27,1,1.0,1.0,5
50,0.35,28,1,1.0,1.0,4
50,0.35,29,1,1.0,1.0,4
50,0.35,30,1,1.0,1.0,5
50,0.35,31,1,1.0,1.0,5
50,0.35,32,1,1.0,1.0,5
50,0.35,33,1,1.0,1.0,4
50,0.35,34,1,1.0,1.0,5
50,0.35,35,1,1.0,1.0,5
50,0.35,36,1,1.0,1.0,5
50,0.35,37,1,1.0,1.0,5
50,0.35,38,1,1.0,1.0,4
50,0.35,39,1,1.0,1.0,5
100,0.12,0,3,2.9568302779420463,0.39,12
100,0.12,1,3,2.828054298642534,0.44,10
100,0.12,2,3,2.5497195308516063,0.49,7
100,0.12,3,3,2.905287623474724,0.39,6
100,0.12,4,2,2.0,0.5,8
100,0.12,5,3,2.995805871779509,0.35,9
100,0.12,6,3,2.995805871779509,0.35,5
100,0.12,7,3,2.552322613578356,0.53,7
100,0.12,8,3,2.995805871779509,0.35,6
100,0.12,9,4,3.825554705432287,0.29,6
100,0.12,10,3,2.807411566535654,0.45,11
100,0.12,11,3,2.4691358024691357,0.55,16
100,0.12,12,4,3.965107057890563,0.29,6
100,0.12,13,3,2.9904306220095696,0.36,6
100,0.12,14,3,2.8620492272467084,0.39,7
100,0.12,15,3,2.602811035918792,0.51,7
100,0.12,16,3,2.7457440966501925,0.41,6
100,0.12,17,3,2.42600679281902,0.55,8
100,0.12,18,3,2.9886431560071727,0.36,6
100,0.12,19,3,2.7277686852154934,0.44,6
100,0.12,20,4,3.894080996884735,0.32,7
100,0.12,21,2,1.9801980198019797,0.55,15
100,0.12,22,4,3.86100386100386,0.31,6
100,0.12,23,4,3.7037037037037033,0.35,6
100,0.12,24,3,2.3375409069658715,0.53,5
100,0.12,25,2,1.8348623853211008,0.65,12
100,0.12,26,3,2.712967986977754,0.41,7
100,0.12,27,2,1.9716088328075707,0.56,9
100,0.12,28,3,2.9463759575721857,0.39,8
100,0.12,29,4,3.8197097020626436,0.33,7
100,0.12,30,3,2.942907592701589,0.38,7
100,0.12,31,3,2.871912693854107,0.41,7
100,0.12,32,3,2.598752598752599,0.5,8
100,0.12,33,4,3.6101083032490973,0.33,7
100,0.12,34,4,3.7037037037037033,0.31,6
100,0.12,35,3,2.7964205816554806,0.46,10
100,0.12,36,4,2.8985507246376807,0.44,5
100,0.12,37,3,2.8074115665356536,0.4,7
100,0.12,38,4,2.8296547821165823,0.42,7
100,0.12,39,3,2.6315789473684212,0.5,8
100,0.13,0,3,2.296738631143776,0.57,11
100,0.13,1,3,2.8457598178713717,0.43,9
100,0.13,2,3,2.5497195308516063,0.49,7
100,0.13,3,3,2.9550827423167845,0.38,5
100,0.13,4,2,2.0,0.5,7
100,0.13,5,3,2.9922202274087373,0.35,7
100,0.13,6,3,2.995805871779509,0.35,5
100,0.13,7,3,2.5471217524197654,0.53,7
100,0.13,8,3,2.995805871779509,0.35,7
100,0.13,9,4,3.8226299694189603,0.3,6
100,0.13,10,3,2.7793218454697053,0.45,7
100,0.13,11,3,2.50501002004008,0.54,7
100,0.13,12,4,3.943217665615142,0.3,7
100,0.13,13,3,2.981514609421586,0.37,6
100,0.13,14,3,2.9359953024075156,0.39,7
100,0.13,15,3,2.602811035918792,0.51,6
100,0.13,16,3,2.7457440966501925,0.41,5
100,0.13,17,2,1.7476406850751487,0.69,8
100,0.13,18,4,3.0469226081657528,0.36,6
100,0.13,19,3,2.7277686852154934,0.44,5
100,0.13,20,3,2.268602540834846,0.6,25
100,0.13,21,2,1.9801980198019797,0.55,8
100,0.13,22,4,3.808073115003807,0.34,5
100,0.13,23,3,2.486325211337643,0.51,19
100,0.13,24,3,2.3073373327180433,0.53,6
100,0.13,25,2,1.8348623853211008,0.65,8
100,0.13,26,3,2.6780931976432782,0.42,7
100,0.13,27,2,1.9716088328075707,0.56,7
100,0.13,28,3,2.9533372711163612,0.39,7
100,0.13,29,3,2.7793218454697053,0.45,11
100,0.13,30,3,2.942907592701589,0.38,7
100,0.13,31,3,2.871912693854107,0.41,6
100,0.13,32,3,2.6219192448872577,0.49,7
100,0.13,33,4,3.631082062454611,0.32,7
100,0.13,34,4,3.4626038781163433,0.32,6
100,0.13,35,3,2.8538812785388123,0.44,8
100,0.13,36,3,2.852253280091272,0.44,5
100,0.13,37,3,2.707092582566324,0.43,8
100,0.13,38,2,1.8142235123367199,0.66,11
100,0.13,39,3,2.682403433476395,0.48,7
100,0.14,0,3,2.239140170174653,0.59,9
100,0.14,1,3,2.8604118993135015,0.42,7
100,0.14,2,3,2.4888003982080633,0.52,7
100,0.14,3,3,2.9463759575721857,0.39,6
100,0.14,4,3,2.039983680130559,0.5,7
100,0.14,5,3,2.895193977996526,0.42,8
100,0.14,6,3,2.995805871779509,0.35,6
100,0.14,7,3,2.5813113061435207,0.52,7
100,0.14,8,3,2.995805871779509,0.35,7
100,0.14,9,3,2.39463601532567,0.56,10
100,0.14,10,3,2.6609898882384244,0.45,7
100,0.14,11,3,2.50501002004008,0.54,6
100,0.14,12,3,2.9568302779420463,0.39,8
100,0.14,13,3,2.981514609421586,0.37,5
100,0.14,14,3,2.9359953024075156,0.39,6
100,0.14,15,3,2.602811035918792,0.51,7
100,0.14,16,3,2.7457440966501925,0.41,5
100,0.14,17,2,1.7705382436260622,0.68,6
100,0.14,18,3,2.9886431560071727,0.36,6
100,0.14,19,3,2.7533039647577096,0.44,5
100,0.14,20,4,2.8785261945883707,0.48,9
100,0.14,21,3,2.066969822240595,0.53,6
100,0.14,22,4,3.813882532418001,0.34,6
100,0.14,23,2,1.8348623853211008,0.65,13
100,0.14,24,3,2.3073373327180433,0.53,5
100,0.14,25,3,1.8789928598271326,0.64,7
100,0.14,26,2,1.9372336303758233,0.59,7
100,0.14,27,2,1.9716088328075707,0.56,8
100,0.14,28,3,2.757859900717044,0.47,7
100,0.14,29,3,2.7793218454697053,0.45,8
100,0.14,30,2,1.8910741301059,0.62,11
100,0.14,31,3,2.8522532800912725,0.41,6
100,0.14,32,3,2.642706131078224,0.48,6
100,0.14,33,3,2.323420074349442,0.56,9
100,0.14,34,2,1.7476406850751487,0.69,27
100,0.14,35,3,2.8785261945883707,0.43,8
100,0.14,36,4,2.8985507246376807,0.44,5
100,0.14,37,3,2.880184331797235,0.4,8
100,0.14,38,2,1.8733608092918694,0.63,8
100,0.14,39,3,2.682403433476395,0.48,7
100,0.15,0,2,1.7001020061203673,0.71,9
100,0.15,1,3,2.9019152640742893,0.41,7
100,0.15,2,4,2.619172341540073,0.5,7
100,0.15,3,3,2.9638411381149967,0.38,5
100,0.15,4,2,2.0,0.5,6
100,0.15,5,3,2.8264556246466928,0.45,7
100,0.15,6,2,1.7705382436260622,0.68,12
100,0.15,7,3,2.552322613578356,0.53,7
100,0.15,8,3,2.995805871779509,0.35,7
100,0.15,9,3,2.485089463220676,0.54,10
100,0.15,10,3,2.6205450733752618,0.46,7
100,0.15,11,3,2.5813113061435207,0.52,7
100,0.15,12,3,2.8392958546280522,0.44,7
100,0.15,13,3,2.981514609421586,0.37,5
100,0.15,14,3,2.9463759575721857,0.39,6
100,0.15,15,3,2.602811035918792,0.51,6
100,0.15,16,3,2.7457440966501925,0.41,5
100,0.15,17,2,1.7705382436260622,0.68,7
100,0.15,18,3,2.9886431560071727,0.36,6
100,0.15,19,3,2.7277686852154934,0.44,5
100,0.15,20,2,1.6,0.75,9
100,0.15,21,2,1.9928258270227182,0.53,6
100,0.15,22,3,2.7159152634437804,0.45,7
100,0.15,23,2,1.8733608092918694,0.63,8
100,0.15,24,3,2.229157378510923,0.54,6
100,0.15,25,2,1.8348623853211008,0.65,7
100,0.15,26,2,1.923076923076923,0.6,7
100,0.15,27,2,1.9716088328075707,0.56,7
100,0.15,28,3,2.7218290691344587,0.47,6
100,0.15,29,2,1.9872813990461045,0.54,11
100,0.15,30,2,1.923076923076923,0.6,8
100,0.15,31,3,2.901915264074289,0.41,6
100,0.15,32,3,2.642706131078224,0.48,6
100,0.15,33,2,1.8545994065281899,0.64,12
100,0.15,34,2,1.7705382436260622,0.68,14
100,0.15,35,3,2.939447383891828,0.4,7
100,0.15,36,4,2.8985507246376807,0.44,5
100,0.15,37,3,2.860411899313501,0.42,6
100,0.15,38,2,1.8910741301059,0.62,7
100,0.15,39,3,2.860411899313501,0.42,6
100,0.16,0,2,1.7476406850751487,0.69,7
100,0.16,1,2,1.6254876462938883,0.74,12
100,0.16,2,2,1.9992003198720512,0.51,9
100,0.16,3,4,3.0807147258163896,0.37,5
100,0.16,4,2,2.0,0.5,6
100,0.16,5,3,2.8264556246466928,0.45,7
100,0.16,6,2,1.7705382436260622,0.68,8
100,0.16,7,3,2.5113008538422905,0.54,7
100,0.16,8,3,2.960331557134399,0.37,6
100,0.16,9,3,2.6136957658128592,0.51,8
100,0.16,10,3,2.5037556334501754,0.48,7
100,0.16,11,3,2.5813113061435207,0.52,6
100,0.16,12,3,2.8885037550548813,0.41,9
100,0.16,13,3,2.981514609421586,0.37,5
100,0.16,14,3,2.9359953024075156,0.39,7
100,0.16,15,3,2.721829069134458,0.48,6
100,0.16,16,3,2.7457440966501925,0.41,6
100,0.16,17,2,1.7927572606669055,0.67,6
100,0.16,18,2,1.8545994065281899,0.64,8
100,0.16,19,3,2.736726874657909,0.43,6
100,0.16,20,2,1.6507098052162432,0.73,8
100,0.16,21,2,1.9928258270227182,0.53,6
100,0.16,22,3,2.7277686852154934,0.44,7
100,0.16,23,2,1.8733608092918694,0.63,8
100,0.16,24,3,2.0267531414673696,0.57,6
100,0.16,25,2,1.8545994065281899,0.64,6
100,0.16,26,2,1.8910741301059,0.62,11
100,0.16,27,2,1.9801980198019797,0.55,7
100,0.16,28,3,2.704164413196322,0.47,6
100,0.16,29,2,1.8733608092918694,0.63,13
100,0.16,30,2,1.9372336303758233,0.59,7
100,0.16,31,2,1.9872813990461045,0.54,8
100,0.16,32,3,2.660989888238425,0.47,6
100,0.16,33,2,1.8733608092918694,0.63,9
100,0.16,34,2,1.7705382436260622,0.68,9
100,0.16,35,3,2.939447383891828,0.4,7
100,0.16,36,3,2.852253280091272,0.44,5
100,0.16,37,2,1.8545994065281899,0.64,15
100,0.16,38,2,1.8733608092918694,0.63,7
100,0.16,39,3,2.829654782116582,0.43,6
100,0.17,0,2,1.7241379310344829,0.7,7
100,0.17,1,2,1.6254876462938883,0.74,13
100,0.17,2,2,1.9992003198720512,0.51,8
100,0.17,3,2,1.8910741301059,0.62,10
100,0.17,4,2,2.0,0.5,5
100,0.17,5,2,1.675603217158177,0.72,14
100,0.17,6,2,1.7705382436260622,0.68,6
100,0.17,7,3,2.5113008538422905,0.54,6
100,0.17,8,3,2.960331557134399,0.37,5
100,0.17,9,2,1.7001020061203673,0.71,8
100,0.17,10,2,1.996805111821086,0.52,7
100,0.17,11,3,2.6136957658128592,0.51,6
100,0.17,12,2,1.8348623853211008,0.65,8
100,0.17,13,3,2.981514609421586,0.37,5
100,0.17,14,2,1.9801980198019797,0.55,14
100,0.17,15,3,2.554931016862545,0.51,7
100,0.17,16,2,1.9372336303758233,0.59,7
100,0.17,17,2,1.8142235123367199,0.66,6
100,0.17,18,2,1.8545994065281899,0.64,7
100,0.17,19,3,2.736726874657909,0.43,6
100,0.17,20,2,1.7705382436260622,0.68,8
100,0.17,21,2,1.9928258270227182,0.53,5
100,0.17,22,2,1.9716088328075707,0.56,9
100,0.17,23,2,1.8733608092918694,0.63,7
100,0.17,24,3,2.058460271716756,0.57,6
100,0.17,25,3,1.8789928598271326,0.64,6
100,0.17,26,2,1.8733608092918694,0.63,8
100,0.17,27,2,1.9801980198019797,0.55,7
100,0.17,28,2,1.7927572606669055,0.67,8
100,0.17,29,2,1.9372336303758233,0.59,8
100,0.17,30,2,1.9372336303758233,0.59,6
100,0.17,31,2,1.9928258270227182,0.53,7
100,0.17,32,3,2.649708532061473,0.46,7
100,0.17,33,2,1.8910741301059,0.62,8
100,0.17,34,2,1.7705382436260622,0.68,7
100,0.17,35,3,2.9708853238265003,0.37,7
100,0.17,36,2,1.6507098052162432,0.73,17
100,0.17,37,2,1.9076688286913392,0.61,7
100,0.17,38,2,1.8733608092918694,0.63,6
100,0.17,39,2,1.8142235123367199,0.66,14
100,0.18,0,2,1.7001020061203673,0.71,7
100,0.18,1,2,1.6254876462938883,0.74,8
100,0.18,2,2,1.996805111821086,0.52,7
100,0.18,3,2,1.8910741301059,0.62,8
100,0.18,4,2,2.0,0.5,6
100,0.18,5,2,1.675603217158177,0.72,8
100,0.18,6,2,1.7705382436260622,0.68,6
100,0.18,7,2,1.9872813990461045,0.54,8
100,0.18,8,3,2.960331557134399,0.37,6
100,0.18,9,2,1.7001020061203673,0.71,9
100,0.18,10,2,2.0,0.5,7
100,0.18,11,2,1.5743073047858942,0.76,20
100,0.18,12,2,1.8733608092918694,0.63,7
100,0.18,13,2,1.7241379310344829,0.7,18
100,0.18,14,2,1.9992003198720512,0.51,10
100,0.18,15,3,2.4425989252564726,0.53,7
100,0.18,16,2,1.9372336303758233,0.59,6
100,0.18,17,2,1.8348623853211008,0.65,5
100,0.18,18,2,1.8545994065281899,0.64,6
100,0.18,19,2,1.9716088328075707,0.56,8
100,0.18,20,2,1.7705382436260622,0.68,8
100,0.18,21,2,1.9928258270227182,0.53,5
100,0.18,22,2,1.950078003120125,0.58,7
100,0.18,23,2,1.9615535504119266,0.57,7
100,0.18,24,3,2.058460271716756,0.57,6
100,0.18,25,2,1.8545994065281899,0.64,7
100,0.18,26,2,1.8910741301059,0.62,7
100,0.18,27,2,1.9872813990461045,0.54,7
100,0.18,28,2,1.7927572606669055,0.67,6
100,0.18,29,2,1.9372336303758233,0.59,7
100,0.18,30,2,1.9372336303758233,0.59,6
100,0.18,31,2,1.9928258270227182,0.53,7
100,0.18,32,2,1.8733608092918694,0.63,7
100,0.18,33,2,1.996805111821086,0.52,7
100,0.18,34,2,1.8142235123367199,0.66,6
100,0.18,35,2,1.8545994065281899,0.64,10
100,0.18,36,2,1.6507098052162432,0.73,7
100,0.18,37,2,1.8545994065281899,0.64,7
100,0.18,38,2,1.8910741301059,0.62,6
100,0.18,39,2,1.8348623853211008,0.65,7
100,0.19,0,2,1.8142235123367199,0.66,7
100,0.19,1,2,1.6507098052162432,0.73,7
100,0.19,2,2,1.9992003198720512,0.51,7
100,0.19,3,2,1.8910741301059,0.62,6
100,0.19,4,3,2.039983680130559,0.5,5
100,0.19,5,2,1.7241379310344829,0.7,8
100,0.19,6,2,1.7705382436260622,0.68,6
100,0.19,7,2,1.9716088328075707,0.56,8
100,0.19,8,2,1.8910741301059,0.62,13
100,0.19,9,1,1.0,1.0,12
100,0.19,10,2,1.9928258270227182,0.53,7
100,0.19,11,2,1.5743073047858942,0.76,8
100,0.19,12,2,1.9076688286913392,0.61,8
100,0.19,13,2,1.7241379310344829,0.7,7
100,0.19,14,2,1.9928258270227182,0.53,7
100,0.19,15,2,1.7705382436260622,0.68,9
100,0.19,16,2,1.9372336303758233,0.59,6
100,0.19,17,2,1.8348623853211008,0.65,6
100,0.19,18,2,1.8545994065281899,0.64,6
100,0.19,19,2,1.9716088328075707,0.56,7
100,0.19,20,2,1.8142235123367199,0.66,6
100,0.19,21,2,1.9928258270227182,0.53,5
100,0.19,22,2,1.8733608092918694,0.63,7
100,0.19,23,2,1.9615535504119266,0.57,6
100,0.19,24,2,1.950078003120125,0.58,6
100,0.19,25,3,1.8789928598271326,0.64,6
100,0.19,26,2,1.8733608092918694,0.63,8
100,0.19,27,2,1.9928258270227182,0.53,6
100,0.19,28,2,1.7927572606669055,0.67,7
100,0.19,29,2,1.9992003198720512,0.51,7
100,0.19,30,2,1.9372336303758233,0.59,6
100,0.19,31,2,1.9872813990461045,0.54,8
100,0.19,32,2,1.8733608092918694,0.63,7
100,0.19,33,2,1.9992003198720512,0.51,7
100,0.19,34,2,1.7927572606669055,0.67,7
100,0.19,35,2,1.9076688286913392,0.61,9
100,0.19,36,2,1.675603217158177,0.72,6
100,0.19,37,2,1.9076688286913392,0.61,6
100,0.19,38,2,1.8733608092918694,0.63,6
100,0.19,39,2,1.8545994065281899,0.64,7
100,0.2,0,2,1.8142235123367199,0.66,7
100,0.2,1,2,1.6507098052162432,0.73,7
100,0.2,2,2,1.9992003198720512,0.51,6
100,0.2,3,2,1.8910741301059,0.62,6
100,0.2,4,2,1.9992003198720512,0.51,4
100,0.2,5,2,1.7476406850751487,0.69,8
100,0.2,6,2,1.7705382436260622,0.68,5
100,0.2,7,2,1.8348623853211008,0.65,8
100,0.2,8,2,1.9076688286913392,0.61,7
100,0.2,9,1,1.0,1.0,11
100,0.2,10,2,1.9801980198019797,0.55,7
100,0.2,11,2,1.5743073047858942,0.76,8
100,0.2,12,2,1.9615535504119266,0.57,8
100,0.2,13,2,1.7241379310344829,0.7,6
100,0.2,14,2,1.950078003120125,0.58,8
100,0.2,15,2,1.9615535504119266,0.57,8
100,0.2,16,2,1.9372336303758233,0.59,6
100,0.2,17,2,1.8348623853211008,0.65,6
100,0.2,18,2,1.8545994065281899,0.64,6
100,0.2,19,2,1.9716088328075707,0.56,7
100,0.2,20,2,1.7705382436260622,0.68,6
100,0.2,21,2,1.9928258270227182,0.53,5
100,0.2,22,2,1.8733608092918694,0.63,6
100,0.2,23,2,1.9615535504119266,0.57,6
100,0.2,24,2,1.9372336303758233,0.59,6
100,0.2,25,2,1.8348623853211008,0.65,5
100,0.2,26,2,1.8910741301059,0.62,6
100,0.2,27,2,1.9928258270227182,0.53,6
100,0.2,28,3,1.858045336306206,0.65,6
100,0.2,29,2,1.9992003198720512,0.51,6
100,0.2,30,2,1.9372336303758233,0.59,6
100,0.2,31,2,1.996805111821086,0.52,7
100,0.2,32,2,1.8733608092918694,0.63,6
100,0.2,33,2,1.996805111821086,0.52,7
100,0.2,34,2,1.8142235123367199,0.66,6
100,0.2,35,2,1.950078003120125,0.58,7
100,0.2,36,2,1.675603217158177,0.72,6
100,0.2,37,2,1.9372336303758233,0.59,6
100,0.2,38,2,1.8910741301059,0.62,6
100,0.2,39,2,1.8545994065281899,0.64,8
100,0.21,0,2,1.8142235123367199,0.66,7
100,0.21,1,2,1.675603217158177,0.72,7
100,0.21,2,2,1.9992003198720512,0.51,6
100,0.21,3,2,1.8910741301059,0.62,6
100,0.21,4,2,1.9992003198720512,0.51,4
100,0.21,5,2,1.7476406850751487,0.69,7
100,0.21,6,2,1.7705382436260622,0.68,5
100,0.21,7,2,1.8348623853211008,0.65,7
100,0.21,8,2,1.8910741301059,0.62,6
100,0.21,9,1,1.0,1.0,8
100,0.21,10,2,1.9801980198019797,0.55,6
100,0.21,11,2,1.5743073047858942,0.76,8
100,0.21,12,2,1.9872813990461045,0.54,7
100,0.21,13,2,1.7476406850751487,0.69,6
100,0.21,14,2,1.9992003198720512,0.51,7
100,0.21,15,2,1.9372336303758233,0.59,7
100,0.21,16,2,1.9372336303758233,0.59,6
100,0.21,17,2,1.8348623853211008,0.65,6
100,0.21,18,2,1.8733608092918694,0.63,7
100,0.21,19,1,1.0,1.0,12
100,0.21,20,2,1.7705382436260622,0.68,7
100,0.21,21,2,1.9928258270227182,0.53,6
100,0.21,22,2,1.8733608092918694,0.63,6
100,0.21,23,2,1.9872813990461045,0.54,6
100,0.21,24,3,2.058460271716756,0.57,5
100,0.21,25,2,1.8545994065281899,0.64,5
100,0.21,26,2,1.8910741301059,0.62,6
100,0.21,27,2,1.996805111821086,0.52,6
100,0.21,28,2,1.8348623853211008,0.65,6
100,0.21,29,2,1.9992003198720512,0.51,6
100,0.21,30,2,1.950078003120125,0.58,6
100,0.21,31,2,1.9992003198720512,0.51,6
100,0.21,32,2,1.9372336303758233,0.59,6
100,0.21,33,2,1.996805111821086,0.52,7
100,0.21,34,2,1.8142235123367199,0.66,6
100,0.21,35,2,1.950078003120125,0.58,8
100,0.21,36,2,1.675603217158177,0.72,5
100,0.21,37,2,1.9372336303758233,0.59,6
100,0.21,38,2,1.8910741301059,0.62,6
100,0.21,39,1,1.0,1.0,11
100,0.22,0,1,1.0,1.0,15
100,0.22,1,2,1.7001020061203673,0.71,7
100,0.22,2,2,1.9928258270227182,0.53,6
100,0.22,3,2,1.9076688286913392,0.61,6
100,0.22,4,2,1.9992003198720512,0.51,4
100,0.22,5,1,1.0,1.0,8
100,0.22,6,2,1.7705382436260622,0.68,5
100,0.22,7,2,1.8348623853211008,0.65,6
100,0.22,8,2,1.8910741301059,0.62,6
100,0.22,9,1,1.0,1.0,7
100,0.22,10,2,1.9928258270227182,0.53,5
100,0.22,11,1,1.0,1.0,8
100,0.22,12,2,1.9872813990461045,0.54,6
100,0.22,13,2,1.7476406850751487,0.69,6
100,0.22,14,1,1.0,1.0,10
100,0.22,15,2,1.8910741301059,0.62,7
100,0.22,16,2,1.9372336303758233,0.59,6
100,0.22,17,2,1.8142235123367199,0.66,7
100,0.22,18,2,1.8910741301059,0.62,6
100,0.22,19,1,1.0,1.0,8
100,0.22,20,1,1.0,1.0,12
100,0.22,21,2,1.9928258270227182,0.53,5
100,0.22,22,2,1.8733608092918694,0.63,6
100,0.22,23,2,1.9801980198019797,0.55,6
100,0.22,24,2,1.9372336303758233,0.59,6
100,0.22,25,2,1.8545994065281899,0.64,5
100,0.22,26,2,1.923076923076923,0.6,6
100,0.22,27,2,1.9928258270227182,0.53,6
100,0.22,28,2,1.8545994065281899,0.64,6
100,0.22,29,2,1.9992003198720512,0.51,6
100,0.22,30,2,1.9615535504119266,0.57,6
100,0.22,31,2,1.9928258270227182,0.53,6
100,0.22,32,2,1.9372336303758233,0.59,6
100,0.22,33,1,1.0,1.0,8
100,0.22,34,2,1.8348623853211008,0.65,5
100,0.22,35,2,1.950078003120125,0.58,8
100,0.22,36,2,1.675603217158177,0.72,5
100,0.22,37,1,1.0,1.0,28
100,0.22,38,1,1.0,1.0,25
100,0.22,39,1,1.0,1.0,9
100,0.23,0,1,1.0,1.0,8
100,0.23,1,1,1.0,1.0,9
100,0.23,2,2,1.9928258270227182,0.53,6
100,0.23,3,2,1.9076688286913392,0.61,6
100,0.23,4,2,1.9992003198720512,0.51,5
100,0.23,5,1,1.0,1.0,7
100,0.23,6,2,1.7927572606669055,0.67,6
100,0.23,7,2,1.8348623853211008,0.65,6
100,0.23,8,2,1.9076688286913392,0.61,6
100,0.23,9,1,1.0,1.0,7
100,0.23,10,2,1.9801980198019797,0.55,6
100,0.23,11,1,1.0,1.0,7
100,0.23,12,2,1.9928258270227182,0.53,6
100,0.23,13,2,1.7476406850751487,0.69,6
100,0.23,14,1,1.0,1.0,8
100,0.23,15,2,1.923076923076923,0.6,6
100,0.23,16,2,1.950078003120125,0.58,6
100,0.23,17,2,1.7705382436260622,0.68,7
100,0.23,18,2,1.8910741301059,0.62,6
100,0.23,19,1,1.0,1.0,7
100,0.23,20,1,1.0,1.0,9
100,0.23,21,2,1.9928258270227182,0.53,5
100,0.23,22,1,1.0,1.0,15
100,0.23,23,2,1.9801980198019797,0.55,7
100,0.23,24,2,1.9372336303758233,0.59,5
100,0.23,25,2,1.8545994065281899,0.64,5
100,0.23,26,2,1.9372336303758233,0.59,5
100,0.23,27,2,1.9928258270227182,0.53,6
100,0.23,28,2,1.9076688286913392,0.61,7
100,0.23,29,2,1.9992003198720512,0.51,6
100,0.23,30,2,1.9716088328075707,0.56,6
100,0.23,31,1,1.0,1.0,27
100,0.23,32,2,1.9372336303758233,0.59,6
100,0.23,33,1,1.0,1.0,7
100,0.23,34,2,1.8733608092918694,0.63,6
100,0.23,35,1,1.0,1.0,10
100,0.23,36,2,1.675603217158177,0.72,6
100,0.23,37,2,1.950078003120125,0.58,7
100,0.23,38,1,1.0,1.0,13
100,0.23,39,1,1.0,1.0,8
100,0.24,0,1,1.0,1.0,7
100,0.24,1,1,1.0,1.0,8
100,0.24,2,2,1.9928258270227182,0.53,6
100,0.24,3,2,1.9076688286913392,0.61,6
100,0.24,4,2,1.9992003198720512,0.51,5
100,0.24,5,1,1.0,1.0,7
100,0.24,6,2,1.7927572606669055,0.67,6
100,0.24,7,2,1.8545994065281899,0.64,7
100,0.24,8,2,1.9076688286913392,0.61,6
100,0.24,9,1,1.0,1.0,6
100,0.24,10,1,1.0,1.0,29
100,0.24,11,1,1.0,1.0,7
100,0.24,12,2,1.9872813990461045,0.54,6
100,0.24,13,2,1.7705382436260622,0.68,6
100,0.24,14,1,1.0,1.0,8
100,0.24,15,2,1.923076923076923,0.6,6
100,0.24,16,2,1.9615535504119266,0.57,6
100,0.24,17,1,1.0,1.0,18
100,0.24,18,1,1.0,1.0,15
100,0.24,19,1,1.0,1.0,7
100,0.24,20,1,1.0,1.0,8
100,0.24,21,2,1.9928258270227182,0.53,5
100,0.24,22,1,1.0,1.0,8
100,0.24,23,2,1.996805111821086,0.52,6
100,0.24,24,2,1.9372336303758233,0.59,7
100,0.24,25,2,1.8348623853211008,0.65,6
100,0.24,26,2,1.9372336303758233,0.59,5
100,0.24,27,2,1.9872813990461045,0.54,6
100,0.24,28,2,1.950078003120125,0.58,6
100,0.24,29,2,1.9992003198720512,0.51,6
100,0.24,30,1,1.0,1.0,17
100,0.24,31,1,1.0,1.0,16
100,0.24,32,1,1.0,1.0,11
100,0.24,33,1,1.0,1.0,7
100,0.24,34,2,1.8910741301059,0.62,5
100,0.24,35,2,1.9992003198720512,0.51,7
100,0.24,36,2,1.675603217158177,0.72,6
100,0.24,37,1,1.0,1.0,7
100,0.24,38,1,1.0,1.0,7
100,0.24,39,1,1.0,1.0,7
100,0.25,0,1,1.0,1.0,6
100,0.25,1,1,1.0,1.0,7
100,0.25,2,1,1.0,1.0,8
100,0.25,3,1,1.0,1.0,24
100,0.25,4,2,1.9992003198720512,0.51,5
100,0.25,5,1,1.0,1.0,6
100,0.25,6,1,1.0,1.0,20
100,0.25,7,2,1.8733608092918694,0.63,6
100,0.25,8,2,1.923076923076923,0.6,6
100,0.25,9,1,1.0,1.0,6
100,0.25,10,1,1.0,1.0,25
100,0.25,11,1,1.0,1.0,6
100,0.25,12,2,1.9928258270227182,0.53,5
100,0.25,13,1,1.0,1.0,12
100,0.25,14,1,1.0,1.0,13
100,0.25,15,2,1.923076923076923,0.6,5
100,0.25,16,2,1.950078003120125,0.58,6
100,0.25,17,1,1.0,1.0,8
100,0.25,18,1,1.0,1.0,9
100,0.25,19,1,1.0,1.0,6
100,0.25,20,1,1.0,1.0,7
100,0.25,21,2,1.9928258270227182,0.53,5
100,0.25,22,1,1.0,1.0,7
100,0.25,23,2,1.996805111821086,0.52,6
100,0.25,24,2,1.9615535504119266,0.57,5
100,0.25,25,1,1.0,1.0,11
100,0.25,26,2,1.9372336303758233,0.59,5
100,0.25,27,1,1.0,1.0,26
100,0.25,28,2,1.9615535504119266,0.57,5
100,0.25,29,1,1.0,1.0,10
100,0.25,30,1,1.0,1.0,10
100,0.25,31,1,1.0,1.0,10
100,0.25,32,1,1.0,1.0,8
100,0.25,33,1,1.0,1.0,6
100,0.25,34,2,1.8910741301059,0.62,5
100,0.25,35,1,1.0,1.0,9
100,0.25,36,2,1.7241379310344829,0.7,6
100,0.25,37,1,1.0,1.0,6
100,0.25,38,1,1.0,1.0,6
100,0.25,39,1,1.0,1.0,7
100,0.26,0,1,1.0,1.0,6
100,0.26,1,1,1.0,1.0,6
100,0.26,2,1,1.0,1.0,7
100,0.26,3,1,1.0,1.0,9
100,0.26,4,2,1.9992003198720512,0.51,5
100,0.26,5,1,1.0,1.0,6
100,0.26,6,1,1.0,1.0,8
100,0.26,7,1,1.0,1.0,18
100,0.26,8,2,1.923076923076923,0.6,6
100,0.26,9,1,1.0,1.0,6
100,0.26,10,1,1.0,1.0,10
100,0.26,11,1,1.0,1.0,6
100,0.26,12,2,1.9928258270227182,0.53,6
100,0.26,13,1,1.0,1.0,10
100,0.26,14,1,1.0,1.0,7
100,0.26,15,2,1.923076923076923,0.6,5
100,0.26,16,2,1.9615535504119266,0.57,6
100,0.26,17,1,1.0,1.0,7
100,0.26,18,1,1.0,1.0,7
100,0.26,19,1,1.0,1.0,6
100,0.26,20,1,1.0,1.0,6
100,0.26,21,2,1.9928258270227182,0.53,5
100,0.26,22,1,1.0,1.0,6
100,0.26,23,1,1.0,1.0,25
100,0.26,24,2,1.9372336303758233,0.59,6
100,0.26,25,1,1.0,1.0,9
100,0.26,26,2,1.9372336303758233,0.59,5
100,0.26,27,1,1.0,1.0,23
100,0.26,28,2,1.9615535504119266,0.57,6
100,0.26,29,1,1.0,1.0,9
100,0.26,30,1,1.0,1.0,8
100,0.26,31,1,1.0,1.0,8
100,0.26,32,1,1.0,1.0,7
100,0.26,33,1,1.0,1.0,6
100,0.26,34,2,1.8910741301059,0.62,5
100,0.26,35,1,1.0,1.0,12
100,0.26,36,2,1.7927572606669055,0.67,7
100,0.26,37,1,1.0,1.0,6
100,0.26,38,1,1.0,1.0,6
100,0.26,39,1,1.0,1.0,6
100,0.27,0,1,1.0,1.0,6
100,0.27,1,1,1.0,1.0,6
100,0.27,2,1,1.0,1.0,6
100,0.27,3,1,1.0,1.0,8
100,0.27,4,2,1.9992003198720512,0.51,5
100,0.27,5,1,1.0,1.0,6
100,0.27,6,1,1.0,1.0,7
100,0.27,7,1,1.0,1.0,7
100,0.27,8,1,1.0,1.0,17
100,0.27,9,1,1.0,1.0,6
100,0.27,10,1,1.0,1.0,8
100,0.27,11,1,1.0,1.0,6
100,0.27,12,2,1.9928258270227182,0.53,6
100,0.27,13,1,1.0,1.0,9
100,0.27,14,1,1.0,1.0,6
100,0.27,15,2,1.923076923076923,0.6,6
100,0.27,16,1,1.0,1.0,27
100,0.27,17,1,1.0,1.0,6
100,0.27,18,1,1.0,1.0,6
100,0.27,19,1,1.0,1.0,5
100,0.27,20,1,1.0,1.0,6
100,0.27,21,2,1.9928258270227182,0.53,5
100,0.27,22,1,1.0,1.0,6
100,0.27,23,1,1.0,1.0,8
100,0.27,24,1,1.0,1.0,28
100,0.27,25,1,1.0,1.0,7
100,0.27,26,2,1.950078003120125,0.58,5
100,0.27,27,1,1.0,1.0,18
100,0.27,28,1,1.0,1.0,23
100,0.27,29,1,1.0,1.0,8
100,0.27,30,1,1.0,1.0,7
100,0.27,31,1,1.0,1.0,7
100,0.27,32,1,1.0,1.0,6
100,0.27,33,1,1.0,1.0,6
100,0.27,34,2,1.8910741301059,0.62,5
100,0.27,35,1,1.0,1.0,8
100,0.27,36,1,1.0,1.0,9
100,0.27,37,1,1.0,1.0,6
100,0.27,38,1,1.0,1.0,5
100,0.27,39,1,1.0,1.0,6
100,0.28,0,1,1.0,1.0,5
100,0.28,1,1,1.0,1.0,6
100,0.28,2,1,1.0,1.0,6
100,0.28,3,1,1.0,1.0,7
100,0.28,4,2,1.9992003198720512,0.51,5
100,0.28,5,1,1.0,1.0,6
100,0.28,6,1,1.0,1.0,6
100,0.28,7,1,1.0,1.0,7
100,0.28,8,1,1.0,1.0,15
100,0.28,9,1,1.0,1.0,5
100,0.28,10,1,1.0,1.0,7
100,0.28,11,1,1.0,1.0,5
100,0.28,12,1,1.0,1.0,19
100,0.28,13,1,1.0,1.0,7
100,0.28,14,1,1.0,1.0,6
100,0.28,15,2,1.923076923076923,0.6,7
100,0.28,16,1,1.0,1.0,24
100,0.28,17,1,1.0,1.0,6
100,0.28,18,1,1.0,1.0,6
100,0.28,19,1,1.0,1.0,5
100,0.28,20,1,1.0,1.0,6
100,0.28,21,1,1.0,1.0,31
100,0.28,22,1,1.0,1.0,6
100,0.28,23,1,1.0,1.0,7
100,0.28,24,1,1.0,1.0,25
100,0.28,25,1,1.0,1.0,6
100,0.28,26,2,1.950078003120125,0.58,5
100,0.28,27,1,1.0,1.0,7
100,0.28,28,1,1.0,1.0,8
100,0.28,29,1,1.0,1.0,7
100,0.28,30,1,1.0,1.0,6
100,0.28,31,1,1.0,1.0,6
100,0.28,32,1,1.0,1.0,6
100,0.28,33,1,1.0,1.0,5
100,0.28,34,1,1.0,1.0,15
100,0.28,35,1,1.0,1.0,7
100,0.28,36,1,1.0,1.0,8
100,0.28,37,1,1.0,1.0,5
100,0.28,38,1,1.0,1.0,5
100,0.28,39,1,1.0,1.0,6
100,0.29,0,1,1.0,1.0,5
100,0.29,1,1,1.0,1.0,5
100,0.29,2,1,1.0,1.0,6
100,0.29,3,1,1.0,1.0,6
100,0.29,4,2,1.9992003198720512,0.51,5
100,0.29,5,1,1.0,1.0,5
100,0.29,6,1,1.0,1.0,6
100,0.29,7,1,1.0,1.0,6
100,0.29,8,1,1.0,1.0,10
100,0.29,9,1,1.0,1.0,5
100,0.29,10,1,1.0,1.0,6
100,0.29,11,1,1.0,1.0,5
100,0.29,12,1,1.0,1.0,7
100,0.29,13,1,1.0,1.0,6
100,0.29,14,1,1.0,1.0,6
100,0.29,15,1,1.0,1.0,7
100,0.29,16,2,1.9372336303758233,0.59,6
100,0.29,17,1,1.0,1.0,5
100,0.29,18,1,1.0,1.0,5
100,0.29,19,1,1.0,1.0,5
100,0.29,20,1,1.0,1.0,5
100,0.29,21,1,1.0,1.0,29
100,0.29,22,1,1.0,1.0,5
100,0.29,23,1,1.0,1.0,6
100,0.29,24,1,1.0,1.0,11
100,0.29,25,1,1.0,1.0,6
100,0.29,26,1,1.0,1.0,28
100,0.29,27,1,1.0,1.0,6
100,0.29,28,1,1.0,1.0,7
100,0.29,29,1,1.0,1.0,6
100,0.29,30,1,1.0,1.0,6
100,0.29,31,1,1.0,1.0,6
100,0.29,32,1,1.0,1.0,6
100,0.29,33,1,1.0,1.0,5
100,0.29,34,1,1.0,1.0,10
100,0.29,35,1,1.0,1.0,6
100,0.29,36,1,1.0,1.0,7
100,0.29,37,1,1.0,1.0,5
100,0.29,38,1,1.0,1.0,5
100,0.29,39,1,1.0,1.0,5
100,0.3,0,1,1.0,1.0,5
100,0.3,1,1,1.0,1.0,5
100,0.3,2,1,1.0,1.0,5
100,0.3,3,1,1.0,1.0,6
100,0.3,4,1,1.0,1.0,11
100,0.3,5,1,1.0,1.0,5
100,0.3,6,1,1.0,1.0,5
100,0.3,7,1,1.0,1.0,6
100,0.3,8,1,1.0,1.0,9
100,0.3,9,1,1.0,1.0,5
100,0.3,10,1,1.0,1.0,6
100,0.3,11,1,1.0,1.0,5
100,0.3,12,1,1.0,1.0,6
100,0.3,13,1,1.0,1.0,6
100,0.3,14,1,1.0,1.0,5
100,0.3,15,1,1.0,1.0,6
100,0.3,16,1,1.0,1.0,9
100,0.3,17,1,1.0,1.0,5
100,0.3,18,1,1.0,1.0,5
100,0.3,19,1,1.0,1.0,5
100,0.3,20,1,1.0,1.0,5
100,0.3,21,1,1.0,1.0,15
100,0.3,22,1,1.0,1.0,5
100,0.3,23,1,1.0,1.0,6
100,0.3,24,1,1.0,1.0,7
100,0.3,25,1,1.0,1.0,5
100,0.3,26,1,1.0,1.0,25
100,0.3,27,1,1.0,1.0,6
100,0.3,28,1,1.0,1.0,6
100,0.3,29,1,1.0,1.0,6
100,0.3,30,1,1.0,1.0,5
100,0.3,31,1,1.0,1.0,6
100,0.3,32,1,1.0,1.0,5
100,0.3,33,1,1.0,1.0,5
100,0.3,34,1,1.0,1.0,7
100,0.3,35,1,1.0,1.0,6
100,0.3,36,1,1.0,1.0,6
100,0.3,37,1,1.0,1.0,5
100,0.3,38,1,1.0,1.0,5
100,0.3,39,1,1.0,1.0,5
100,0.31,0,1,1.0,1.0,5
100,0.31,1,1,1.0,1.0,5
100,0.31,2,1,1.0,1.0,5
100,0.31,3,1,1.0,1.0,5
100,0.31,4,1,1.0,1.0,10
100,0.31,5,1,1.0,1.0,5
100,0.31,6,1,1.0,1.0,5
100,0.31,7,1,1.0,1.0,5
100,0.31,8,1,1.0,1.0,7
100,0.31,9,1,1.0,1.0,5
100,0.31,10,1,1.0,1.0,5
100,0.31,11,1,1.0,1.0,5
100,0.31,12,1,1.0,1.0,6
100,0.31,13,1,1.0,1.0,5
100,0.31,14,1,1.0,1.0,5
100,0.31,15,1,1.0,1.0,6
100,0.31,16,1,1.0,1.0,7
100,0.31,17,1,1.0,1.0,5
100,0.31,18,1,1.0,1.0,5
100,0.31,19,1,1.0,1.0,5
100,0.31,20,1,1.0,1.0,5
100,0.31,21,1,1.0,1.0,13
100,0.31,22,1,1.0,1.0,5
100,0.31,23,1,1.0,1.0,5
100,0.31,24,1,1.0,1.0,6
100,0.31,25,1,1.0,1.0,5
100,0.31,26,1,1.0,1.0,23
100,0.31,27,1,1.0,1.0,5
100,0.31,28,1,1.0,1.0,6
100,0.31,29,1,1.0,1.0,5
100,0.31,30,1,1.0,1.0,5
100,0.31,31,1,1.0,1.0,5
100,0.31,32,1,1.0,1.0,5
100,0.31,33,1,1.0,1.0,5
100,0.31,34,1,1.0,1.0,6
100,0.31,35,1,1.0,1.0,6
100,0.31,36,1,1.0,1.0,6
100,0.31,37,1,1.0,1.0,5
100,0.31,38,1,1.0,1.0,5
100,0.31,39,1,1.0,1.0,5
100,0.32,0,1,1.0,1.0,5
100,0.32,1,1,1.0,1.0,5
100,0.32,2,1,1.0,1.0,5
100,0.32,3,1,1.0,1.0,5
100,0.32,4,1,1.0,1.0,6
100,0.32,5,1,1.0,1.0,5
100,0.32,6,1,1.0,1.0,5
100,0.32,7,1,1.0,1.0,5
100,0.32,8,1,1.0,1.0,6
100,0.32,9,1,1.0,1.0,5
100,0.32,10,1,1.0,1.0,5
100,0.32,11,1,1.0,1.0,5
100,0.32,12,1,1.0,1.0,5
100,0.32,13,1,1.0,1.0,5
100,0.32,14,1,1.0,1.0,5
100,0.32,15,1,1.0,1.0,5
100,0.32,16,1,1.0,1.0,6
100,0.32,17,1,1.0,1.0,5
100,0.32,18,1,1.0,1.0,5
100,0.32,19,1,1.0,1.0,5
100,0.32,20,1,1.0,1.0,5
100,0.32,21,1,1.0,1.0,8
100,0.32,22,1,1.0,1.0,5
100,0.32,23,1,1.0,1.0,5
100,0.32,24,1,1.0,1.0,6
100,0.32,25,1,1.0,1.0,5
100,0.32,26,1,1.0,1.0,10
100,0.32,27,1,1.0,1.0,5
100,0.32,28,1,1.0,1.0,5
100,0.32,29,1,1.0,1.0,5
100,0.32,30,1,1.0,1.0,5
100,0.32,31,1,1.0,1.0,5
100,0.32,32,1,1.0,1.0,5
100,0.32,33,1,1.0,1.0,5
100,0.32,34,1,1.0,1.0,6
100,0.32,35,1,1.0,1.0,5
100,0.32,36,1,1.0,1.0,5
100,0.32,37,1,1.0,1.0,5
100,0.32,38,1,1.0,1.0,5
100,0.32,39,1,1.0,1.0,5
100,0.33,0,1,1.0,1.0,5
100,0.33,1,1,1.0,1.0,5
100,0.33,2,1,1.0,1.0,5
100,0.33,3,1,1.0,1.0,5
100,0.33,4,1,1.0,1.0,5
100,0.33,5,1,1.0,1.0,5
100,0.33,6,1,1.0,1.0,5
100,0.33,7,1,1.0,1.0,5
100,0.33,8,1,1.0,1.0,6
100,0.33,9,1,1.0,1.0,5
100,0.33,10,1,1.0,1.0,5
100,0.33,11,1,1.0,1.0,5
100,0.33,12,1,1.0,1.0,5
100,0.33,13,1,1.0,1.0,5
100,0.33,14,1,1.0,1.0,5
100,0.33,15,1,1.0,1.0,5
100,0.33,16,1,1.0,1.0,6
100,0.33,17,1,1.0,1.0,5
100,0.33,18,1,1.0,1.0,5
100,0.33,19,1,1.0,1.0,4
100,0.33,20,1,1.0,1.0,5
100,0.33,21,1,1.0,1.0,6
100,0.33,22,1,1.0,1.0,5
100,0.33,23,1,1.0,1.0,5
100,0.33,24,1,1.0,1.0,5
100,0.33,25,1,1.0,1.0,5
100,0.33,26,1,1.0,1.0,8
100,0.33,27,1,1.0,1.0,5
100,0.33,28,1,1.0,1.0,5
100,0.33,29,1,1.0,1.0,5
100,0.33,30,1,1.0,1.0,5
100,0.33,31,1,1.0,1.0,5
100,0.33,32,1,1.0,1.0,5
100,0.33,33,1,1.0,1.0,5
100,0.33,34,1,1.0,1.0,5
100,0.33,35,1,1.0,1.0,5
100,0.33,36,1,1.0,1.0,5
100,0.33,37,1,1.0,1.0,5
100,0.33,38,1,1.0,1.0,4
100,0.33,39,1,1.0,1.0,5
100,0.34,0,1,1.0,1.0,4
100,0.34,1,1,1.0,1.0,5
100,0.34,2,1,1.0,1.0,5
100,0.34,3,1,1.0,1.0,5
100,0.34,4,1,1.0,1.0,5
100,0.34,5,1,1.0,1.0,5
100,0.34,6,1,1.0,1.0,5
100,0.34,7,1,1.0,1.0,5
100,0.34,8,1,1.0,1.0,5
100,0.34,9,1,1.0,1.0,5
100,0.34,10,1,1.0,1.0,5
100,0.34,11,1,1.0,1.0,5
100,0.34,12,1,1.0,1.0,5
100,0.34,13,1,1.0,1.0,5
100,0.34,14,1,1.0,1.0,5
100,0.34,15,1,1.0,1.0,5
100,0.34,16,1,1.0,1.0,5
100,0.34,17,1,1.0,1.0,4
100,0.34,18,1,1.0,1.0,5
100,0.34,19,1,1.0,1.0,4
100,0.34,20,1,1.0,1.0,5
100,0.34,21,1,1.0,1.0,6
100,0.34,22,1,1.0,1.0,5
100,0.34,23,1,1.0,1.0,5
100,0.34,24,1,1.0,1.0,5
100,0.34,25,1,1.0,1.0,4
100,0.34,26,1,1.0,1.0,6
100,0.34,27,1,1.0,1.0,5
100,0.34,28,1,1.0,1.0,5
100,0.34,29,1,1.0,1.0,5
100,0.34,30,1,1.0,1.0,5
100,0.34,31,1,1.0,1.0,5
100,0.34,32,1,1.0,1.0,5
100,0.34,33,1,1.0,1.0,4
100,0.34,34,1,1.0,1.0,5
100,0.34,35,1,1.0,1.0,5
100,0.34,36,1,1.0,1.0,5
100,0.34,37,1,1.0,1.0,4
100,0.34,38,1,1.0,1.0,4
100,0.34,39,1,1.0,1.0,5
100,0.35,0,1,1.0,1.0,4
100,0.35,1,1,1.0,1.0,4
100,0.35,2,1,1.0,1.0,4
100,0.35,3,1,1.0,1.0,5
100,0.35,4,1,1.0,1.0,5
100,0.35,5,1,1.0,1.0,4
100,0.35,6,1,1.0,1.0,4
100,0.35,7,1,1.0,1.0,5
100,0.35,8,1,1.0,1.0,5
100,0.35,9,1,1.0,1.0,4
100,0.35,10,1,1.0,1.0,5
100,0.35,11,1,1.0,1.0,4
100,0.35,12,1,1.0,1.0,5
100,0.35,13,1,1.0,1.0,5
100,0.35,14,1,1.0,1.0,4
100,0.35,15,1,1.0,1.0,5
100,0.35,16,1,1.0,1.0,5
100,0.35,17,1,1.0,1.0,4
100,0.35,18,1,1.0,1.0,4
100,0.35,19,1,1.0,1.0,4
100,0.35,20,1,1.0,1.0,4
100,0.35,21,1,1.0,1.0,5
100,0.35,22,1,1.0,1.0,4
100,0.35,23,1,1.0,1.0,5
100,0.35,24,1,1.0,1.0,5
100,0.35,25,1,1.0,1.0,4
100,0.35,26,1,1.0,1.0,6
100,0.35,27,1,1.0,1.0,5
100,0.35,28,1,1.0,1.0,5
100,0.35,29,1,1.0,1.0,5
100,0.35,30,1,1.0,1.0,5
100,0.35,31,1,1.0,1.0,5
100,0.35,32,1,1.0,1.0,5
100,0.35,33,1,1.0,1.0,4
100,0.35,34,1,1.0,1.0,5
100,0.35,35,1,1.0,1.0,5
100,0.35,36,1,1.0,1.0,5
100,0.35,37,1,1.0,1.0,4
100,0.35,38,1,1.0,1.0,4
100,0.35,39,1,1.0,1.0,5
200,0.12,0,3,2.9864118261908317,0.365,8
200,0.12,1,5,3.876720294630742,0.335,6
200,0.12,2,4,2.588996763754045,0.535,9
200,0.12,3,3,2.8764562059542644,0.405,7
200,0.12,4,3,1.945336056803813,0.595,8
200,0.12,5,3,2.810567734682406,0.43,10
200,0.12,6,3,2.99805126667666,0.345,6
200,0.12,7,4,3.7418147801683816,0.34,7
200,0.12,8,4,2.992667963489451,0.385,7
200,0.12,9,3,2.587991718426501,0.52,7
200,0.12,10,3,2.9226947245360226,0.41,7
200,0.12,11,4,3.8468936333910366,0.325,8
200,0.12,12,3,2.8054425585636134,0.425,9
200,0.12,13,3,2.96340198547933,0.375,8
200,0.12,14,3,2.8260562385191466,0.415,7
200,0.12,15,3,2.7639579878385847,0.47,7
200,0.12,16,3,2.6004420751527757,0.445,11
200,0.12,17,3,2.8665615594094884,0.405,8
200,0.12,18,3,2.861639719559307,0.435,8
200,0.12,19,3,2.8296547821165823,0.41,6
200,0.12,20,4,3.848374061958822,0.29,7
200,0.12,21,5,3.1705770450221937,0.425,7
200,0.12,22,3,2.6691578806886427,0.495,18
200,0.12,23,2,1.9950124688279303,0.525,12
200,0.12,24,3,2.734855736359907,0.48,7
200,0.12,25,3,2.072324111491037,0.545,8
200,0.12,26,3,2.768166089965398,0.425,7
200,0.12,27,2,1.8545994065281899,0.64,8
200,0.12,28,3,2.7773920288848766,0.405,8
200,0.12,29,5,3.922337713277114,0.305,6
200,0.12,30,4,3.2493907392363934,0.38,8
200,0.12,31,3,2.5664057487488767,0.52,12
200,0.12,32,4,3.942440370589395,0.295,6
200,0.12,33,3,2.9660388551090024,0.37,10
200,0.12,34,3,2.8542885685742827,0.435,6
200,0.12,35,3,2.931261908251502,0.405,7
200,0.12,36,4,3.005259203606311,0.36,8
200,0.12,37,4,3.6094567767550982,0.34,9
200,0.12,38,3,2.7170221437304716,0.48,7
200,0.12,39,3,2.7843519420854794,0.455,8
200,0.13,0,3,2.9779630732578917,0.37,7
200,0.13,1,4,2.73860057510612,0.465,8
200,0.13,2,3,2.395496466642712,0.565,8
200,0.13,3,4,2.9433406916850626,0.395,8
200,0.13,4,2,1.9372336303758233,0.59,7
200,0.13,5,3,2.834467120181406,0.4,7
200,0.13,6,3,2.99805126667666,0.345,7
200,0.13,7,4,3.716781267422412,0.35,6
200,0.13,8,3,2.907399331298154,0.41,7
200,0.13,9,3,2.587991718426501,0.52,6
200,0.13,10,3,2.901494269548818,0.42,7
200,0.13,11,3,2.871912693854107,0.41,9
200,0.13,12,2,1.9559902200488999,0.575,12
200,0.13,13,3,2.960331557134399,0.37,7
200,0.13,14,3,2.790567880563695,0.41,7
200,0.13,15,3,2.8665615594094884,0.435,7
200,0.13,16,3,2.6004420751527757,0.445,7
200,0.13,17,3,2.826855123674912,0.425,9
200,0.13,18,2,1.9667617268167963,0.565,9
200,0.13,19,3,2.8296547821165823,0.41,6
200,0.13,20,3,2.9124799767001606,0.415,9
200,0.13,21,4,3.067014261616317,0.43,7
200,0.13,22,2,2.0,0.5,11
200,0.13,23,2,1.990247785849338,0.535,9
200,0.13,24,2,1.9982016185433111,0.515,8
200,0.13,25,3,2.050020500205002,0.55,8
200,0.13,26,2,1.8823529411764706,0.625,12
200,0.13,27,3,1.9310611180843873,0.62,8
200,0.13,28,3,2.6556898154295574,0.455,8
200,0.13,29,3,1.9978024173409248,0.55,11
200,0.13,30,3,2.8764562059542644,0.405,8
200,0.13,31,3,2.4909702329057164,0.54,13
200,0.13,32,4,3.942440370589395,0.295,7
200,0.13,33,3,2.9708853238265003,0.37,10
200,0.13,34,4,2.907822041291073,0.425,6
200,0.13,35,4,2.957267484844004,0.405,7
200,0.13,36,4,3.015226895823911,0.355,6
200,0.13,37,3,2.65357569324665,0.48,9
200,0.13,38,3,2.6784518548279093,0.49,7
200,0.13,39,3,2.794857462269424,0.45,7
200,0.14,0,3,2.963841138114997,0.38,8
200,0.14,1,3,2.7609055770292654,0.45,7
200,0.14,2,2,1.9667617268167963,0.565,25
200,0.14,3,4,2.891426919184618,0.395,7
200,0.14,4,3,1.9594396002743222,0.585,7
200,0.14,5,3,2.8620492272467084,0.39,7
200,0.14,6,3,2.9881966233378154,0.355,7
200,0.14,7,3,2.1563342318059298,0.625,9
200,0.14,8,3,2.907399331298154,0.41,7
200,0.14,9,3,2.587991718426501,0.52,6
200,0.14,10,4,2.9559562518474722,0.405,7
200,0.14,11,3,2.83245999150262,0.445,8
200,0.14,12,2,1.9559902200488999,0.575,8
200,0.14,13,3,2.962085308056872,0.36,6
200,0.14,14,3,2.8805991646262425,0.41,8
200,0.14,15,3,2.900232018561485,0.42,7
200,0.14,16,3,2.6004420751527757,0.445,7
200,0.14,17,3,2.891426919184618,0.42,8
200,0.14,18,2,1.9155253328225266,0.605,10
200,0.14,19,3,2.841312686461145,0.41,6
200,0.14,20,3,2.977519726068185,0.365,9
200,0.14,21,3,2.0701790704895973,0.525,10
200,0.14,22,2,2.0,0.5,8
200,0.14,23,2,1.9982016185433111,0.515,8
200,0.14,24,2,1.9982016185433111,0.515,8
200,0.14,25,3,2.059308072487644,0.54,8
200,0.14,26,2,1.8823529411764706,0.625,8
200,0.14,27,3,1.8891092849721356,0.635,7
200,0.14,28,3,2.6353933324548686,0.46,7
200,0.14,29,2,1.9801980198019797,0.55,7
200,0.14,30,4,3.10896937665164,0.365,7
200,0.14,31,3,2.589331952356292,0.51,9
200,0.14,32,3,2.6079019428869477,0.515,8
200,0.14,33,3,2.9704440813901676,0.38,8
200,0.14,34,2,1.943823500826125,0.585,36
200,0.14,35,3,2.9407440082340828,0.4,6
200,0.14,36,3,1.8360414945377763,0.655,40
200,0.14,37,3,2.681324574339724,0.465,10
200,0.14,38,3,2.6784518548279093,0.49,7
200,0.14,39,3,2.8956131460836834,0.39,9
200,0.15,0,3,2.9256875365710937,0.4,6
200,0.15,1,3,2.813335208890139,0.435,7
200,0.15,2,2,1.9667617268167963,0.565,7
200,0.15,3,2,1.923076923076923,0.6,8
200,0.15,4,2,1.943823500826125,0.585,7
200,0.15,5,3,2.8739761459979882,0.39,6
200,0.15,6,2,1.8142235123367199,0.66,21
200,0.15,7,2,1.8641066268990587,0.635,8
200,0.15,8,3,2.9886431560071727,0.36,7
200,0.15,9,3,2.587991718426501,0.52,6
200,0.15,10,2,1.9303156066016793,0.595,33
200,0.15,11,3,2.8437366699843594,0.44,7
200,0.15,12,2,1.9559902200488999,0.575,7
200,0.15,13,3,2.9744199881023206,0.36,6
200,0.15,14,3,2.9019152640742893,0.41,8
200,0.15,15,3,2.9099374363451185,0.415,6
200,0.15,16,3,2.4280684715308967,0.46,8
200,0.15,17,3,2.6001040041601664,0.49,9
200,0.15,18,2,1.9155253328225266,0.605,9
200,0.15,19,3,2.8830906732016723,0.395,7
200,0.15,20,2,1.7241379310344829,0.7,10
200,0.15,21,3,2.032726903140563,0.525,8
200,0.15,22,2,1.9998000199980002,0.505,7
200,0.15,23,2,1.9992003198720512,0.51,8
200,0.15,24,2,1.9998000199980002,0.505,7
200,0.15,25,3,2.010656479340504,0.555,7
200,0.15,26,3,2.0026033843997197,0.61,8
200,0.15,27,3,1.9667617268167963,0.615,7
200,0.15,28,3,2.5936973155232788,0.47,7
200,0.15,29,2,1.9801980198019797,0.55,6
200,0.15,30,2,1.8823529411764706,0.625,17
200,0.15,31,3,2.5455008272877686,0.505,8
200,0.15,32,3,2.7964205816554806,0.46,7
200,0.15,33,3,2.981959147159684,0.37,7
200,0.15,34,2,1.9372336303758233,0.59,12
200,0.15,35,3,2.9407440082340828,0.4,6
200,0.15,36,2,1.8142235123367199,0.66,11
200,0.15,37,3,2.871912693854107,0.41,7
200,0.15,38,3,2.729630135116692,0.47,7
200,0.15,39,3,2.889755815633579,0.4,6
200,0.16,0,3,2.9256875365710937,0.4,6
200,0.16,1,3,2.821670428893906,0.42,8
200,0.16,2,2,1.9667617268167963,0.565,7
200,0.16,3,3,1.9377967251235344,0.6,7
200,0.16,4,2,1.943823500826125,0.585,7
200,0.16,5,2,1.8823529411764706,0.625,22
200,0.16,6,2,1.7927572606669055,0.67,9
200,0.16,7,2,1.7001020061203673,0.71,9
200,0.16,8,3,2.9976019184652274,0.34,6
200,0.16,9,3,2.627430373095113,0.51,6
200,0.16,10,2,1.9303156066016793,0.595,8
200,0.16,11,2,1.6254876462938883,0.74,39
200,0.16,12,2,1.9559902200488999,0.575,7
200,0.16,13,3,2.9744199881023206,0.36,6
200,0.16,14,2,1.8641066268990587,0.635,13
200,0.16,15,3,2.900232018561485,0.42,6
200,0.16,16,2,1.9667617268167963,0.565,8
200,0.16,17,2,1.8035891423933625,0.665,10
200,0.16,18,2,1.9372336303758233,0.59,8
200,0.16,19,2,1.923076923076923,0.6,14
200,0.16,20,2,1.8142235123367199,0.66,9
200,0.16,21,2,1.9950124688279303,0.525,7
200,0.16,22,2,1.9998000199980002,0.505,7
200,0.16,23,2,1.9992003198720512,0.51,9
200,0.16,24,2,1.9998000199980002,0.505,7
200,0.16,25,2,1.9615535504119266,0.57,6
200,0.16,26,3,2.095777009326208,0.59,8
200,0.16,27,3,1.9214141608223654,0.625,8
200,0.16,28,3,2.6147208785462155,0.475,7
200,0.16,29,2,1.9716088328075707,0.56,6
200,0.16,30,2,1.9076688286913392,0.61,7
200,0.16,31,2,1.9992003198720512,0.51,8
200,0.16,32,3,2.8356727633631076,0.445,8
200,0.16,33,3,2.989983555090447,0.36,8
200,0.16,34,2,1.9372336303758233,0.59,8
200,0.16,35,3,2.957267484844004,0.39,6
200,0.16,36,2,1.8142235123367199,0.66,7
200,0.16,37,2,1.8641066268990587,0.635,19
200,0.16,38,2,1.7817371937639197,0.675,9
200,0.16,39,3,2.928686484111876,0.375,7
200,0.17,0,3,2.91417747340813,0.405,6
200,0.17,1,2,1.950078003120125,0.58,10
200,0.17,2,2,1.9872813990461045,0.54,7
200,0.17,3,2,1.923076923076923,0.6,7
200,0.17,4,2,1.950078003120125,0.58,6
200,0.17,5,2,1.8641066268990587,0.635,11
200,0.17,6,2,1.8246510354894625,0.655,7
200,0.17,7,2,1.712182176183546,0.705,8
200,0.17,8,3,2.9976019184652274,0.34,7
200,0.17,9,3,2.66347050206419,0.5,6
200,0.17,10,2,1.9303156066016793,0.595,7
200,0.17,11,2,1.6507098052162432,0.73,14
200,0.17,12,3,1.988269211651258,0.575,8
200,0.17,13,3,2.9744199881023206,0.36,8
200,0.17,14,3,2.5416190113102046,0.475,8
200,0.17,15,2,1.712182176183546,0.705,28
200,0.17,16,2,1.9928258270227182,0.53,8
200,0.17,17,2,1.8545994065281899,0.64,9
200,0.17,18,2,1.9667617268167963,0.565,8
200,0.17,19,2,1.923076923076923,0.6,9
200,0.17,20,2,1.8348623853211008,0.65,7
200,0.17,21,3,2.032726903140563,0.525,6
200,0.17,22,2,1.9998000199980002,0.505,7
200,0.17,23,2,1.9998000199980002,0.505,9
200,0.17,24,2,1.9998000199980002,0.505,8
200,0.17,25,2,1.9615535504119266,0.57,6
200,0.17,26,3,2.0723241114910373,0.595,8
200,0.17,27,3,1.9214141608223654,0.625,8
200,0.17,28,2,1.9992003198720512,0.51,8
200,0.17,29,2,1.9801980198019797,0.55,6
200,0.17,30,2,1.9155253328225266,0.605,6
200,0.17,31,2,1.9992003198720512,0.51,8
200,0.17,32,3,2.850220892119139,0.44,7
200,0.17,33,2,1.7817371937639197,0.675,10
200,0.17,34,2,1.9372336303758233,0.59,7
200,0.17,35,3,2.9642804209278197,0.385,6
200,0.17,36,2,1.8142235123367199,0.66,7
200,0.17,37,2,1.8910741301059,0.62,9
200,0.17,38,2,1.8142235123367199,0.66,7
200,0.17,39,2,1.8823529411764706,0.625,10
200,0.18,0,2,1.7927572606669055,0.67,9
200,0.18,1,2,1.6254876462938883,0.74,9
200,0.18,2,2,1.990247785849338,0.535,7
200,0.18,3,2,1.923076923076923,0.6,6
200,0.18,4,3,1.994415636218588,0.57,7
200,0.18,5,2,1.8733608092918694,0.63,8
200,0.18,6,2,1.8246510354894625,0.655,7
200,0.18,7,2,1.7001020061203673,0.71,8
200,0.18,8,2,1.8348623853211008,0.65,17
200,0.18,9,3,2.683483161143164,0.495,7
200,0.18,10,2,1.9303156066016793,0.595,6
200,0.18,11,2,1.735960420102422,0.695,10
200,0.18,12,2,1.8995156235160036,0.615,7
200,0.18,13,2,1.8545994065281899,0.64,8
200,0.18,14,2,1.923076923076923,0.6,11
200,0.18,15,2,1.712182176183546,0.705,8
200,0.18,16,2,1.9928258270227182,0.53,8
200,0.18,17,2,1.9155253328225266,0.605,8
200,0.18,18,2,1.9667617268167963,0.565,7
200,0.18,19,2,1.8995156235160036,0.615,7
200,0.18,20,2,1.8142235123367199,0.66,8
200,0.18,21,3,2.0114653525093025,0.53,7
200,0.18,22,2,1.9998000199980002,0.505,8
200,0.18,23,2,1.9982016185433111,0.515,8
200,0.18,24,2,1.9992003198720512,0.51,6
200,0.18,25,2,1.9615535504119266,0.57,6
200,0.18,26,2,1.8448482612305137,0.645,8
200,0.18,27,2,1.8545994065281899,0.64,7
200,0.18,28,3,2.332905633967106,0.495,8
200,0.18,29,2,1.9801980198019797,0.55,5
200,0.18,30,2,1.9155253328225266,0.605,6
200,0.18,31,3,2.1661431820643346,0.52,8
200,0.18,32,2,1.712182176183546,0.705,14
200,0.18,33,2,1.8733608092918694,0.63,9
200,0.18,34,2,1.9372336303758233,0.59,6
200,0.18,35,3,2.9757476565987204,0.375,6
200,0.18,36,2,1.8142235123367199,0.66,6
200,0.18,37,2,1.923076923076923,0.6,8
200,0.18,38,2,1.8246510354894625,0.655,7
200,0.18,39,2,1.8641066268990587,0.635,9
200,0.19,0,1,1.0,1.0,10
200,0.19,1,2,1.6507098052162432,0.73,8
200,0.19,2,2,1.9872813990461045,0.54,7
200,0.19,3,2,1.923076923076923,0.6,7
200,0.19,4,3,1.9721920915097135,0.575,7
200,0.19,5,2,1.8142235123367199,0.66,7
200,0.19,6,2,1.8733608092918694,0.63,7
200,0.19,7,2,1.7591696719148557,0.685,7
200,0.19,8,2,1.8348623853211008,0.65,7
200,0.19,9,2,1.6254876462938883,0.74,10
200,0.19,10,2,1.9303156066016793,0.595,6
200,0.19,11,2,1.7591696719148557,0.685,8
200,0.19,12,2,1.8910741301059,0.62,6
200,0.19,13,2,1.8823529411764706,0.625,7
200,0.19,14,2,1.976089319237229,0.555,9
200,0.19,15,2,1.712182176183546,0.705,6
200,0.19,16,3,2.0578248791027884,0.51,7
200,0.19,17,2,1.923076923076923,0.6,7
200,0.19,18,2,1.9667617268167963,0.565,7
200,0.19,19,2,1.923076923076923,0.6,7
200,0.19,20,2,1.8733608092918694,0.63,8
200,0.19,21,2,1.990247785849338,0.535,6
200,0.19,22,2,1.9998000199980002,0.505,6
200,0.19,23,2,1.9982016185433111,0.515,7
200,0.19,24,2,1.9982016185433111,0.515,6
200,0.19,25,2,1.9615535504119266,0.57,7
200,0.19,26,2,1.8823529411764706,0.625,7
200,0.19,27,2,1.8545994065281899,0.64,7
200,0.19,28,3,2.134699541039599,0.535,8
200,0.19,29,2,1.9801980198019797,0.55,5
200,0.19,30,2,1.9155253328225266,0.605,6
200,0.19,31,2,1.9667617268167963,0.565,7
200,0.19,32,1,1.0,1.0,14
200,0.19,33,2,1.8733608092918694,0.63,9
200,0.19,34,2,1.9372336303758233,0.59,6
200,0.19,35,2,1.7591696719148557,0.685,42
200,0.19,36,2,1.8142235123367199,0.66,6
200,0.19,37,2,1.9372336303758233,0.59,8
200,0.19,38,2,1.8348623853211008,0.65,6
200,0.19,39,2,1.8641066268990587,0.635,7
200,0.2,0,1,1.0,1.0,10
200,0.2,1,1,1.0,1.0,10
200,0.2,2,2,1.9667617268167963,0.565,6
200,0.2,3,2,1.943823500826125,0.585,7
200,0.2,4,2,1.9667617268167963,0.565,6
200,0.2,5,2,1.8823529411764706,0.625,7
200,0.2,6,2,1.9372336303758233,0.59,7
200,0.2,7,2,1.7591696719148557,0.685,7
200,0.2,8,2,1.8448482612305137,0.645,7
200,0.2,9,1,1.0,1.0,13
200,0.2,10,2,1.9615535504119266,0.57,6
200,0.2,11,2,1.7705382436260622,0.68,8
200,0.2,12,2,1.8995156235160036,0.615,7
200,0.2,13,2,1.9155253328225266,0.605,7
200,0.2,14,2,1.9716088328075707,0.56,7
200,0.2,15,2,1.712182176183546,0.705,6
200,0.2,16,2,1.996805111821086,0.52,7
200,0.2,17,2,1.9303156066016793,0.595,8
200,0.2,18,2,1.9667617268167963,0.565,7
200,0.2,19,2,1.9372336303758233,0.59,7
200,0.2,20,2,1.9076688286913392,0.61,8
200,0.2,21,2,1.9839301656581685,0.545,6
200,0.2,22,2,2.0,0.5,7
200,0.2,23,2,1.9992003198720512,0.51,7
200,0.2,24,2,1.9982016185433111,0.515,6
200,0.2,25,2,1.9839301656581685,0.545,7
200,0.2,26,2,1.8823529411764706,0.625,7
200,0.2,27,2,1.8733608092918694,0.63,7
200,0.2,28,2,1.9801980198019797,0.55,8
200,0.2,29,2,1.9801980198019797,0.55,6
200,0.2,30,2,1.923076923076923,0.6,6
200,0.2,31,2,1.9559902200488999,0.575,7
200,0.2,32,1,1.0,1.0,10
200,0.2,33,1,1.0,1.0,10
200,0.2,34,2,1.943823500826125,0.585,6
200,0.2,35,2,1.7705382436260622,0.68,23
200,0.2,36,2,1.8142235123367199,0.66,6
200,0.2,37,2,1.9615535504119266,0.57,7
200,0.2,38,2,1.8733608092918694,0.63,7
200,0.2,39,2,1.8823529411764706,0.625,7
200,0.21,0,1,1.0,1.0,8
200,0.21,1,1,1.0,1.0,8
200,0.21,2,2,1.9667617268167963,0.565,6
200,0.21,3,2,1.950078003120125,0.58,6
200,0.21,4,2,1.9667617268167963,0.565,6
200,0.21,5,1,1.0,1.0,18
200,0.21,6,1,1.0,1.0,57
200,0.21,7,2,1.7927572606669055,0.67,7
200,0.21,8,2,1.8995156235160036,0.615,6
200,0.21,9,1,1.0,1.0,9
200,0.21,10,2,1.976089319237229,0.555,7
200,0.21,11,2,1.8246510354894625,0.655,8
200,0.21,12,2,1.943823500826125,0.585,6
200,0.21,13,2,1.9155253328225266,0.605,7
200,0.21,14,2,1.9667617268167963,0.565,7
200,0.21,15,2,1.712182176183546,0.705,6
200,0.21,16,2,1.996805111821086,0.52,6
200,0.21,17,2,1.9303156066016793,0.595,7
200,0.21,18,2,1.9801980198019797,0.55,7
200,0.21,19,2,1.943823500826125,0.585,7
200,0.21,20,1,1.0,1.0,55
200,0.21,21,2,1.9839301656581685,0.545,6
200,0.21,22,2,2.0,0.5,7
200,0.21,23,2,1.9928258270227182,0.53,7
200,0.21,24,2,1.9982016185433111,0.515,6
200,0.21,25,2,1.9872813990461045,0.54,6
200,0.21,26,3,1.9269679159841988,0.615,7
200,0.21,27,2,1.8545994065281899,0.64,6
200,0.21,28,2,1.9716088328075707,0.56,7
200,0.21,29,2,1.9801980198019797,0.55,6
200,0.21,30,2,1.923076923076923,0.6,7
200,0.21,31,2,1.9559902200488999,0.575,7
200,0.21,32,1,1.0,1.0,25
200,0.21,33,2,1.9950124688279303,0.525,9
200,0.21,34,2,1.9615535504119266,0.57,6
200,0.21,35,2,1.7817371937639197,0.675,23
200,0.21,36,2,1.8142235123367199,0.66,6
200,0.21,37,2,1.9839301656581685,0.545,7
200,0.21,38,2,1.8823529411764706,0.625,7
200,0.21,39,2,1.8910741301059,0.62,7
200,0.22,0,1,1.0,1.0,8
200,0.22,1,1,1.0,1.0,8
200,0.22,2,2,1.9667617268167963,0.565,6
200,0.22,3,2,1.9615535504119266,0.57,6
200,0.22,4,2,1.9716088328075707,0.56,5
200,0.22,5,1,1.0,1.0,9
200,0.22,6,1,1.0,1.0,13
200,0.22,7,2,1.8035891423933625,0.665,6
200,0.22,8,2,1.9076688286913392,0.61,6
200,0.22,9,1,1.0,1.0,8
200,0.22,10,2,1.9928258270227182,0.53,6
200,0.22,11,1,1.0,1.0,13
200,0.22,12,2,1.943823500826125,0.585,6
200,0.22,13,2,1.9615535504119266,0.57,7
200,0.22,14,2,1.9559902200488999,0.575,7
200,0.22,15,2,1.7591696719148557,0.685,7
200,0.22,16,2,1.996805111821086,0.52,6
200,0.22,17,2,1.923076923076923,0.6,7
200,0.22,18,2,1.9928258270227182,0.53,6
200,0.22,19,1,1.0,1.0,17
200,0.22,20,1,1.0,1.0,27
200,0.22,21,2,1.990247785849338,0.535,6
200,0.22,22,2,1.9998000199980002,0.505,6
200,0.22,23,2,1.9928258270227182,0.53,7
200,0.22,24,2,1.9982016185433111,0.515,6
200,0.22,25,2,1.990247785849338,0.535,6
200,0.22,26,2,1.923076923076923,0.6,6
200,0.22,27,2,1.8823529411764706,0.625,6
200,0.22,28,2,1.9801980198019797,0.55,6
200,0.22,29,2,1.9716088328075707,0.56,6
200,0.22,30,1,1.0,1.0,47
200,0.22,31,2,1.9615535504119266,0.57,6
200,0.22,32,1,1.0,1.0,9
200,0.22,33,1,1.0,1.0,10
200,0.22,34,2,1.9615535504119266,0.57,6
200,0.22,35,2,1.8733608092918694,0.63,9
200,0.22,36,2,1.8142235123367199,0.66,6
200,0.22,37,1,1.0,1.0,11
200,0.22,38,1,1.0,1.0,41
200,0.22,39,1,1.0,1.0,29
200,0.23,0,1,1.0,1.0,7
200,0.23,1,1,1.0,1.0,7
200,0.23,2,2,1.9667617268167963,0.565,5
200,0.23,3,2,1.9615535504119266,0.57,6
200,0.23,4,2,1.9716088328075707,0.56,5
200,0.23,5,1,1.0,1.0,8
200,0.23,6,1,1.0,1.0,14
200,0.23,7,2,1.8035891423933625,0.665,8
200,0.23,8,2,1.923076923076923,0.6,6
200,0.23,9,1,1.0,1.0,7
200,0.23,10,1,1.0,1.0,24
200,0.23,11,1,1.0,1.0,10
200,0.23,12,2,1.943823500826125,0.585,5
200,0.23,13,2,1.9615535504119266,0.57,7
200,0.23,14,2,1.9559902200488999,0.575,7
200,0.23,15,2,1.8733608092918694,0.63,6
200,0.23,16,2,1.9982016185433111,0.515,6
200,0.23,17,1,1.0,1.0,47
200,0.23,18,1,1.0,1.0,30
200,0.23,19,1,1.0,1.0,8
200,0.23,20,1,1.0,1.0,23
200,0.23,21,2,1.990247785849338,0.535,6
200,0.23,22,2,2.0,0.5,7
200,0.23,23,1,1.0,1.0,12
200,0.23,24,2,1.996805111821086,0.52,5
200,0.23,25,2,1.9839301656581685,0.545,6
200,0.23,26,2,1.923076923076923,0.6,6
200,0.23,27,2,1.8733608092918694,0.63,7
200,0.23,28,2,1.9716088328075707,0.56,6
200,0.23,29,2,1.9716088328075707,0.56,6
200,0.23,30,1,1.0,1.0,14
200,0.23,31,2,1.9615535504119266,0.57,6
200,0.23,32,1,1.0,1.0,8
200,0.23,33,1,1.0,1.0,8
200,0.23,34,2,1.9667617268167963,0.565,6
200,0.23,35,1,1.0,1.0,11
200,0.23,36,2,1.8348623853211008,0.65,6
200,0.23,37,1,1.0,1.0,8
200,0.23,38,1,1.0,1.0,9
200,0.23,39,1,1.0,1.0,16
200,0.24,0,1,1.0,1.0,7
200,0.24,1,1,1.0,1.0,7
200,0.24,2,2,1.9667617268167963,0.565,5
200,0.24,3,2,1.9615535504119266,0.57,6
200,0.24,4,2,1.9716088328075707,0.56,5
200,0.24,5,1,1.0,1.0,7
200,0.24,6,1,1.0,1.0,8
200,0.24,7,1,1.0,1.0,14
200,0.24,8,2,1.9076688286913392,0.61,6
200,0.24,9,1,1.0,1.0,7
200,0.24,10,2,1.996805111821086,0.52,6
200,0.24,11,1,1.0,1.0,8
200,0.24,12,2,1.943823500826125,0.585,5
200,0.24,13,1,1.0,1.0,18
200,0.24,14,1,1.0,1.0,10
200,0.24,15,2,1.8641066268990587,0.635,7
200,0.24,16,2,1.9992003198720512,0.51,6
200,0.24,17,1,1.0,1.0,38
200,0.24,18,1,1.0,1.0,20
200,0.24,19,1,1.0,1.0,7
200,0.24,20,1,1.0,1.0,11
200,0.24,21,2,1.9950124688279303,0.525,5
200,0.24,22,1,1.0,1.0,53
200,0.24,23,1,1.0,1.0,14
200,0.24,24,2,1.996805111821086,0.52,5
200,0.24,25,1,1.0,1.0,23
200,0.24,26,2,1.9076688286913392,0.61,6
200,0.24,27,2,1.8823529411764706,0.625,6
200,0.24,28,1,1.0,1.0,25
200,0.24,29,1,1.0,1.0,20
200,0.24,30,1,1.0,1.0,8
200,0.24,31,2,1.9615535504119266,0.57,6
200,0.24,32,1,1.0,1.0,7
200,0.24,33,1,1.0,1.0,7
200,0.24,34,2,1.9667617268167963,0.565,6
200,0.24,35,1,1.0,1.0,9
200,0.24,36,2,1.8823529411764706,0.625,7
200,0.24,37,1,1.0,1.0,8
200,0.24,38,1,1.0,1.0,7
200,0.24,39,1,1.0,1.0,8
200,0.25,0,1,1.0,1.0,6
200,0.25,1,1,1.0,1.0,6
200,0.25,2,2,1.9667617268167963,0.565,6
200,0.25,3,2,1.9615535504119266,0.57,6
200,0.25,4,2,1.9716088328075707,0.56,5
200,0.25,5,1,1.0,1.0,7
200,0.25,6,1,1.0,1.0,7
200,0.25,7,1,1.0,1.0,12
200,0.25,8,2,1.923076923076923,0.6,6
200,0.25,9,1,1.0,1.0,6
200,0.25,10,1,1.0,1.0,19
200,0.25,11,1,1.0,1.0,8
200,0.25,12,2,1.950078003120125,0.58,6
200,0.25,13,1,1.0,1.0,22
200,0.25,14,1,1.0,1.0,10
200,0.25,15,1,1.0,1.0,14
200,0.25,16,1,1.0,1.0,12
200,0.25,17,1,1.0,1.0,9
200,0.25,18,1,1.0,1.0,17
200,0.25,19,1,1.0,1.0,6
200,0.25,20,1,1.0,1.0,7
200,0.25,21,2,1.996805111821086,0.52,6
200,0.25,22,1,1.0,1.0,25
200,0.25,23,1,1.0,1.0,9
200,0.25,24,2,1.9928258270227182,0.53,6
200,0.25,25,1,1.0,1.0,49
200,0.25,26,2,1.923076923076923,0.6,5
200,0.25,27,1,1.0,1.0,23
200,0.25,28,1,1.0,1.0,57
200,0.25,29,1,1.0,1.0,14
200,0.25,30,1,1.0,1.0,7
200,0.25,31,2,1.9615535504119266,0.57,6
200,0.25,32,1,1.0,1.0,7
200,0.25,33,1,1.0,1.0,7
200,0.25,34,1,1.0,1.0,27
200,0.25,35,1,1.0,1.0,8
200,0.25,36,1,1.0,1.0,27
200,0.25,37,1,1.0,1.0,7
200,0.25,38,1,1.0,1.0,6
200,0.25,39,1,1.0,1.0,7
200,0.26,0,1,1.0,1.0,6
200,0.26,1,1,1.0,1.0,6
200,0.26,2,1,1.0,1.0,46
200,0.26,3,1,1.0,1.0,55
200,0.26,4,1,1.0,1.0,18
200,0.26,5,1,1.0,1.0,6
200,0.26,6,1,1.0,1.0,6
200,0.26,7,1,1.0,1.0,10
200,0.26,8,1,1.0,1.0,45
200,0.26,9,1,1.0,1.0,6
200,0.26,10,1,1.0,1.0,9
200,0.26,11,1,1.0,1.0,7
200,0.26,12,1,1.0,1.0,48
200,0.26,13,1,1.0,1.0,10
200,0.26,14,1,1.0,1.0,8
200,0.26,15,1,1.0,1.0,14
200,0.26,16,1,1.0,1.0,9
200,0.26,17,1,1.0,1.0,7
200,0.26,18,1,1.0,1.0,8
200,0.26,19,1,1.0,1.0,6
200,0.26,20,1,1.0,1.0,7
200,0.26,21,2,1.9982016185433111,0.515,6
200,0.26,22,1,1.0,1.0,13
200,0.26,23,1,1.0,1.0,7
200,0.26,24,1,1.0,1.0,11
200,0.26,25,1,1.0,1.0,24
200,0.26,26,1,1.0,1.0,54
200,0.26,27,1,1.0,1.0,11
200,0.26,28,2,1.9667617268167963,0.565,6
200,0.26,29,1,1.0,1.0,8
200,0.26,30,1,1.0,1.0,6
200,0.26,31,1,1.0,1.0,13
200,0.26,32,1,1.0,1.0,6
200,0.26,33,1,1.0,1.0,6
200,0.26,34,1,1.0,1.0,22
200,0.26,35,1,1.0,1.0,8
200,0.26,36,1,1.0,1.0,15
200,0.26,37,1,1.0,1.0,7
200,0.26,38,1,1.0,1.0,6
200,0.26,39,1,1.0,1.0,7
200,0.27,0,1,1.0,1.0,6
200,0.27,1,1,1.0,1.0,6
200,0.27,2,1,1.0,1.0,10
200,0.27,3,1,1.0,1.0,12
200,0.27,4,1,1.0,1.0,20
200,0.27,5,1,1.0,1.0,6
200,0.27,6,1,1.0,1.0,6
200,0.27,7,1,1.0,1.0,7
200,0.27,8,1,1.0,1.0,12
200,0.27,9,1,1.0,1.0,6
200,0.27,10,1,1.0,1.0,7
200,0.27,11,1,1.0,1.0,7
200,0.27,12,1,1.0,1.0,23
200,0.27,13,1,1.0,1.0,7
200,0.27,14,1,1.0,1.0,7
200,0.27,15,1,1.0,1.0,11
200,0.27,16,1,1.0,1.0,7
200,0.27,17,1,1.0,1.0,6
200,0.27,18,1,1.0,1.0,7
200,0.27,19,1,1.0,1.0,6
200,0.27,20,1,1.0,1.0,6
200,0.27,21,1,1.0,1.0,26
200,0.27,22,1,1.0,1.0,8
200,0.27,23,1,1.0,1.0,6
200,0.27,24,1,1.0,1.0,22
200,0.27,25,1,1.0,1.0,9
200,0.27,26,1,1.0,1.0,49
200,0.27,27,1,1.0,1.0,8
200,0.27,28,1,1.0,1.0,25
200,0.27,29,1,1.0,1.0,7
200,0.27,30,1,1.0,1.0,6
200,0.27,31,1,1.0,1.0,8
200,0.27,32,1,1.0,1.0,6
200,0.27,33,1,1.0,1.0,6
200,0.27,34,1,1.0,1.0,10
200,0.27,35,1,1.0,1.0,7
200,0.27,36,1,1.0,1.0,9
200,0.27,37,1,1.0,1.0,6
200,0.27,38,1,1.0,1.0,6
200,0.27,39,1,1.0,1.0,6
200,0.28,0,1,1.0,1.0,5
200,0.28,1,1,1.0,1.0,5
200,0.28,2,1,1.0,1.0,8
200,0.28,3,1,1.0,1.0,11
200,0.28,4,1,1.0,1.0,11
200,0.28,5,1,1.0,1.0,6
200,0.28,6,1,1.0,1.0,6
200,0.28,7,1,1.0,1.0,6
200,0.28,8,1,1.0,1.0,7
200,0.28,9,1,1.0,1.0,6
200,0.28,10,1,1.0,1.0,6
200,0.28,11,1,1.0,1.0,6
200,0.28,12,1,1.0,1.0,19
200,0.28,13,1,1.0,1.0,6
200,0.28,14,1,1.0,1.0,6
200,0.28,15,1,1.0,1.0,7
200,0.28,16,1,1.0,1.0,6
200,0.28,17,1,1.0,1.0,6
200,0.28,18,1,1.0,1.0,6
200,0.28,19,1,1.0,1.0,5
200,0.28,20,1,1.0,1.0,6
200,0.28,21,1,1.0,1.0,10
200,0.28,22,1,1.0,1.0,7
200,0.28,23,1,1.0,1.0,6
200,0.28,24,1,1.0,1.0,8
200,0.28,25,1,1.0,1.0,7
200,0.28,26,1,1.0,1.0,24
200,0.28,27,1,1.0,1.0,6
200,0.28,28,1,1.0,1.0,12
200,0.28,29,1,1.0,1.0,6
200,0.28,30,1,1.0,1.0,5
200,0.28,31,1,1.0,1.0,6
200,0.28,32,1,1.0,1.0,6
200,0.28,33,1,1.0,1.0,6
200,0.28,34,1,1.0,1.0,7
200,0.28,35,1,1.0,1.0,6
200,0.28,36,1,1.0,1.0,7
200,0.28,37,1,1.0,1.0,6
200,0.28,38,1,1.0,1.0,5
200,0.28,39,1,1.0,1.0,6
200,0.29,0,1,1.0,1.0,5
200,0.29,1,1,1.0,1.0,5
200,0.29,2,1,1.0,1.0,7
200,0.29,3,1,1.0,1.0,9
200,0.29,4,1,1.0,1.0,9
200,0.29,5,1,1.0,1.0,5
200,0.29,6,1,1.0,1.0,5
200,0.29,7,1,1.0,1.0,6
200,0.29,8,1,1.0,1.0,6
200,0.29,9,1,1.0,1.0,5
200,0.29,10,1,1.0,1.0,6
200,0.29,11,1,1.0,1.0,6
200,0.29,12,1,1.0,1.0,7
200,0.29,13,1,1.0,1.0,6
200,0.29,14,1,1.0,1.0,6
200,0.29,15,1,1.0,1.0,6
200,0.29,16,1,1.0,1.0,6
200,0.29,17,1,1.0,1.0,6
200,0.29,18,1,1.0,1.0,6
200,0.29,19,1,1.0,1.0,5
200,0.29,20,1,1.0,1.0,5
200,0.29,21,1,1.0,1.0,8
200,0.29,22,1,1.0,1.0,6
200,0.29,23,1,1.0,1.0,6
200,0.29,24,1,1.0,1.0,7
200,0.29,25,1,1.0,1.0,6
200,0.29,26,1,1.0,1.0,13
200,0.29,27,1,1.0,1.0,6
200,0.29,28,1,1.0,1.0,9
200,0.29,29,1,1.0,1.0,6
200,0.29,30,1,1.0,1.0,5
200,0.29,31,1,1.0,1.0,6
200,0.29,32,1,1.0,1.0,6
200,0.29,33,1,1.0,1.0,5
200,0.29,34,1,1.0,1.0,6
200,0.29,35,1,1.0,1.0,6
200,0.29,36,1,1.0,1.0,6
200,0.29,37,1,1.0,1.0,5
200,0.29,38,1,1.0,1.0,5
200,0.29,39,1,1.0,1.0,6
200,0.3,0,1,1.0,1.0,5
200,0.3,1,1,1.0,1.0,5
200,0.3,2,1,1.0,1.0,6
200,0.3,3,1,1.0,1.0,7
200,0.3,4,1,1.0,1.0,7
200,0.3,5,1,1.0,1.0,5
200,0.3,6,1,1.0,1.0,5
200,0.3,7,1,1.0,1.0,6
200,0.3,8,1,1.0,1.0,6
200,0.3,9,1,1.0,1.0,5
200,0.3,10,1,1.0,1.0,5
200,0.3,11,1,1.0,1.0,6
200,0.3,12,1,1.0,1.0,6
200,0.3,13,1,1.0,1.0,6
200,0.3,14,1,1.0,1.0,6
200,0.3,15,1,1.0,1.0,6
200,0.3,16,1,1.0,1.0,6
200,0.3,17,1,1.0,1.0,5
200,0.3,18,1,1.0,1.0,5
200,0.3,19,1,1.0,1.0,5
200,0.3,20,1,1.0,1.0,5
200,0.3,21,1,1.0,1.0,6
200,0.3,22,1,1.0,1.0,6
200,0.3,23,1,1.0,1.0,5
200,0.3,24,1,1.0,1.0,6
200,0.3,25,1,1.0,1.0,6
200,0.3,26,1,1.0,1.0,9
200,0.3,27,1,1.0,1.0,6
200,0.3,28,1,1.0,1.0,6
200,0.3,29,1,1.0,1.0,5
200,0.3,30,1,1.0,1.0,5
200,0.3,31,1,1.0,1.0,6
200,0.3,32,1,1.0,1.0,5
200,0.3,33,1,1.0,1.0,5
200,0.3,34,1,1.0,1.0,6
200,0.3,35,1,1.0,1.0,6
200,0.3,36,1,1.0,1.0,6
200,0.3,37,1,1.0,1.0,5
200,0.3,38,1,1.0,1.0,5
200,0.3,39,1,1.0,1.0,5
200,0.31,0,1,1.0,1.0,5
200,0.31,1,1,1.0,1.0,5
200,0.31,2,1,1.0,1.0,6
200,0.31,3,1,1.0,1.0,6
200,0.31,4,1,1.0,1.0,6
200,0.31,5,1,1.0,1.0,5
200,0.31,6,1,1.0,1.0,5
200,0.31,7,1,1.0,1.0,5
200,0.31,8,1,1.0,1.0,6
200,0.31,9,1,1.0,1.0,5
200,0.31,10,1,1.0,1.0,5
200,0.31,11,1,1.0,1.0,5
200,0.31,12,1,1.0,1.0,5
200,0.31,13,1,1.0,1.0,5
200,0.31,14,1,1.0,1.0,5
200,0.31,15,1,1.0,1.0,5
200,0.31,16,1,1.0,1.0,5
200,0.31,17,1,1.0,1.0,5
200,0.31,18,1,1.0,1.0,5
200,0.31,19,1,1.0,1.0,5
200,0.31,20,1,1.0,1.0,5
200,0.31,21,1,1.0,1.0,6
200,0.31,22,1,1.0,1.0,5
200,0.31,23,1,1.0,1.0,5
200,0.31,24,1,1.0,1.0,6
200,0.31,25,1,1.0,1.0,5
200,0.31,26,1,1.0,1.0,6
200,0.31,27,1,1.0,1.0,5
200,0.31,28,1,1.0,1.0,6
200,0.31,29,1,1.0,1.0,5
200,0.31,30,1,1.0,1.0,5
200,0.31,31,1,1.0,1.0,5
200,0.31,32,1,1.0,1.0,5
200,0.31,33,1,1.0,1.0,5
200,0.31,34,1,1.0,1.0,5
200,0.31,35,1,1.0,1.0,5
200,0.31,36,1,1.0,1.0,6
200,0.31,37,1,1.0,1.0,5
200,0.31,38,1,1.0,1.0,5
200,0.31,39,1,1.0,1.0,5
200,0.32,0,1,1.0,1.0,5
200,0.32,1,1,1.0,1.0,5
200,0.32,2,1,1.0,1.0,5
200,0.32,3,1,1.0,1.0,6
200,0.32,4,1,1.0,1.0,5
200,0.32,5,1,1.0,1.0,5
200,0.32,6,1,1.0,1.0,5
200,0.32,7,1,1.0,1.0,5
200,0.32,8,1,1.0,1.0,5
200,0.32,9,1,1.0,1.0,5
200,0.32,10,1,1.0,1.0,5
200,0.32,11,1,1.0,1.0,5
200,0.32,12,1,1.0,1.0,5
200,0.32,13,1,1.0,1.0,5
200,0.32,14,1,1.0,1.0,5
200,0.32,15,1,1.0,1.0,5
200,0.32,16,1,1.0,1.0,5
200,0.32,17,1,1.0,1.0,5
200,0.32,18,1,1.0,1.0,5
200,0.32,19,1,1.0,1.0,5
200,0.32,20,1,1.0,1.0,5
200,0.32,21,1,1.0,1.0,6
200,0.32,22,1,1.0,1.0,5
200,0.32,23,1,1.0,1.0,5
200,0.32,24,1,1.0,1.0,5
200,0.32,25,1,1.0,1.0,5
200,0.32,26,1,1.0,1.0,6
200,0.32,27,1,1.0,1.0,5
200,0.32,28,1,1.0,1.0,5
200,0.32,29,1,1.0,1.0,5
200,0.32,30,1,1.0,1.0,5
200,0.32,31,1,1.0,1.0,5
200,0.32,32,1,1.0,1.0,5
200,0.32,33,1,1.0,1.0,5
200,0.32,34,1,1.0,1.0,5
200,0.32,35,1,1.0,1.0,5
200,0.32,36,1,1.0,1.0,5
200,0.32,37,1,1.0,1.0,5
200,0.32,38,1,1.0,1.0,5
200,0.32,39,1,1.0,1.0,5
200,0.33,0,1,1.0,1.0,5
200,0.33,1,1,1.0,1.0,5
200,0.33,2,1,1.0,1.0,5
200,0.33,3,1,1.0,1.0,5
200,0.33,4,1,1.0,1.0,5
200,0.33,5,1,1.0,1.0,5
200,0.33,6,1,1.0,1.0,5
200,0.33,7,1,1.0,1.0,5
200,0.33,8,1,1.0,1.0,5
200,0.33,9,1,1.0,1.0,5
200,0.33,10,1,1.0,1.0,5
200,0.33,11,1,1.0,1.0,5
200,0.33,12,1,1.0,1.0,5
200,0.33,13,1,1.0,1.0,5
200,0.33,14,1,1.0,1.0,5
200,0.33,15,1,1.0,1.0,5
200,0.33,16,1,1.0,1.0,5
200,0.33,17,1,1.0,1.0,5
200,0.33,18,1,1.0,1.0,5
200,0.33,19,1,1.0,1.0,5
200,0.33,20,1,1.0,1.0,5
200,0.33,21,1,1.0,1.0,5
200,0.33,22,1,1.0,1.0,5
200,0.33,23,1,1.0,1.0,5
200,0.33,24,1,1.0,1.0,5
200,0.33,25,1,1.0,1.0,5
200,0.33,26,1,1.0,1.0,5
200,0.33,27,1,1.0,1.0,5
200,0.33,28,1,1.0,1.0,5
200,0.33,29,1,1.0,1.0,5
200,0.33,30,1,1.0,1.0,5
200,0.33,31,1,1.0,1.0,5
200,0.33,32,1,1.0,1.0,5
200,0.33,33,1,1.0,1.0,5
200,0.33,34,1,1.0,1.0,5
200,0.33,35,1,1.0,1.0,5
200,0.33,36,1,1.0,1.0,5
200,0.33,37,1,1.0,1.0,5
200,0.33,38,1,1.0,1.0,5
200,0.33,39,1,1.0,1.0,5
200,0.34,0,1,1.0,1.0,4
200,0.34,1,1,1.0,1.0,4
200,0.34,2,1,1.0,1.0,5
200,0.34,3,1,1.0,1.0,5
200,0.34,4,1,1.0,1.0,5
200,0.34,5,1,1.0,1.0,5
200,0.34,6,1,1.0,1.0,5
200,0.34,7,1,1.0,1.0,5
200,0.34,8,1,1.0,1.0,5
200,0.34,9,1,1.0,1.0,5
200,0.34,10,1,1.0,1.0,5
200,0.34,11,1,1.0,1.0,5
200,0.34,12,1,1.0,1.0,5
200,0.34,13,1,1.0,1.0,5
200,0.34,14,1,1.0,1.0,5
200,0.34,15,1,1.0,1.0,5
200,0.34,16,1,1.0,1.0,5
200,0.34,17,1,1.0,1.0,5
200,0.34,18,1,1.0,1.0,5
200,0.34,19,1,1.0,1.0,4
200,0.34,20,1,1.0,1.0,5
200,0.34,21,1,1.0,1.0,5
200,0.34,22,1,1.0,1.0,5
200,0.34,23,1,1.0,1.0,5
200,0.34,24,1,1.0,1.0,5
200,0.34,25,1,1.0,1.0,5
200,0.34,26,1,1.0,1.0,5
200,0.34,27,1,1.0,1.0,5
200,0.34,28,1,1.0,1.0,5
200,0.34,29,1,1.0,1.0,5
200,0.34,30,1,1.0,1.0,4
200,0.34,31,1,1.0,1.0,5
200,0.34,32,1,1.0,1.0,5
200,0.34,33,1,1.0,1.0,5
200,0.34,34,1,1.0,1.0,5
200,0.34,35,1,1.0,1.0,5
200,0.34,36,1,1.0,1.0,5
200,0.34,37,1,1.0,1.0,5
200,0.34,38,1,1.0,1.0,4
200,0.34,39,1,1.0,1.0,5
200,0.35,0,1,1.0,1.0,4
200,0.35,1,1,1.0,1.0,4
200,0.35,2,1,1.0,1.0,5
200,0.35,3,1,1.0,1.0,5
200,0.35,4,1,1.0,1.0,5
200,0.35,5,1,1.0,1.0,4
200,0.35,6,1,1.0,1.0,4
200,0.35,7,1,1.0,1.0,5
200,0.35,8,1,1.0,1.0,5
200,0.35,9,1,1.0,1.0,4
200,0.35,10,1,1.0,1.0,5
200,0.35,11,1,1.0,1.0,5
200,0.35,12,1,1.0,1.0,5
200,0.35,13,1,1.0,1.0,5
200,0.35,14,1,1.0,1.0,5
200,0.35,15,1,1.0,1.0,5
200,0.35,16,1,1.0,1.0,5
200,0.35,17,1,1.0,1.0,4
200,0.35,18,1,1.0,1.0,4
200,0.35,19,1,1.0,1.0,4
200,0.35,20,1,1.0,1.0,5
200,0.35,21,1,1.0,1.0,5
200,0.35,22,1,1.0,1.0,5
200,0.35,23,1,1.0,1.0,5
200,0.35,24,1,1.0,1.0,5
200,0.35,25,1,1.0,1.0,5
200,0.35,26,1,1.0,1.0,5
200,0.35,27,1,1.0,1.0,4
200,0.35,28,1,1.0,1.0,5
200,0.35,29,1,1.0,1.0,4
200,0.35,30,1,1.0,1.0,4
200,0.35,31,1,1.0,1.0,5
200,0.35,32,1,1.0,1.0,5
200,0.35,33,1,1.0,1.0,4
200,0.35,34,1,1.0,1.0,5
200,0.35,35,1,1.0,1.0,5
200,0.35,36,1,1.0,1.0,5
200,0.35,37,1,1.0,1.0,4
200,0.35,38,1,1.0,1.0,4
200,0.35,39,1,1.0,1.0,5
400,0.12,0,4,3.784832284619387,0.34,7
400,0.12,1,4,3.821169277799006,0.325,7
400,0.12,2,3,2.427700057657876,0.56,9
400,0.12,3,2,1.9781904502856011,0.5525,10
400,0.12,4,3,2.9568302779420463,0.39,8
400,0.12,5,4,3.7666556805875975,0.3325,9
400,0.12,6,4,3.0647818258437725,0.37,8
400,0.12,7,4,3.4932972359285626,0.375,8
400,0.12,8,3,2.8781119585551878,0.425,7
400,0.12,9,4,3.833804571811952,0.3125,8
400,0.12,10,3,2.8181914256525875,0.4175,9
400,0.12,11,3,2.893413866685956,0.42,7
400,0.12,12,3,2.783286365375918,0.4225,8
400,0.12,13,3,2.825756772985765,0.4375,7
400,0.12,14,3,2.8885037550548813,0.41,7
400,0.12,15,3,2.8978157713623354,0.405,7
400,0.12,16,3,2.7882336539802033,0.445,6
400,0.12,17,3,2.9763012016816104,0.3625,8
400,0.12,18,3,2.8067220994281303,0.4525,8
400,0.12,19,3,2.8856905818273635,0.415,7
400,0.12,20,4,3.978516013526954,0.265,7
400,0.12,21,4,3.2395221704798542,0.4275,7
400,0.12,22,4,3.986843416724808,0.2725,7
400,0.12,23,3,2.7167453390837775,0.4825,10
400,0.12,24,3,2.8043607810144775,0.4525,7
400,0.12,25,3,2.7773920288848766,0.405,7
400,0.12,26,3,2.807904250465059,0.415,8
400,0.12,27,2,1.950078003120125,0.58,11
400,0.12,28,3,2.8568367674891975,0.4325,9
400,0.12,29,2,1.9950124688279303,0.525,10
400,0.13,0,3,2.848698500872414,0.4225,9
400,0.13,1,3,2.736726874657909,0.47,14
400,0.13,2,3,2.3960704444710674,0.57,8
400,0.13,3,3,2.7776813305093566,0.4025,10
400,0.13,4,4,3.0110278896458276,0.38,7
400,0.13,5,3,2.71471716040585,0.4825,9
400,0.13,6,3,2.9829598419031287,0.3675,7
400,0.13,7,4,3.297201500226682,0.35,9
400,0.13,8,3,2.884858101042155,0.4225,7
400,0.13,9,3,2.9683499684612817,0.3625,10
400,0.13,10,3,2.769795381366201,0.405,8
400,0.13,11,3,2.890486685695704,0.4225,7
400,0.13,12,3,2.811061527109175,0.425,8
400,0.13,13,2,1.9716088328075707,0.56,49
400,0.13,14,3,2.9459419649432905,0.385,7
400,0.13,15,3,2.891322418591203,0.4075,7
400,0.13,16,3,2.800826243741904,0.445,6
400,0.13,17,3,2.982292637465051,0.3625,7
400,0.13,18,3,2.780964299370807,0.455,8
400,0.13,19,3,2.9087735883358183,0.415,7
400,0.13,20,4,3.959807949314458,0.275,7
400,0.13,21,4,3.064312253418624,0.4325,8
400,0.13,22,3,2.5740853952829887,0.525,9
400,0.13,23,2,1.9975529975779673,0.5175,31
400,0.13,24,3,2.804655728509325,0.455,8
400,0.13,25,3,2.7773920288848766,0.405,8
400,0.13,26,3,1.9548908926520538,0.5825,11
400,0.13,27,2,1.950078003120125,0.58,9
400,0.13,28,2,1.9642024110584597,0.5675,10
400,0.13,29,2,1.9975529975779673,0.5175,7
400,0.14,0,3,2.86820593718629,0.42,8
400,0.14,1,3,2.456097261451553,0.555,11
400,0.14,2,3,2.7090176424773964,0.4875,9
400,0.14,3,2,1.9303156066016793,0.595,18
400,0.14,4,4,3.0110278896458276,0.38,7
400,0.14,5,3,2.8067220994281303,0.4525,8
400,0.14,6,3,2.967689282932077,0.3825,7
400,0.14,7,4,3.0624354017532442,0.385,8
400,0.14,8,3,2.9555194325402687,0.39,8
400,0.14,9,3,2.9696722224284495,0.3675,9
400,0.14,10,3,2.7460268424123844,0.4075,8
400,0.14,11,3,2.8997064047265213,0.4175,7
400,0.14,12,3,2.8165047176454023,0.425,8
400,0.14,13,2,1.9716088328075707,0.56,9
400,0.14,14,3,2.91928185666326,0.405,7
400,0.14,15,3,2.851744911417674,0.4025,7
400,0.14,16,3,2.8337643016542096,0.435,6
400,0.14,17,3,2.988308243995368,0.3625,7
400,0.14,18,4,2.816802225273758,0.45,8
400,0.14,19,3,2.9356720854280574,0.3975,10
400,0.14,20,3,2.917684817097634,0.4125,9
400,0.14,21,4,2.882571253558173,0.455,8
400,0.14,22,3,2.6550728485612827,0.5025,9
400,0.14,23,3,2.6955086087806195,0.4825,8
400,0.14,24,2,1.9888129272840274,0.5375,15
400,0.14,25,3,1.9266430652891167,0.6025,8
400,0.14,26,3,1.9705889597753528,0.5825,8
400,0.14,27,3,1.9611207805260706,0.5775,7
400,0.14,28,2,1.9642024110584597,0.5675,8
400,0.14,29,2,1.998750780762024,0.5125,7
400,0.15,0,3,2.9176848170976326,0.3825,9
400,0.15,1,3,2.5740853952829883,0.525,9
400,0.15,2,2,1.9821114442159509,0.5475,11
400,0.15,3,2,1.950078003120125,0.58,9
400,0.15,4,2,1.8867479540576872,0.6225,11
400,0.15,5,3,2.86409852498926,0.43,8
400,0.15,6,3,2.9606602272306723,0.3875,6
400,0.15,7,4,2.9680195889292866,0.3925,9
400,0.15,8,3,2.97940486387844,0.3725,7
400,0.15,9,3,2.9519205933360393,0.39,7
400,0.15,10,3,2.7044386599506445,0.4125,9
400,0.15,11,3,2.908773588335818,0.415,7
400,0.15,12,3,1.9495077492933033,0.61,19
400,0.15,13,3,1.993421708362404,0.555,7
400,0.15,14,3,2.929544455837117,0.405,7
400,0.15,15,3,2.851744911417674,0.4025,7
400,0.15,16,2,1.9692307692307693,0.5625,56
400,0.15,17,2,1.7705382436260622,0.68,40
400,0.15,18,3,2.7358845456721723,0.4525,8
400,0.15,19,3,2.9464844757099184,0.3875,7
400,0.15,20,3,2.9725411511165607,0.3775,9
400,0.15,21,3,2.0540207456095305,0.52,15
400,0.15,22,3,2.7000573762192452,0.4875,9
400,0.15,23,2,1.9975529975779673,0.5175,9
400,0.15,24,2,1.9821114442159509,0.5475,9
400,0.15,25,2,1.919339747126988,0.6025,7
400,0.15,26,2,1.9372336303758233,0.59,8
400,0.15,27,3,1.9516479227147423,0.585,8
400,0.15,28,2,1.9642024110584597,0.5675,8
400,0.15,29,2,1.998750780762024,0.5125,7
400,0.16,0,2,1.8778901903711183,0.6275,19
400,0.16,1,2,1.6191382136857655,0.7425,10
400,0.16,2,2,1.9982016185433111,0.515,10
400,0.16,3,2,1.950078003120125,0.58,9
400,0.16,4,2,1.9036287923854847,0.6125,8
400,0.16,5,3,2.92525961679099,0.395,8
400,0.16,6,3,2.9602220166512487,0.3875,7
400,0.16,7,2,1.8089315997738835,0.6625,10
400,0.16,8,3,2.951267200354152,0.3925,7
400,0.16,9,3,2.9562839510735004,0.3875,7
400,0.16,10,2,1.9372336303758233,0.59,10
400,0.16,11,3,2.9432324049887786,0.3975,7
400,0.16,12,2,1.8593840790238232,0.6375,9
400,0.16,13,3,1.9890107157952313,0.55,7
400,0.16,14,3,2.918855808523059,0.41,9
400,0.16,15,3,2.7949551060336093,0.415,7
400,0.16,16,2,1.976089319237229,0.555,11
400,0.16,17,2,1.7591696719148557,0.685,13
400,0.16,18,3,2.6527837649633583,0.4575,8
400,0.16,19,2,1.9036287923854847,0.6125,28
400,0.16,20,3,2.978739248613025,0.3725,9
400,0.16,21,2,1.9939682460556813,0.5275,9
400,0.16,22,3,2.7422616803208446,0.4725,9
400,0.16,23,3,2.3384291602116276,0.4875,10
400,0.16,24,2,1.9801980198019797,0.55,8
400,0.16,25,2,1.9155253328225266,0.605,7
400,0.16,26,2,1.9372336303758233,0.59,8
400,0.16,27,3,1.9414177202902418,0.5925,7
400,0.16,28,2,1.9642024110584597,0.5675,8
400,0.16,29,3,2.018214384823028,0.5125,7
400,0.17,0,2,1.8910741301059,0.62,9
400,0.17,1,2,1.6507098052162432,0.73,9
400,0.17,2,2,1.9801980198019797,0.55,9
400,0.17,3,2,1.9588158957909942,0.5725,9
400,0.17,4,2,1.8910741301059,0.62,7
400,0.17,5,2,1.8867479540576872,0.6225,11
400,0.17,6,2,1.9155253328225266,0.605,11
400,0.17,7,2,1.829784314173967,0.6525,8
400,0.17,8,3,2.9307249880939295,0.4025,7
400,0.17,9,2,1.7001020061203673,0.71,74
400,0.17,10,2,1.9405700424499694,0.5875,8
400,0.17,11,2,1.7534246575342465,0.6875,37
400,0.17,12,2,1.8823529411764706,0.625,7
400,0.17,13,3,1.9801490062127172,0.56,8
400,0.17,14,2,1.7476406850751487,0.69,9
400,0.17,15,3,2.802985179215865,0.4125,7
400,0.17,16,2,1.976089319237229,0.555,8
400,0.17,17,2,1.7705382436260622,0.68,8
400,0.17,18,3,2.52852492177376,0.4625,8
400,0.17,19,2,1.8995156235160036,0.615,8
400,0.17,20,2,1.919339747126988,0.6025,11
400,0.17,21,2,1.996805111821086,0.52,7
400,0.17,22,2,1.8687659137097343,0.6325,9
400,0.17,23,2,1.9839301656581685,0.545,9
400,0.17,24,2,1.9839301656581685,0.545,7
400,0.17,25,3,1.9266430652891167,0.6025,7
400,0.17,26,2,1.943823500826125,0.585,8
400,0.17,27,2,1.9267358685966134,0.5975,7
400,0.17,28,2,1.9642024110584597,0.5675,7
400,0.17,29,2,1.9975529975779673,0.5175,8
400,0.18,0,2,1.923076923076923,0.6,7
400,0.18,1,1,1.0,1.0,12
400,0.18,2,2,1.9372336303758233,0.59,8
400,0.18,3,2,1.9738952355103752,0.5575,8
400,0.18,4,2,1.9036287923854847,0.6125,7
400,0.18,5,2,1.8953303797768246,0.6175,8
400,0.18,6,2,1.9559902200488999,0.575,10
400,0.18,7,2,1.8641066268990587,0.635,7
400,0.18,8,2,1.8348623853211008,0.65,13
400,0.18,9,2,1.7300663912977658,0.6975,19
400,0.18,10,2,1.9559902200488999,0.575,8
400,0.18,11,2,1.7927572606669055,0.67,10
400,0.18,12,2,1.9076688286913392,0.61,7
400,0.18,13,2,1.976089319237229,0.555,7
400,0.18,14,2,1.8142235123367199,0.66,8
400,0.18,15,2,1.9559902200488999,0.575,10
400,0.18,16,2,1.9781904502856011,0.5525,7
400,0.18,17,2,1.7705382436260622,0.68,7
400,0.18,18,3,2.3835061375283044,0.475,9
400,0.18,19,2,1.9036287923854847,0.6125,8
400,0.18,20,2,1.9372336303758233,0.59,10
400,0.18,21,2,1.996805111821086,0.52,7
400,0.18,22,2,1.8687659137097343,0.6325,9
400,0.18,23,2,1.9738952355103752,0.5575,8
400,0.18,24,2,1.9738952355103752,0.5575,7
400,0.18,25,2,1.9155253328225266,0.605,6
400,0.18,26,2,1.943823500826125,0.585,8
400,0.18,27,2,1.923076923076923,0.6,7
400,0.18,28,2,1.9667617268167963,0.565,7
400,0.18,29,2,1.9975529975779673,0.5175,8
400,0.19,0,2,1.923076923076923,0.6,7
400,0.19,1,1,1.0,1.0,10
400,0.19,2,2,1.9372336303758233,0.59,8
400,0.19,3,2,1.976089319237229,0.555,8
400,0.19,4,2,1.9116346866113882,0.6075,7
400,0.19,5,2,1.8953303797768246,0.6175,8
400,0.19,6,2,1.9959581846760313,0.5225,9
400,0.19,7,2,1.8910741301059,0.62,7
400,0.19,8,2,1.8593840790238232,0.6375,9
400,0.19,9,2,1.8142235123367199,0.66,11
400,0.19,10,2,1.9839301656581685,0.545,7
400,0.19,11,2,1.8089315997738835,0.6625,7
400,0.19,12,2,1.9076688286913392,0.61,6
400,0.19,13,2,1.9801980198019797,0.55,6
400,0.19,14,2,1.8398840873025002,0.6475,7
400,0.19,15,2,1.999550101227224,0.5075,9
400,0.19,16,2,1.9839301656581685,0.545,7
400,0.19,17,2,1.7705382436260622,0.68,7
400,0.19,18,2,1.9915855510468272,0.5325,9
400,0.19,19,2,1.9667617268167963,0.565,8
400,0.19,20,2,1.9856536523616868,0.5425,9
400,0.19,21,2,1.9950124688279303,0.525,6
400,0.19,22,2,1.976089319237229,0.555,8
400,0.19,23,2,1.9716088328075707,0.56,7
400,0.19,24,2,1.9839301656581685,0.545,7
400,0.19,25,2,1.9155253328225266,0.605,6
400,0.19,26,3,1.9641059635167322,0.575,8
400,0.19,27,2,1.923076923076923,0.6,7
400,0.19,28,2,1.9801980198019797,0.55,7
400,0.19,29,3,2.009393916559918,0.5075,8
400,0.2,0,2,1.923076923076923,0.6,7
400,0.2,1,1,1.0,1.0,9
400,0.2,2,2,1.9372336303758233,0.59,7
400,0.2,3,2,1.9821114442159509,0.5475,8
400,0.2,4,2,1.9116346866113882,0.6075,6
400,0.2,5,2,1.9116346866113882,0.6075,9
400,0.2,6,2,1.9982016185433111,0.515,7
400,0.2,7,2,1.8910741301059,0.62,7
400,0.2,8,2,1.9738952355103752,0.5575,8
400,0.2,9,1,1.0,1.0,10
400,0.2,10,2,1.9975529975779673,0.5175,7
400,0.2,11,2,1.829784314173967,0.6525,8
400,0.2,12,2,1.9076688286913392,0.61,7
400,0.2,13,2,1.9856536523616868,0.5425,7
400,0.2,14,2,1.8545994065281899,0.64,7
400,0.2,15,2,2.0,0.5,8
400,0.2,16,2,1.996805111821086,0.52,8
400,0.2,17,2,1.8194637130705726,0.6575,7
400,0.2,18,2,1.9939682460556813,0.5275,7
400,0.2,19,2,1.9915855510468272,0.5325,7
400,0.2,20,2,1.9992003198720512,0.51,9
400,0.2,21,2,1.996805111821086,0.52,6
400,0.2,22,2,1.9872813990461045,0.54,7
400,0.2,23,1,1.0,1.0,21
400,0.2,24,2,1.9915855510468272,0.5325,7
400,0.2,25,2,1.9155253328225266,0.605,6
400,0.2,26,2,1.9615535504119266,0.57,7
400,0.2,27,2,1.9267358685966134,0.5975,7
400,0.2,28,2,1.9959581846760313,0.5225,7
400,0.2,29,2,1.999950001249969,0.5025,7
400,0.21,0,2,1.923076923076923,0.6,7
400,0.21,1,1,1.0,1.0,8
400,0.21,2,2,1.9372336303758233,0.59,7
400,0.21,3,2,1.9872813990461045,0.54,7
400,0.21,4,2,1.9372336303758233,0.59,7
400,0.21,5,1,1.0,1.0,18
400,0.21,6,1,1.0,1.0,101
400,0.21,7,2,1.8953303797768246,0.6175,7
400,0.21,8,2,1.9559902200488999,0.575,7
400,0.21,9,1,1.0,1.0,10
400,0.21,10,2,1.9992003198720512,0.51,6
400,0.21,11,1,1.0,1.0,13
400,0.21,12,2,1.9155253328225266,0.605,8
400,0.21,13,2,1.9888129272840274,0.5375,6
400,0.21,14,2,1.8823529411764706,0.625,7
400,0.21,15,2,1.9998000199980002,0.505,8
400,0.21,16,2,1.999950001249969,0.5025,7
400,0.21,17,2,1.8641066268990587,0.635,7
400,0.21,18,2,1.9950124688279303,0.525,7
400,0.21,19,2,1.9939682460556813,0.5275,7
400,0.21,20,2,1.9998000199980002,0.505,7
400,0.21,21,2,1.996805111821086,0.52,6
400,0.21,22,2,1.9928258270227182,0.53,7
400,0.21,23,2,1.9839301656581685,0.545,7
400,0.21,24,1,1.0,1.0,132
400,0.21,25,2,1.9155253328225266,0.605,6
400,0.21,26,2,1.9738952355103752,0.5575,7
400,0.21,27,2,1.9267358685966134,0.5975,6
400,0.21,28,2,1.9998000199980002,0.505,6
400,0.21,29,2,1.9998000199980002,0.505,7
400,0.22,0,2,1.9303156066016793,0.595,7
400,0.22,1,1,1.0,1.0,7
400,0.22,2,2,1.9303156066016793,0.595,7
400,0.22,3,2,1.9888129272840274,0.5375,6
400,0.22,4,2,1.950078003120125,0.58,7
400,0.22,5,1,1.0,1.0,11
400,0.22,6,1,1.0,1.0,11
400,0.22,7,2,1.9155253328225266,0.605,7
400,0.22,8,2,1.943823500826125,0.585,7
400,0.22,9,1,1.0,1.0,10
400,0.22,10,2,1.9998000199980002,0.505,6
400,0.22,11,1,1.0,1.0,14
400,0.22,12,1,1.0,1.0,34
400,0.22,13,2,1.9928258270227182,0.53,7
400,0.22,14,2,1.8953303797768246,0.6175,7
400,0.22,15,2,2.0,0.5,7
400,0.22,16,2,1.9998000199980002,0.505,7
400,0.22,17,2,1.8733608092918694,0.63,7
400,0.22,18,2,1.9939682460556813,0.5275,6
400,0.22,19,1,1.0,1.0,17
400,0.22,20,1,1.0,1.0,35
400,0.22,21,2,1.9992003198720512,0.51,6
400,0.22,22,2,1.9872813990461045,0.54,7
400,0.22,23,1,1.0,1.0,12
400,0.22,24,1,1.0,1.0,120
400,0.22,25,2,1.9155253328225266,0.605,6
400,0.22,26,2,1.9839301656581685,0.545,6
400,0.22,27,2,1.9267358685966134,0.5975,6
400,0.22,28,1,1.0,1.0,64
400,0.22,29,2,1.999950001249969,0.5025,6
400,0.23,0,1,1.0,1.0,25
400,0.23,1,1,1.0,1.0,7
400,0.23,2,1,1.0,1.0,15
400,0.23,3,2,1.990247785849338,0.535,6
400,0.23,4,2,1.9615535504119266,0.57,6
400,0.23,5,1,1.0,1.0,9
400,0.23,6,1,1.0,1.0,9
400,0.23,7,1,1.0,1.0,56
400,0.23,8,2,1.9839301656581685,0.545,7
400,0.23,9,1,1.0,1.0,8
400,0.23,10,2,1.9998000199980002,0.505,6
400,0.23,11,1,1.0,1.0,9
400,0.23,12,1,1.0,1.0,28
400,0.23,13,2,1.996805111821086,0.52,6
400,0.23,14,1,1.0,1.0,32
400,0.23,15,2,1.999950001249969,0.5025,6
400,0.23,16,2,1.999550101227224,0.5075,7
400,0.23,17,1,1.0,1.0,45
400,0.23,18,2,1.9950124688279303,0.525,7
400,0.23,19,1,1.0,1.0,12
400,0.23,20,1,1.0,1.0,54
400,0.23,21,2,1.9992003198720512,0.51,6
400,0.23,22,1,1.0,1.0,12
400,0.23,23,1,1.0,1.0,9
400,0.23,24,1,1.0,1.0,31
400,0.23,25,2,1.919339747126988,0.6025,6
400,0.23,26,2,1.9872813990461045,0.54,6
400,0.23,27,1,1.0,1.0,51
400,0.23,28,2,1.9998000199980002,0.505,6
400,0.23,29,2,1.999950001249969,0.5025,6
400,0.24,0,1,1.0,1.0,10
400,0.24,1,1,1.0,1.0,6
400,0.24,2,1,1.0,1.0,12
400,0.24,3,1,1.0,1.0,42
400,0.24,4,2,1.9615535504119266,0.57,6
400,0.24,5,1,1.0,1.0,8
400,0.24,6,1,1.0,1.0,8
400,0.24,7,1,1.0,1.0,91
400,0.24,8,1,1.0,1.0,99
400,0.24,9,1,1.0,1.0,7
400,0.24,10,1,1.0,1.0,59
400,0.24,11,1,1.0,1.0,8
400,0.24,12,1,1.0,1.0,10
400,0.24,13,2,1.9975529975779673,0.5175,6
400,0.24,14,1,1.0,1.0,13
400,0.24,15,1,1.0,1.0,57
400,0.24,16,1,1.0,1.0,29
400,0.24,17,1,1.0,1.0,14
400,0.24,18,2,1.9939682460556813,0.5275,7
400,0.24,19,1,1.0,1.0,9
400,0.24,20,1,1.0,1.0,18
400,0.24,21,1,1.0,1.0,56
400,0.24,22,1,1.0,1.0,11
400,0.24,23,1,1.0,1.0,8
400,0.24,24,1,1.0,1.0,14
400,0.24,25,1,1.0,1.0,36
400,0.24,26,2,1.9856536523616868,0.5425,7
400,0.24,27,1,1.0,1.0,24
400,0.24,28,1,1.0,1.0,49
400,0.24,29,2,1.9998000199980002,0.505,7
400,0.25,0,1,1.0,1.0,7
400,0.25,1,1,1.0,1.0,6
400,0.25,2,1,1.0,1.0,8
400,0.25,3,2,1.9950124688279303,0.525,6
400,0.25,4,1,1.0,1.0,32
400,0.25,5,1,1.0,1.0,7
400,0.25,6,1,1.0,1.0,7
400,0.25,7,1,1.0,1.0,15
400,0.25,8,1,1.0,1.0,19
400,0.25,9,1,1.0,1.0,7
400,0.25,10,2,1.9992003198720512,0.51,6
400,0.25,11,1,1.0,1.0,7
400,0.25,12,1,1.0,1.0,7
400,0.25,13,1,1.0,1.0,118
400,0.25,14,1,1.0,1.0,8
400,0.25,15,1,1.0,1.0,19
400,0.25,16,1,1.0,1.0,30
400,0.25,17,1,1.0,1.0,8
400,0.25,18,1,1.0,1.0,17
400,0.25,19,1,1.0,1.0,7
400,0.25,20,1,1.0,1.0,11
400,0.25,21,1,1.0,1.0,18
400,0.25,22,1,1.0,1.0,8
400,0.25,23,1,1.0,1.0,7
400,0.25,24,1,1.0,1.0,11
400,0.25,25,1,1.0,1.0,21
400,0.25,26,2,1.990247785849338,0.535,6
400,0.25,27,1,1.0,1.0,10
400,0.25,28,1,1.0,1.0,14
400,0.25,29,1,1.0,1.0,53
400,0.26,0,1,1.0,1.0,7
400,0.26,1,1,1.0,1.0,6
400,0.26,2,1,1.0,1.0,7
400,0.26,3,1,1.0,1.0,19
400,0.26,4,1,1.0,1.0,11
400,0.26,5,1,1.0,1.0,6
400,0.26,6,1,1.0,1.0,6
400,0.26,7,1,1.0,1.0,9
400,0.26,8,1,1.0,1.0,11
400,0.26,9,1,1.0,1.0,6
400,0.26,10,1,1.0,1.0,44
400,0.26,11,1,1.0,1.0,7
400,0.26,12,1,1.0,1.0,6
400,0.26,13,2,1.998750780762024,0.5125,6
400,0.26,14,1,1.0,1.0,7
400,0.26,15,1,1.0,1.0,18
400,0.26,16,1,1.0,1.0,8
400,0.26,17,1,1.0,1.0,7
400,0.26,18,1,1.0,1.0,10
400,0.26,19,1,1.0,1.0,7
400,0.26,20,1,1.0,1.0,8
400,0.26,21,1,1.0,1.0,12
400,0.26,22,1,1.0,1.0,7
400,0.26,23,1,1.0,1.0,6
400,0.26,24,1,1.0,1.0,8
400,0.26,25,1,1.0,1.0,12
400,0.26,26,1,1.0,1.0,103
400,0.26,27,1,1.0,1.0,7
400,0.26,28,1,1.0,1.0,8
400,0.26,29,1,1.0,1.0,13
400,0.27,0,1,1.0,1.0,6
400,0.27,1,1,1.0,1.0,6
400,0.27,2,1,1.0,1.0,6
400,0.27,3,1,1.0,1.0,10
400,0.27,4,1,1.0,1.0,8
400,0.27,5,1,1.0,1.0,6
400,0.27,6,1,1.0,1.0,6
400,0.27,7,1,1.0,1.0,7
400,0.27,8,1,1.0,1.0,7
400,0.27,9,1,1.0,1.0,6
400,0.27,10,1,1.0,1.0,12
400,0.27,11,1,1.0,1.0,6
400,0.27,12,1,1.0,1.0,6
400,0.27,13,1,1.0,1.0,18
400,0.27,14,1,1.0,1.0,6
400,0.27,15,1,1.0,1.0,11
400,0.27,16,1,1.0,1.0,7
400,0.27,17,1,1.0,1.0,6
400,0.27,18,1,1.0,1.0,8
400,0.27,19,1,1.0,1.0,6
400,0.27,20,1,1.0,1.0,7
400,0.27,21,1,1.0,1.0,8
400,0.27,22,1,1.0,1.0,6
400,0.27,23,1,1.0,1.0,6
400,0.27,24,1,1.0,1.0,7
400,0.27,25,1,1.0,1.0,7
400,0.27,26,2,1.990247785849338,0.535,6
400,0.27,27,1,1.0,1.0,6
400,0.27,28,1,1.0,1.0,7
400,0.27,29,1,1.0,1.0,10
400,0.28,0,1,1.0,1.0,6
400,0.28,1,1,1.0,1.0,5
400,0.28,2,1,1.0,1.0,6
400,0.28,3,1,1.0,1.0,8
400,0.28,4,1,1.0,1.0,7
400,0.28,5,1,1.0,1.0,6
400,0.28,6,1,1.0,1.0,6
400,0.28,7,1,1.0,1.0,6
400,0.28,8,1,1.0,1.0,7
400,0.28,9,1,1.0,1.0,6
400,0.28,10,1,1.0,1.0,7
400,0.28,11,1,1.0,1.0,6
400,0.28,12,1,1.0,1.0,6
400,0.28,13,1,1.0,1.0,11
400,0.28,14,1,1.0,1.0,6
400,0.28,15,1,1.0,1.0,8
400,0.28,16,1,1.0,1.0,6
400,0.28,17,1,1.0,1.0,6
400,0.28,18,1,1.0,1.0,7
400,0.28,19,1,1.0,1.0,6
400,0.28,20,1,1.0,1.0,6
400,0.28,21,1,1.0,1.0,7
400,0.28,22,1,1.0,1.0,6
400,0.28,23,1,1.0,1.0,6
400,0.28,24,1,1.0,1.0,6
400,0.28,25,1,1.0,1.0,6
400,0.28,26,1,1.0,1.0,42
400,0.28,27,1,1.0,1.0,6
400,0.28,28,1,1.0,1.0,6
400,0.28,29,1,1.0,1.0,8
400,0.29,0,1,1.0,1.0,6
400,0.29,1,1,1.0,1.0,5
400,0.29,2,1,1.0,1.0,6
400,0.29,3,1,1.0,1.0,7
400,0.29,4,1,1.0,1.0,6
400,0.29,5,1,1.0,1.0,5
400,0.29,6,1,1.0,1.0,5
400,0.29,7,1,1.0,1.0,6
400,0.29,8,1,1.0,1.0,6
400,0.29,9,1,1.0,1.0,5
400,0.29,10,1,1.0,1.0,6
400,0.29,11,1,1.0,1.0,5
400,0.29,12,1,1.0,1.0,5
400,0.29,13,1,1.0,1.0,8
400,0.29,14,1,1.0,1.0,6
400,0.29,15,1,1.0,1.0,6
400,0.29,16,1,1.0,1.0,6
400,0.29,17,1,1.0,1.0,6
400,0.29,18,1,1.0,1.0,6
400,0.29,19,1,1.0,1.0,6
400,0.29,20,1,1.0,1.0,6
400,0.29,21,1,1.0,1.0,6
400,0.29,22,1,1.0,1.0,6
400,0.29,23,1,1.0,1.0,5
400,0.29,24,1,1.0,1.0,6
400,0.29,25,1,1.0,1.0,6
400,0.29,26,1,1.0,1.0,13
400,0.29,27,1,1.0,1.0,6
400,0.29,28,1,1.0,1.0,6
400,0.29,29,1,1.0,1.0,7
400,0.3,0,1,1.0,1.0,5
400,0.3,1,1,1.0,1.0,5
400,0.3,2,1,1.0,1.0,5
400,0.3,3,1,1.0,1.0,6
400,0.3,4,1,1.0,1.0,6
400,0.3,5,1,1.0,1.0,5
400,0.3,6,1,1.0,1.0,5
400,0.3,7,1,1.0,1.0,6
400,0.3,8,1,1.0,1.0,6
400,0.3,9,1,1.0,1.0,5
400,0.3,10,1,1.0,1.0,6
400,0.3,11,1,1.0,1.0,5
400,0.3,12,1,1.0,1.0,5
400,0.3,13,1,1.0,1.0,6
400,0.3,14,1,1.0,1.0,5
400,0.3,15,1,1.0,1.0,6
400,0.3,16,1,1.0,1.0,6
400,0.3,17,1,1.0,1.0,5
400,0.3,18,1,1.0,1.0,6
400,0.3,19,1,1.0,1.0,5
400,0.3,20,1,1.0,1.0,6
400,0.3,21,1,1.0,1.0,6
400,0.3,22,1,1.0,1.0,5
400,0.3,23,1,1.0,1.0,5
400,0.3,24,1,1.0,1.0,5
400,0.3,25,1,1.0,1.0,5
400,0.3,26,1,1.0,1.0,7
400,0.3,27,1,1.0,1.0,5
400,0.3,28,1,1.0,1.0,5
400,0.3,29,1,1.0,1.0,6
400,0.31,0,1,1.0,1.0,5
400,0.31,1,1,1.0,1.0,5
400,0.31,2,1,1.0,1.0,5
400,0.31,3,1,1.0,1.0,6
400,0.31,4,1,1.0,1.0,5
400,0.31,5,1,1.0,1.0,5
400,0.31,6,1,1.0,1.0,5
400,0.31,7,1,1.0,1.0,5
400,0.31,8,1,1.0,1.0,5
400,0.31,9,1,1.0,1.0,5
400,0.31,10,1,1.0,1.0,5
400,0.31,11,1,1.0,1.0,5
400,0.31,12,1,1.0,1.0,5
400,0.31,13,1,1.0,1.0,6
400,0.31,14,1,1.0,1.0,5
400,0.31,15,1,1.0,1.0,5
400,0.31,16,1,1.0,1.0,5
400,0.31,17,1,1.0,1.0,5
400,0.31,18,1,1.0,1.0,5
400,0.31,19,1,1.0,1.0,5
400,0.31,20,1,1.0,1.0,5
400,0.31,21,1,1.0,1.0,5
400,0.31,22,1,1.0,1.0,5
400,0.31,23,1,1.0,1.0,5
400,0.31,24,1,1.0,1.0,5
400,0.31,25,1,1.0,1.0,5
400,0.31,26,1,1.0,1.0,6
400,0.31,27,1,1.0,1.0,5
400,0.31,28,1,1.0,1.0,5
400,0.31,29,1,1.0,1.0,6
400,0.32,0,1,1.0,1.0,5
400,0.32,1,1,1.0,1.0,5
400,0.32,2,1,1.0,1.0,5
400,0.32,3,1,1.0,1.0,5
400,0.32,4,1,1.0,1.0,5
400,0.32,5,1,1.0,1.0,5
400,0.32,6,1,1.0,1.0,5
400,0.32,7,1,1.0,1.0,5
400,0.32,8,1,1.0,1.0,5
400,0.32,9,1,1.0,1.0,5
400,0.32,10,1,1.0,1.0,5
400,0.32,11,1,1.0,1.0,5
400,0.32,12,1,1.0,1.0,5
400,0.32,13,1,1.0,1.0,5
400,0.32,14,1,1.0,1.0,5
400,0.32,15,1,1.0,1.0,5
400,0.32,16,1,1.0,1.0,5
400,0.32,17,1,1.0,1.0,5
400,0.32,18,1,1.0,1.0,5
400,0.32,19,1,1.0,1.0,5
400,0.32,20,1,1.0,1.0,5
400,0.32,21,1,1.0,1.0,5
400,0.32,22,1,1.0,1.0,5
400,0.32,23,1,1.0,1.0,5
400,0.32,24,1,1.0,1.0,5
400,0.32,25,1,1.0,1.0,5
400,0.32,26,1,1.0,1.0,6
400,0.32,27,1,1.0,1.0,5
400,0.32,28,1,1.0,1.0,5
400,0.32,29,1,1.0,1.0,5
400,0.33,0,1,1.0,1.0,5
400,0.33,1,1,1.0,1.0,5
400,0.33,2,1,1.0,1.0,5
400,0.33,3,1,1.0,1.0,5
400,0.33,4,1,1.0,1.0,5
400,0.33,5,1,1.0,1.0,5
400,0.33,6,1,1.0,1.0,5
400,0.33,7,1,1.0,1.0,5
400,0.33,8,1,1.0,1.0,5
400,0.33,9,1,1.0,1.0,5
400,0.33,10,1,1.0,1.0,5
400,0.33,11,1,1.0,1.0,5
400,0.33,12,1,1.0,1.0,5
400,0.33,13,1,1.0,1.0,5
400,0.33,14,1,1.0,1.0,5
400,0.33,15,1,1.0,1.0,5
400,0.33,16,1,1.0,1.0,5
400,0.33,17,1,1.0,1.0,5
400,0.33,18,1,1.0,1.0,5
400,0.33,19,1,1.0,1.0,5
400,0.33,20,1,1.0,1.0,5
400,0.33,21,1,1.0,1.0,5
400,0.33,22,1,1.0,1.0,5
400,0.33,23,1,1.0,1.0,5
400,0.33,24,1,1.0,1.0,5
400,0.33,25,1,1.0,1.0,5
400,0.33,26,1,1.0,1.0,5
400,0.33,27,1,1.0,1.0,5
400,0.33,28,1,1.0,1.0,5
400,0.33,29,1,1.0,1.0,5
400,0.34,0,1,1.0,1.0,5
400,0.34,1,1,1.0,1.0,4
400,0.34,2,1,1.0,1.0,5
400,0.34,3,1,1.0,1.0,5
400,0.34,4,1,1.0,1.0,5
400,0.34,5,1,1.0,1.0,5
400,0.34,6,1,1.0,1.0,5
400,0.34,7,1,1.0,1.0,5
400,0.34,8,1,1.0,1.0,5
400,0.34,9,1,1.0,1.0,5
400,0.34,10,1,1.0,1.0,5
400,0.34,11,1,1.0,1.0,5
400,0.34,12,1,1.0,1.0,5
400,0.34,13,1,1.0,1.0,5
400,0.34,14,1,1.0,1.0,5
400,0.34,15,1,1.0,1.0,5
400,0.34,16,1,1.0,1.0,5
400,0.34,17,1,1.0,1.0,5
400,0.34,18,1,1.0,1.0,5
400,0.34,19,1,1.0,1.0,5
400,0.34,20,1,1.0,1.0,5
400,0.34,21,1,1.0,1.0,5
400,0.34,22,1,1.0,1.0,5
400,0.34,23,1,1.0,1.0,5
400,0.34,24,1,1.0,1.0,5
400,0.34,25,1,1.0,1.0,5
400,0.34,26,1,1.0,1.0,5
400,0.34,27,1,1.0,1.0,5
400,0.34,28,1,1.0,1.0,5
400,0.34,29,1,1.0,1.0,5
400,0.35,0,1,1.0,1.0,5
400,0.35,1,1,1.0,1.0,4
400,0.35,2,1,1.0,1.0,5
400,0.35,3,1,1.0,1.0,5
400,0.35,4,1,1.0,1.0,5
400,0.35,5,1,1.0,1.0,5
400,0.35,6,1,1.0,1.0,4
400,0.35,7,1,1.0,1.0,5
400,0.35,8,1,1.0,1.0,5
400,0.35,9,1,1.0,1.0,4
400,0.35,10,1,1.0,1.0,5
400,0.35,11,1,1.0,1.0,5
400,0.35,12,1,1.0,1.0,4
400,0.35,13,1,1.0,1.0,5
400,0.35,14,1,1.0,1.0,4
400,0.35,15,1,1.0,1.0,5
400,0.35,16,1,1.0,1.0,5
400,0.35,17,1,1.0,1.0,4
400,0.35,18,1,1.0,1.0,5
400,0.35,19,1,1.0,1.0,5
400,0.35,20,1,1.0,1.0,5
400,0.35,21,1,1.0,1.0,5
400,0.35,22,1,1.0,1.0,5
400,0.35,23,1,1.0,1.0,4
400,0.35,24,1,1.0,1.0,5
400,0.35,25,1,1.0,1.0,4
400,0.35,26,1,1.0,1.0,5
400,0.35,27,1,1.0,1.0,4
400,0.35,28,1,1.0,1.0,4
400,0.35,29,1,1.0,1.0,5
800,0.12,0,4,3.8730135676506543,0.3025,8
800,0.12,1,4,3.963191855640737,0.27125,8
800,0.12,2,3,2.529664266120681,0.53375,9
800,0.12,3,2,1.9864795237415345,0.54125,8
800,0.12,4,3,2.885560475035393,0.42375,9
800,0.12,5,3,2.7628363969159837,0.46375,16
800,0.12,6,3,2.9425828520984294,0.395,10
800,0.12,7,3,2.9232020023933716,0.40875,9
800,0.12,8,3,2.8540594536259936,0.42,8
800,0.12,9,3,2.7093158130910755,0.47625,10
800,0.12,10,3,2.974060615072911,0.37125,9
800,0.12,11,3,2.7405707238532426,0.4775,9
800,0.12,12,4,3.9453081655549935,0.29625,8
800,0.12,13,4,2.8244847521955956,0.44125,9
800,0.12,14,3,2.9618385612869194,0.38625,9
800,0.12,15,4,2.911658462462354,0.41,8
800,0.12,16,3,2.878836949872252,0.4075,8
800,0.12,17,3,2.9299468031533555,0.37875,9
800,0.12,18,3,2.6327047750682855,0.4675,8
800,0.12,19,4,3.00664280143943,0.39375,10
800,0.13,0,3,2.7845215408846076,0.46375,9
800,0.13,1,3,2.5684450473155738,0.525,20
800,0.13,2,3,1.9948507913947124,0.535,10
800,0.13,3,3,1.991003154495623,0.54125,8
800,0.13,4,3,1.9725203262055486,0.57125,105
800,0.13,5,3,2.717114424481201,0.485,9
800,0.13,6,3,2.993423822040954,0.355,9
800,0.13,7,3,2.960879381176209,0.3875,9
800,0.13,8,3,2.9639509466118334,0.385,8
800,0.13,9,3,2.7711145942482056,0.45875,9
800,0.13,10,3,2.974060615072911,0.37125,8
800,0.13,11,3,2.774815084588503,0.4675,8
800,0.13,12,3,2.535175560907593,0.535,19
800,0.13,13,3,1.9967428132858276,0.55125,14
800,0.13,14,3,2.951729990499119,0.3925,9
800,0.13,15,3,2.9134345751848207,0.4075,8
800,0.13,16,3,2.9184298847220194,0.395,8
800,0.13,17,3,2.995329158593319,0.35125,8
800,0.13,18,3,2.666377809070684,0.455,9
800,0.13,19,3,2.958826085750479,0.37625,8
800,0.14,0,3,2.8403795457167966,0.445,9
800,0.14,1,3,2.614400444448076,0.5125,9
800,0.14,2,3,2.006810613519632,0.53,9
800,0.14,3,3,1.994664273069539,0.5425,8
800,0.14,4,3,2.0793127871238553,0.57625,9
800,0.14,5,2,1.9864795237415345,0.54125,11
800,0.14,6,2,1.7872701682268046,0.6725,55
800,0.14,7,3,2.993423822040954,0.355,9
800,0.14,8,3,2.9786006161980025,0.37,8
800,0.14,9,3,2.8003605464203516,0.45125,8
800,0.14,10,3,2.9668363326194385,0.3775,8
800,0.14,11,3,2.850093964035377,0.44125,8
800,0.14,12,2,1.9848038455574508,0.54375,18
800,0.14,13,3,2.0054774603134815,0.55125,8
800,0.14,14,3,2.995245048485529,0.35,8
800,0.14,15,3,2.9338149679572396,0.39625,8
800,0.14,16,3,2.9264099351617303,0.39375,7
800,0.14,17,3,2.995104875469155,0.35125,7
800,0.14,18,3,2.6257056583956935,0.455,8
800,0.14,19,3,2.9637587870817166,0.37625,8
800,0.15,0,3,2.9562839510735004,0.39,8
800,0.15,1,3,2.6903642921399324,0.49125,9
800,0.15,2,3,1.9986633938553593,0.5275,8
800,0.15,3,3,2.0017139675847444,0.53875,9
800,0.15,4,3,2.0216442285216094,0.58875,10
800,0.15,5,2,1.9530773174483045,0.5775,10
800,0.15,6,2,1.8035891423933625,0.665,15
800,0.15,7,3,2.9779630732578917,0.37,8
800,0.15,8,3,2.968763046321981,0.375,8
800,0.15,9,3,2.8901995140852064,0.42125,8
800,0.15,10,2,1.9096610948325763,0.60875,11
800,0.15,11,3,2.8601051088627507,0.4375,7
800,0.15,12,2,1.9963940133134526,0.52125,11
800,0.15,13,3,2.009835633129628,0.55125,9
800,0.15,14,2,1.7789538639433848,0.67625,71
800,0.15,15,3,2.9453183244820385,0.38875,8
800,0.15,16,3,2.920214270722114,0.395,8
800,0.15,17,3,2.995329158593319,0.35125,7
800,0.15,18,3,2.5212931082028693,0.46625,8
800,0.15,19,2,1.9116346866113882,0.6075,45
800,0.16,0,3,2.9864954409280533,0.365,8
800,0.16,1,2,1.8733608092918694,0.63,10
800,0.16,2,3,2.004459923329408,0.525,9
800,0.16,3,3,2.0261243407181344,0.53625,9
800,0.16,4,2,1.9036287923854847,0.6125,9
800,0.16,5,2,1.9469931125118645,0.5825,9
800,0.16,6,2,1.829784314173967,0.6525,8
800,0.16,7,2,1.8089315997738835,0.6625,89
800,0.16,8,3,2.9187226939810467,0.40125,8
800,0.16,9,3,2.964857177270664,0.37625,8
800,0.16,10,2,1.919339747126988,0.6025,18
800,0.16,11,2,1.6940179989412387,0.7125,30
800,0.16,12,2,1.9950124688279303,0.525,9
800,0.16,13,2,1.9792059673059916,0.55125,7
800,0.16,14,2,1.8142235123367199,0.66,16
800,0.16,15,3,2.8844160409587074,0.40625,7
800,0.16,16,3,2.9107844564110024,0.395,7
800,0.16,17,3,2.98794550734381,0.36125,7
800,0.16,18,3,2.460932693490833,0.47,8
800,0.16,19,2,1.917442132195651,0.60375,15
800,0.17,0,2,1.7534246575342465,0.6875,46
800,0.17,1,2,1.8953303797768246,0.6175,10
800,0.17,2,2,1.9939682460556813,0.5275,8
800,0.17,3,3,2.019857726271406,0.53875,9
800,0.17,4,2,1.919339747126988,0.6025,8
800,0.17,5,2,1.9601957745529834,0.57125,9
800,0.17,6,2,1.8641066268990587,0.635,8
800,0.17,7,2,1.8448482612305137,0.645,9
800,0.17,8,2,1.8115839471017485,0.66125,15
800,0.17,9,2,1.832330323349042,0.65125,24
800,0.17,10,2,1.923076923076923,0.6,9
800,0.17,11,2,1.7300663912977658,0.6975,20
800,0.17,12,2,1.9355346007052603,0.59125,9
800,0.17,13,2,1.9792059673059916,0.55125,8
800,0.17,14,2,1.8220640569395017,0.65625,8
800,0.17,15,2,1.9389121491023442,0.58875,9
800,0.17,16,2,1.9303156066016793,0.595,94
800,0.17,17,2,1.8910741301059,0.62,13
800,0.17,18,3,2.3373189490829676,0.48125,8
800,0.17,19,2,1.9116346866113882,0.6075,10
800,0.18,0,2,1.7927572606669055,0.67,8
800,0.18,1,1,1.0,1.0,58
800,0.18,2,2,1.9922178988326849,0.53125,8
800,0.18,3,2,1.9839301656581685,0.545,8
800,0.18,4,2,1.9320754716981132,0.59375,7
800,0.18,5,2,1.9934092905331746,0.52875,10
800,0.18,6,2,1.8953303797768246,0.6175,8
800,0.18,7,2,1.8617531897068322,0.63625,8
800,0.18,8,2,1.8617531897068322,0.63625,10
800,0.18,9,2,1.7388941719875017,0.69375,25
800,0.18,10,2,1.9285356990037907,0.59625,8
800,0.18,11,2,1.7789538639433848,0.67625,14
800,0.18,12,2,1.9485462018572082,0.58125,8
800,0.18,13,2,1.9792059673059916,0.55125,7
800,0.18,14,2,1.8569994370970453,0.63875,8
800,0.18,15,2,1.9405700424499694,0.5875,8
800,0.18,16,2,1.9338151756145907,0.5925,13
800,0.18,17,2,1.9212180522451237,0.60125,8
800,0.18,18,3,2.19552524510981,0.49375,9
800,0.18,19,2,1.950078003120125,0.58,9
800,0.19,0,2,1.8823529411764706,0.625,8
800,0.19,1,1,1.0,1.0,44
800,0.19,2,2,1.990247785849338,0.535,8
800,0.19,3,2,1.9856536523616868,0.5425,8
800,0.19,4,2,1.943823500826125,0.585,7
800,0.19,5,2,1.998750780762024,0.5125,8
800,0.19,6,2,1.9372336303758233,0.59,8
800,0.19,7,2,1.884558983751568,0.62375,7
800,0.19,8,2,1.9096610948325763,0.60875,10
800,0.19,9,2,1.8867479540576872,0.6225,9
800,0.19,10,2,1.9792059673059916,0.55125,8
800,0.19,11,2,1.919339747126988,0.6025,9
800,0.19,12,2,1.9654933081095023,0.56625,8
800,0.19,13,2,1.9839301656581685,0.545,7
800,0.19,14,2,1.8801299639837605,0.62625,7
800,0.19,15,2,1.9642024110584597,0.5675,7
800,0.19,16,2,1.9716088328075707,0.56,8
800,0.19,17,2,1.9559902200488999,0.575,8
800,0.19,18,2,1.9888129272840274,0.5375,9
800,0.19,19,2,1.9954976584082162,0.52375,8
800,0.2,0,2,1.9015812836862154,0.61375,8
800,0.2,1,1,1.0,1.0,20
800,0.2,2,2,1.9864795237415345,0.54125,7
800,0.2,3,2,1.9888129272840274,0.5375,7
800,0.2,4,2,1.9454188425973775,0.58375,8
800,0.2,5,1,1.0,1.0,48
800,0.2,6,1,1.0,1.0,76
800,0.2,7,2,1.919339747126988,0.6025,8
800,0.2,8,2,1.9559902200488999,0.575,8
800,0.2,9,2,1.919339747126988,0.6025,8
800,0.2,10,2,1.9971914495241065,0.51875,8
800,0.2,11,1,1.0,1.0,17
800,0.2,12,2,1.9811665356207555,0.54875,8
800,0.2,13,2,1.9880592193139954,0.53875,7
800,0.2,14,2,1.923076923076923,0.6,8
800,0.2,15,2,1.990247785849338,0.535,8
800,0.2,16,2,1.9992003198720512,0.51,8
800,0.2,17,2,1.9811665356207555,0.54875,8
800,0.2,18,2,1.9939682460556813,0.5275,8
800,0.2,19,2,1.9992003198720512,0.51,8
800,0.21,0,2,1.923076923076923,0.6,9
800,0.21,1,1,1.0,1.0,17
800,0.21,2,2,1.9856536523616868,0.5425,7
800,0.21,3,2,1.9888129272840274,0.5375,7
800,0.21,4,2,1.9530773174483045,0.5775,7
800,0.21,5,1,1.0,1.0,60
800,0.21,6,1,1.0,1.0,93
800,0.21,7,2,1.9485462018572082,0.58125,8
800,0.21,8,2,1.9667617268167963,0.565,8
800,0.21,9,1,1.0,1.0,70
800,0.21,10,2,1.9984886429637583,0.51375,7
800,0.21,11,1,1.0,1.0,13
800,0.21,12,1,1.0,1.0,36
800,0.21,13,2,1.9915855510468272,0.5325,7
800,0.21,14,2,1.943823500826125,0.585,7
800,0.21,15,2,1.996805111821086,0.52,7
800,0.21,16,2,1.999950001249969,0.5025,8
800,0.21,17,1,1.0,1.0,56
800,0.21,18,2,1.9934092905331746,0.52875,7
800,0.21,19,1,1.0,1.0,46
800,0.22,0,1,1.0,1.0,31
800,0.22,1,1,1.0,1.0,8
800,0.22,2,1,1.0,1.0,206
800,0.22,3,2,1.9915855510468272,0.5325,7
800,0.22,4,2,1.9692307692307693,0.5625,7
800,0.22,5,1,1.0,1.0,33
800,0.22,6,1,1.0,1.0,16
800,0.22,7,1,1.0,1.0,60
800,0.22,8,2,1.977151542487133,0.55375,7
800,0.22,9,1,1.0,1.0,30
800,0.22,10,2,1.9992003198720512,0.51,7
800,0.22,11,1,1.0,1.0,12
800,0.22,12,1,1.0,1.0,24
800,0.22,13,2,1.9954976584082162,0.52375,7
800,0.22,14,2,1.9628891274344427,0.56875,7
800,0.22,15,2,1.998750780762024,0.5125,6
800,0.22,16,2,1.9998875063277688,0.50375,7
800,0.22,17,1,1.0,1.0,37
800,0.22,18,2,1.9959581846760313,0.5225,6
800,0.22,19,1,1.0,1.0,36
800,0.23,0,1,1.0,1.0,20
800,0.23,1,1,1.0,1.0,7
800,0.23,2,1,1.0,1.0,34
800,0.23,3,1,1.0,1.0,128
800,0.23,4,2,1.9738952355103752,0.5575,6
800,0.23,5,1,1.0,1.0,14
800,0.23,6,1,1.0,1.0,8
800,0.23,7,2,1.9588158957909942,0.5725,7
800,0.23,8,1,1.0,1.0,45
800,0.23,9,1,1.0,1.0,9
800,0.23,10,2,1.999950001249969,0.5025,7
800,0.23,11,1,1.0,1.0,8
800,0.23,12,1,1.0,1.0,10
800,0.23,13,2,1.9963940133134526,0.52125,6
800,0.23,14,1,1.0,1.0,16
800,0.23,15,1,1.0,1.0,34
800,0.23,16,2,2.0,0.5,7
800,0.23,17,1,1.0,1.0,18
800,0.23,18,2,1.9959581846760313,0.5225,6
800,0.23,19,1,1.0,1.0,12
800,0.24,0,1,1.0,1.0,10
800,0.24,1,1,1.0,1.0,7
800,0.24,2,1,1.0,1.0,11
800,0.24,3,1,1.0,1.0,223
800,0.24,4,2,1.9692307692307693,0.5625,7
800,0.24,5,1,1.0,1.0,10
800,0.24,6,1,1.0,1.0,7
800,0.24,7,1,1.0,1.0,26
800,0.24,8,1,1.0,1.0,18
800,0.24,9,1,1.0,1.0,8
800,0.24,10,1,1.0,1.0,71
800,0.24,11,1,1.0,1.0,7
800,0.24,12,1,1.0,1.0,8
800,0.24,13,2,1.996805111821086,0.52,6
800,0.24,14,1,1.0,1.0,10
800,0.24,15,1,1.0,1.0,17
800,0.24,16,1,1.0,1.0,25
800,0.24,17,1,1.0,1.0,9
800,0.24,18,1,1.0,1.0,76
800,0.24,19,1,1.0,1.0,10
800,0.25,0,1,1.0,1.0,8
800,0.25,1,1,1.0,1.0,6
800,0.25,2,1,1.0,1.0,8
800,0.25,3,1,1.0,1.0,53
800,0.25,4,1,1.0,1.0,207
800,0.25,5,1,1.0,1.0,8
800,0.25,6,1,1.0,1.0,6
800,0.25,7,1,1.0,1.0,13
800,0.25,8,1,1.0,1.0,12
800,0.25,9,1,1.0,1.0,7
800,0.25,10,1,1.0,1.0,34
800,0.25,11,1,1.0,1.0,7
800,0.25,12,1,1.0,1.0,7
800,0.25,13,1,1.0,1.0,226
800,0.25,14,1,1.0,1.0,8
800,0.25,15,1,1.0,1.0,12
800,0.25,16,1,1.0,1.0,21
800,0.25,17,1,1.0,1.0,8
800,0.25,18,1,1.0,1.0,51
800,0.25,19,1,1.0,1.0,9
800,0.26,0,1,1.0,1.0,7
800,0.26,1,1,1.0,1.0,6
800,0.26,2,1,1.0,1.0,7
800,0.26,3,1,1.0,1.0,26
800,0.26,4,1,1.0,1.0,65
800,0.26,5,1,1.0,1.0,7
800,0.26,6,1,1.0,1.0,6
800,0.26,7,1,1.0,1.0,8
800,0.26,8,1,1.0,1.0,8
800,0.26,9,1,1.0,1.0,7
800,0.26,10,1,1.0,1.0,21
800,0.26,11,1,1.0,1.0,6
800,0.26,12,1,1.0,1.0,6
800,0.26,13,1,1.0,1.0,44
800,0.26,14,1,1.0,1.0,7
800,0.26,15,1,1.0,1.0,8
800,0.26,16,1,1.0,1.0,14
800,0.26,17,1,1.0,1.0,7
800,0.26,18,1,1.0,1.0,15
800,0.26,19,1,1.0,1.0,7
800,0.27,0,1,1.0,1.0,6
800,0.27,1,1,1.0,1.0,6
800,0.27,2,1,1.0,1.0,6
800,0.27,3,1,1.0,1.0,18
800,0.27,4,1,1.0,1.0,21
800,0.27,5,1,1.0,1.0,6
800,0.27,6,1,1.0,1.0,6
800,0.27,7,1,1.0,1.0,7
800,0.27,8,1,1.0,1.0,7
800,0.27,9,1,1.0,1.0,6
800,0.27,10,1,1.0,1.0,10
800,0.27,11,1,1.0,1.0,6
800,0.27,12,1,1.0,1.0,6
800,0.27,13,1,1.0,1.0,22
800,0.27,14,1,1.0,1.0,6
800,0.27,15,1,1.0,1.0,7
800,0.27,16,1,1.0,1.0,8
800,0.27,17,1,1.0,1.0,6
800,0.27,18,1,1.0,1.0,9
800,0.27,19,1,1.0,1.0,6
800,0.28,0,1,1.0,1.0,6
800,0.28,1,1,1.0,1.0,5
800,0.28,2,1,1.0,1.0,6
800,0.28,3,1,1.0,1.0,9
800,0.28,4,1,1.0,1.0,10
800,0.28,5,1,1.0,1.0,6
800,0.28,6,1,1.0,1.0,5
800,0.28,7,1,1.0,1.0,6
800,0.28,8,1,1.0,1.0,6
800,0.28,9,1,1.0,1.0,6
800,0.28,10,1,1.0,1.0,7
800,0.28,11,1,1.0,1.0,6
800,0.28,12,1,1.0,1.0,6
800,0.28,13,1,1.0,1.0,12
800,0.28,14,1,1.0,1.0,6
800,0.28,15,1,1.0,1.0,6
800,0.28,16,1,1.0,1.0,7
800,0.28,17,1,1.0,1.0,6
800,0.28,18,1,1.0,1.0,7
800,0.28,19,1,1.0,1.0,6
800,0.29,0,1,1.0,1.0,6
800,0.29,1,1,1.0,1.0,5
800,0.29,2,1,1.0,1.0,5
800,0.29,3,1,1.0,1.0,7
800,0.29,4,1,1.0,1.0,7
800,0.29,5,1,1.0,1.0,6
800,0.29,6,1,1.0,1.0,5
800,0.29,7,1,1.0,1.0,6
800,0.29,8,1,1.0,1.0,6
800,0.29,9,1,1.0,1.0,6
800,0.29,10,1,1.0,1.0,6
800,0.29,11,1,1.0,1.0,5
800,0.29,12,1,1.0,1.0,5
800,0.29,13,1,1.0,1.0,9
800,0.29,14,1,1.0,1.0,6
800,0.29,15,1,1.0,1.0,6
800,0.29,16,1,1.0,1.0,6
800,0.29,17,1,1.0,1.0,6
800,0.29,18,1,1.0,1.0,6
800,0.29,19,1,1.0,1.0,6
800,0.3,0,1,1.0,1.0,5
800,0.3,1,1,1.0,1.0,5
800,0.3,2,1,1.0,1.0,5
800,0.3,3,1,1.0,1.0,6
800,0.3,4,1,1.0,1.0,6
800,0.3,5,1,1.0,1.0,5
800,0.3,6,1,1.0,1.0,5
800,0.3,7,1,1.0,1.0,6
800,0.3,8,1,1.0,1.0,6
800,0.3,9,1,1.0,1.0,5
800,0.3,10,1,1.0,1.0,6
800,0.3,11,1,1.0,1.0,5
800,0.3,12,1,1.0,1.0,5
800,0.3,13,1,1.0,1.0,7
800,0.3,14,1,1.0,1.0,5
800,0.3,15,1,1.0,1.0,6
800,0.3,16,1,1.0,1.0,6
800,0.3,17,1,1.0,1.0,5
800,0.3,18,1,1.0,1.0,6
800,0.3,19,1,1.0,1.0,5
800,0.31,0,1,1.0,1.0,5
800,0.31,1,1,1.0,1.0,5
800,0.31,2,1,1.0,1.0,5
800,0.31,3,1,1.0,1.0,6
800,0.31,4,1,1.0,1.0,6
800,0.31,5,1,1.0,1.0,5
800,0.31,6,1,1.0,1.0,5
800,0.31,7,1,1.0,1.0,5
800,0.31,8,1,1.0,1.0,5
800,0.31,9,1,1.0,1.0,5
800,0.31,10,1,1.0,1.0,5
800,0.31,11,1,1.0,1.0,5
800,0.31,12,1,1.0,1.0,5
800,0.31,13,1,1.0,1.0,6
800,0.31,14,1,1.0,1.0,5
800,0.31,15,1,1.0,1.0,5
800,0.31,16,1,1.0,1.0,5
800,0.31,17,1,1.0,1.0,5
800,0.31,18,1,1.0,1.0,5
800,0.31,19,1,1.0,1.0,5
800,0.32,0,1,1.0,1.0,5
800,0.32,1,1,1.0,1.0,5
800,0.32,2,1,1.0,1.0,5
800,0.32,3,1,1.0,1.0,5
800,0.32,4,1,1.0,1.0,5
800,0.32,5,1,1.0,1.0,5
800,0.32,6,1,1.0,1.0,5
800,0.32,7,1,1.0,1.0,5
800,0.32,8,1,1.0,1.0,5
800,0.32,9,1,1.0,1.0,5
800,0.32,10,1,1.0,1.0,5
800,0.32,11,1,1.0,1.0,5
800,0.32,12,1,1.0,1.0,5
800,0.32,13,1,1.0,1.0,5
800,0.32,14,1,1.0,1.0,5
800,0.32,15,1,1.0,1.0,5
800,0.32,16,1,1.0,1.0,5
800,0.32,17,1,1.0,1.0,5
800,0.32,18,1,1.0,1.0,5
800,0.32,19,1,1.0,1.0,5
800,0.33,0,1,1.0,1.0,5
800,0.33,1,1,1.0,1.0,5
800,0.33,2,1,1.0,1.0,5
800,0.33,3,1,1.0,1.0,5
800,0.33,4,1,1.0,1.0,5
800,0.33,5,1,1.0,1.0,5
800,0.33,6,1,1.0,1.0,5
800,0.33,7,1,1.0,1.0,5
800,0.33,8,1,1.0,1.0,5
800,0.33,9,1,1.0,1.0,5
800,0.33,10,1,1.0,1.0,5
800,0.33,11,1,1.0,1.0,5
800,0.33,12,1,1.0,1.0,5
800,0.33,13,1,1.0,1.0,5
800,0.33,14,1,1.0,1.0,5
800,0.33,15,1,1.0,1.0,5
800,0.33,16,1,1.0,1.0,5
800,0.33,17,1,1.0,1.0,5
800,0.33,18,1,1.0,1.0,5
800,0.33,19,1,1.0,1.0,5
800,0.34,0,1,1.0,1.0,5
800,0.34,1,1,1.0,1.0,5
800,0.34,2,1,1.0,1.0,5
800,0.34,3,1,1.0,1.0,5
800,0.34,4,1,1.0,1.0,5
800,0.34,5,1,1.0,1.0,5
800,0.34,6,1,1.0,1.0,4
800,0.34,7,1,1.0,1.0,5
800,0.34,8,1,1.0,1.0,5
800,0.34,9,1,1.0,1.0,5
800,0.34,10,1,1.0,1.0,5
800,0.34,11,1,1.0,1.0,5
800,0.34,12,1,1.0,1.0,5
800,0.34,13,1,1.0,1.0,5
800,0.34,14,1,1.0,1.0,5
800,0.34,15,1,1.0,1.0,5
800,0.34,16,1,1.0,1.0,5
800,0.34,17,1,1.0,1.0,5
800,0.34,18,1,1.0,1.0,5
800,0.34,19,1,1.0,1.0,5
800,0.35,0,1,1.0,1.0,5
800,0.35,1,1,1.0,1.0,4
800,0.35,2,1,1.0,1.0,4
800,0.35,3,1,1.0,1.0,5
800,0.35,4,1,1.0,1.0,5
800,0.35,5,1,1.0,1.0,4
800,0.35,6,1,1.0,1.0,4
800,0.35,7,1,1.0,1.0,5
800,0.35,8,1,1.0,1.0,5
800,0.35,9,1,1.0,1.0,5
800,0.35,10,1,1.0,1.0,5
800,0.35,11,1,1.0,1.0,4
800,0.35,12,1,1.0,1.0,4
800,0.35,13,1,1.0,1.0,5
800,0.35,14,1,1.0,1.0,5
800,0.35,15,1,1.0,1.0,5
800,0.35,16,1,1.0,1.0,5
800,0.35,17,1,1.0,1.0,5
800,0.35,18,1,1.0,1.0,5
800,0.35,19,1,1.0,1.0,5
